{"version":2,"query":"java","location":"","paginationPayload":"","dupefilter":true,"highlight":true,"totalResults":1192,"start":426,"end":450,"pageNumber":17,"results":[{"jobtitle":"Sr Software Engineer 1167.106","company":"VSP","city":"Rancho Cordova","state":"CA","country":"US","formattedLocation":"Rancho Cordova, CA","source":"VSP Global","date":"Mon, 13 Mar 2017 14:54:57 GMT","snippet":"Core <b>Java</b>, J2EE, HTML5, jQuery, SQL, Junit, AJAX, AngularJS, JavaScript, and JMeter; VSP Global is comprised of five complementary businesses that combine high...","url":"http://www.indeed.com/viewjob?jk=4dff415c4672d51f&qd=usoBPHMd3vYN69bRu-PQwcxBheEzuNOj46oJk2PU6yPPaaBuvSwk2ub69Dxr0mQTERp4f6wFZAqzeyPK_mKiS6m1Aj3izkOw87NHJgxznYA&indpubnum=3338919744720141&atk=1bb5148up1a1u4pp","onmousedown":"indeed_clk(this,'872');","jobkey":"4dff415c4672d51f","sponsored":false,"expired":false,"indeedApply":false,"formattedLocationFull":"Rancho Cordova, CA 95670","formattedRelativeTime":"8 hours ago","stations":""},{"jobtitle":"Sr Software Engineer (Hadoop & NoSQL)","company":"Ishi Systems Inc","city":"Jersey City","state":"NJ","country":"US","formattedLocation":"Jersey City, NJ","source":"Ishi Systems Inc","date":"Mon, 13 Mar 2017 06:49:36 GMT","snippet":"Square4 Strong <b>Java</b> language skills – core and advanced. Implementation of large scale enterprise systems. Senior Software Engineer....","url":"http://www.indeed.com/viewjob?jk=9d83554e67e3443a&qd=usoBPHMd3vYN69bRu-PQwcxBheEzuNOj46oJk2PU6yPPaaBuvSwk2ub69Dxr0mQTERp4f6wFZAqzeyPK_mKiS6m1Aj3izkOw87NHJgxznYA&indpubnum=3338919744720141&atk=1bb5148up1a1u4pp","onmousedown":"indeed_clk(this,'872');","jobkey":"9d83554e67e3443a","sponsored":false,"expired":false,"indeedApply":false,"formattedLocationFull":"Jersey City, NJ 07302","formattedRelativeTime":"16 hours ago","stations":""},{"jobtitle":"Sr. Cloud Software Engineer - AWS","company":"Sears Holdings Management Corporation","city":"Seattle","state":"WA","country":"US","formattedLocation":"Seattle, WA","source":"Sears Holdings Corp.","date":"Mon, 13 Mar 2017 04:52:45 GMT","snippet":"5+ years of <b>JAVA</b> experience. Wally Labs is a product-centric, hardware and software startup within Sears....","url":"http://www.indeed.com/viewjob?jk=c1fb43487afe53a1&qd=usoBPHMd3vYN69bRu-PQwcxBheEzuNOj46oJk2PU6yPPaaBuvSwk2ub69Dxr0mQTERp4f6wFZAqzeyPK_mKiS6m1Aj3izkOw87NHJgxznYA&indpubnum=3338919744720141&atk=1bb5148up1a1u4pp","onmousedown":"indeed_clk(this,'872');","jobkey":"c1fb43487afe53a1","sponsored":false,"expired":false,"indeedApply":false,"formattedLocationFull":"Seattle, WA 98105","formattedRelativeTime":"18 hours ago","stations":""},{"jobtitle":"Java Technology Lead","company":"Seneca Resources","city":"Washington","state":"DC","country":"US","formattedLocation":"Washington, DC","source":"Seneca Resources","date":"Mon, 13 Mar 2017 08:18:06 GMT","snippet":"<b>Java</b> Technology Lead. 7+ years of experience with <b>Java</b> development. Experience with using <b>Java</b> Spring and Hibernate technologies....","url":"http://www.indeed.com/viewjob?jk=7ad63a580d3d5e47&qd=usoBPHMd3vYN69bRu-PQwcxBheEzuNOj46oJk2PU6yPPaaBuvSwk2ub69Dxr0mQTERp4f6wFZAqzeyPK_mKiS6m1Aj3izkOw87NHJgxznYA&indpubnum=3338919744720141&atk=1bb5148up1a1u4pp","onmousedown":"indeed_clk(this,'872');","jobkey":"7ad63a580d3d5e47","sponsored":false,"expired":false,"indeedApply":true,"formattedLocationFull":"Washington, DC 20001","formattedRelativeTime":"15 hours ago","stations":""},{"jobtitle":"Technical Lead-Professional Services","company":"Kony","city":"Chicago","state":"IL","country":"US","formattedLocation":"Chicago, IL","source":"Kony","date":"Mon, 13 Mar 2017 20:41:18 GMT","snippet":"Desirable Skills Experience in iOS, Android and Mobile Web Platforms Understanding of standard pr otocols such as HTTP/HTTPS and session management concepts...","url":"http://www.indeed.com/viewjob?jk=1d028b8df07f7647&qd=usoBPHMd3vYN69bRu-PQwcxBheEzuNOj46oJk2PU6yPPaaBuvSwk2ub69Dxr0mQTERp4f6wFZAqzeyPK_mKiS6m1Aj3izkOw87NHJgxznYA&indpubnum=3338919744720141&atk=1bb5148up1a1u4pp","onmousedown":"indeed_clk(this,'872');","jobkey":"1d028b8df07f7647","sponsored":false,"expired":false,"indeedApply":false,"formattedLocationFull":"Chicago, IL","formattedRelativeTime":"3 hours ago","stations":""},{"jobtitle":"Technical Lead-Professional Services","company":"Kony","city":"","state":"","country":"US","formattedLocation":"United States","source":"Kony","date":"Mon, 13 Mar 2017 20:41:19 GMT","snippet":"Desirable Skills Experience in iOS, Android and Mobile Web Platforms Understanding of standard pr otocols such as HTTP/HTTPS and session management concepts...","url":"http://www.indeed.com/viewjob?jk=49f9cca2dea59a1f&qd=usoBPHMd3vYN69bRu-PQwcxBheEzuNOj46oJk2PU6yPPaaBuvSwk2ub69Dxr0mQTERp4f6wFZAqzeyPK_mKiS6m1Aj3izkOw87NHJgxznYA&indpubnum=3338919744720141&atk=1bb5148up1a1u4pp","onmousedown":"indeed_clk(this,'872');","jobkey":"49f9cca2dea59a1f","sponsored":false,"expired":false,"indeedApply":false,"formattedLocationFull":"United States","formattedRelativeTime":"3 hours ago","stations":""},{"jobtitle":"Technical Lead-Professional Services","company":"Kony","city":"Denver","state":"CO","country":"US","formattedLocation":"Denver, CO","source":"Kony","date":"Mon, 13 Mar 2017 20:41:19 GMT","snippet":"Desirable Skills Experience in iOS, Android and Mobile Web Platforms Understanding of standard pr otocols such as HTTP/HTTPS and session management concepts...","url":"http://www.indeed.com/viewjob?jk=422a4e9a23e4ea8d&qd=usoBPHMd3vYN69bRu-PQwcxBheEzuNOj46oJk2PU6yPPaaBuvSwk2ub69Dxr0mQTERp4f6wFZAqzeyPK_mKiS6m1Aj3izkOw87NHJgxznYA&indpubnum=3338919744720141&atk=1bb5148up1a1u4pp","onmousedown":"indeed_clk(this,'872');","jobkey":"422a4e9a23e4ea8d","sponsored":false,"expired":false,"indeedApply":false,"formattedLocationFull":"Denver, CO","formattedRelativeTime":"3 hours ago","stations":""},{"jobtitle":"3M HIS Sr. Software Engineer (Silver Spring, MD)","company":"3M","city":"Silver Spring","state":"MD","country":"US","formattedLocation":"Silver Spring, MD","source":"3M","date":"Sun, 12 Mar 2017 08:17:03 GMT","snippet":"Experience with <b>Java</b>, JavaScript, HTML5, CSS, JQuery, JSON. 3M is seeking a Sr....","url":"http://www.indeed.com/viewjob?jk=644bcee2088f68a5&qd=usoBPHMd3vYN69bRu-PQwcxBheEzuNOj46oJk2PU6yPPaaBuvSwk2ub69Dxr0mQTERp4f6wFZAqzeyPK_mKiS6m1Aj3izkOw87NHJgxznYA&indpubnum=3338919744720141&atk=1bb5148up1a1u4pp","onmousedown":"indeed_clk(this,'872');","jobkey":"644bcee2088f68a5","sponsored":false,"expired":false,"indeedApply":false,"formattedLocationFull":"Silver Spring, MD","formattedRelativeTime":"1 day ago","stations":""},{"jobtitle":"Amazon (AWS) - Sr Software Engineer - New Development! - Cambridge, MA","company":"Amazon Web Services, Inc.","city":"Cambridge","state":"MA","country":"US","formattedLocation":"Cambridge, MA","source":"Amazon.com","date":"Sun, 12 Mar 2017 06:56:42 GMT","snippet":"C++, C++, object oriented, <b>Java</b>, <b>Java</b>, <b>Java</b>, Linux, Linux, Storage, Storage, Storage, distributed file systems, distributed file systems, virtualization,...","url":"http://www.indeed.com/viewjob?jk=beb3928aadff6ed9&qd=usoBPHMd3vYN69bRu-PQwcxBheEzuNOj46oJk2PU6yPPaaBuvSwk2ub69Dxr0mQTERp4f6wFZAqzeyPK_mKiS6m1Aj3izkOw87NHJgxznYA&indpubnum=3338919744720141&atk=1bb5148up1a1u4pp","onmousedown":"indeed_clk(this,'872');","jobkey":"beb3928aadff6ed9","sponsored":false,"expired":false,"indeedApply":false,"formattedLocationFull":"Cambridge, MA","formattedRelativeTime":"1 day ago","stations":""},{"jobtitle":"Sr. Software Engineer, Productivity Engineering Platform","company":"Box","city":"Redwood City","state":"CA","country":"US","formattedLocation":"Redwood City, CA","source":"Box","date":"Sun, 12 Mar 2017 06:51:43 GMT","snippet":"You have fluency in one of C/C++, <b>Java</b>, Python or Go. As the world's leading enterprise software platform for secure content collaboration, Box helps business...","url":"http://www.indeed.com/viewjob?jk=2ad0922a930fd13f&qd=usoBPHMd3vYN69bRu-PQwcxBheEzuNOj46oJk2PU6yPPaaBuvSwk2ub69Dxr0mQTERp4f6wFZAqzeyPK_mKiS6m1Aj3izkOw87NHJgxznYA&indpubnum=3338919744720141&atk=1bb5148up1a1u4pp","onmousedown":"indeed_clk(this,'872');","jobkey":"2ad0922a930fd13f","sponsored":false,"expired":false,"indeedApply":false,"formattedLocationFull":"Redwood City, CA","formattedRelativeTime":"1 day ago","stations":""},{"jobtitle":"Software Engineer 4","company":"HAAS Automation Inc.","city":"Oxnard","state":"CA","country":"US","formattedLocation":"Oxnard, CA","source":"HAAS Automation Inc.","date":"Mon, 13 Mar 2017 21:32:55 GMT","snippet":"Expertise in C/C++ and <b>Java</b>. Software Engineer Skills and Responsibilities....","url":"http://www.indeed.com/viewjob?jk=d799f0af74dab19a&qd=usoBPHMd3vYN69bRu-PQwcxBheEzuNOj46oJk2PU6yPPaaBuvSwk2ub69Dxr0mQTERp4f6wFZAqzeyPK_mKiS6m1Aj3izkOw87NHJgxznYA&indpubnum=3338919744720141&atk=1bb5148up1a1u4pp","onmousedown":"indeed_clk(this,'872');","jobkey":"d799f0af74dab19a","sponsored":false,"expired":false,"indeedApply":false,"formattedLocationFull":"Oxnard, CA 93030","formattedRelativeTime":"2 hours ago","stations":""},{"jobtitle":"Technical Lead - Merchandise Planning Systems","company":"Sephora","city":"San Francisco","state":"CA","country":"US","formattedLocation":"San Francisco, CA","source":"Sephora","date":"Sun, 12 Mar 2017 20:07:57 GMT","snippet":"Desired Technical Skills – RPAS, Unix Shell scripting, <b>Java</b>, Oracle, PL/SQL technologies. CA-FSC SF Off (0174)....","url":"http://www.indeed.com/viewjob?jk=e9c04a32f3fd385c&qd=usoBPHMd3vYN69bRu-PQwcxBheEzuNOj46oJk2PU6yPPaaBuvSwk2ub69Dxr0mQTERp4f6wFZAqzeyPK_mKiS6m1Aj3izkOw87NHJgxznYA&indpubnum=3338919744720141&atk=1bb5148up1a1u4pp","onmousedown":"indeed_clk(this,'872');","jobkey":"e9c04a32f3fd385c","sponsored":false,"expired":false,"indeedApply":false,"formattedLocationFull":"San Francisco, CA 94105","formattedRelativeTime":"1 day ago","stations":""},{"jobtitle":"Sr. Java Engineer - Application Support","company":"NineEdges","city":"Carrollton","state":"TX","country":"US","formattedLocation":"Carrollton, TX","source":"NineEdges","date":"Mon, 13 Mar 2017 12:23:19 GMT","snippet":"Support <b>Java</b> based web applications. Looking for an experienced <b>Java</b> Developer with 8+ years of experience to do the following....","url":"http://www.indeed.com/viewjob?jk=a6e83abfb34c71e3&qd=usoBPHMd3vYN69bRu-PQwcxBheEzuNOj46oJk2PU6yPPaaBuvSwk2ub69Dxr0mQTERp4f6wFZAqzeyPK_mKiS6m1Aj3izkOw87NHJgxznYA&indpubnum=3338919744720141&atk=1bb5148up1a1u4pp","onmousedown":"indeed_clk(this,'872');","jobkey":"a6e83abfb34c71e3","sponsored":false,"expired":false,"indeedApply":true,"formattedLocationFull":"Carrollton, TX","formattedRelativeTime":"11 hours ago","stations":""},{"jobtitle":"Applications Systems Analyst/Programmer (Intermediate)","company":"Vencore","city":"","state":"MS","country":"US","formattedLocation":"Mississippi","source":"Vencore","date":"Mon, 13 Mar 2017 18:01:04 GMT","snippet":"At least one year experience with a wide range of high level programming languages such as C, C++, FORTRAN, ada, <b>JAVA</b>, HTML or PERL as required....","url":"http://www.indeed.com/viewjob?jk=8bdf74ea7b2b294b&qd=usoBPHMd3vYN69bRu-PQwcxBheEzuNOj46oJk2PU6yPPaaBuvSwk2ub69Dxr0mQTERp4f6wFZAqzeyPK_mKiS6m1Aj3izkOw87NHJgxznYA&indpubnum=3338919744720141&atk=1bb5148up1a1u4pp","onmousedown":"indeed_clk(this,'872');","jobkey":"8bdf74ea7b2b294b","sponsored":false,"expired":false,"indeedApply":false,"formattedLocationFull":"Mississippi","formattedRelativeTime":"5 hours ago","stations":""},{"jobtitle":"Web Content Management Developer","company":"Function1","city":"","state":"IL","country":"US","formattedLocation":"Illinois","source":"Function1","date":"Mon, 13 Mar 2017 10:54:34 GMT","snippet":"Experience implementing software using <b>Java</b>, <b>Java</b> EE technologies (JSP, Servlets, Beans, JDBC, Groovy, Spring), XML....","url":"http://www.indeed.com/viewjob?jk=4d336bb41271dedd&qd=usoBPHMd3vYN69bRu-PQwcxBheEzuNOj46oJk2PU6yPPaaBuvSwk2ub69Dxr0mQTERp4f6wFZAqzeyPK_mKiS6m1Aj3izkOw87NHJgxznYA&indpubnum=3338919744720141&atk=1bb5148up1a1u4pp","onmousedown":"indeed_clk(this,'872');","jobkey":"4d336bb41271dedd","sponsored":false,"expired":false,"indeedApply":true,"formattedLocationFull":"Illinois","formattedRelativeTime":"12 hours ago","stations":""},{"jobtitle":"Java Developer - AWS - Theme Park","company":"TEKSystems","city":"Orlando","state":"FL","country":"US","formattedLocation":"Orlando, FL","source":"TEKSystems","date":"Mon, 13 Mar 2017 17:04:08 GMT","snippet":"TEKsystems is seeking Senior <b>Java</b> Developers for a large enterprise theme park client in South Orlando / Kissimmee, FL area....","url":"http://www.indeed.com/viewjob?jk=304c9e6b1baab826&qd=usoBPHMd3vYN69bRu-PQwcxBheEzuNOj46oJk2PU6yPPaaBuvSwk2ub69Dxr0mQTERp4f6wFZAqzeyPK_mKiS6m1Aj3izkOw87NHJgxznYA&indpubnum=3338919744720141&atk=1bb5148up1a1u4pp","onmousedown":"indeed_clk(this,'872');","jobkey":"304c9e6b1baab826","sponsored":false,"expired":false,"indeedApply":false,"formattedLocationFull":"Orlando, FL","formattedRelativeTime":"6 hours ago","stations":""},{"jobtitle":"Mid Level Java Developer - Large Enterprise Client - Lake Mary","company":"TEKSystems","city":"Orlando","state":"FL","country":"US","formattedLocation":"Orlando, FL","source":"TEKSystems","date":"Mon, 13 Mar 2017 17:04:09 GMT","snippet":"TEKsystems is actively seeking a Mid-Sr level back-end <b>Java</b> developer for an enterprise company in Orlando, FL....","url":"http://www.indeed.com/viewjob?jk=0d7b5cd01638039e&qd=usoBPHMd3vYN69bRu-PQwcxBheEzuNOj46oJk2PU6yPPaaBuvSwk2ub69Dxr0mQTERp4f6wFZAqzeyPK_mKiS6m1Aj3izkOw87NHJgxznYA&indpubnum=3338919744720141&atk=1bb5148up1a1u4pp","onmousedown":"indeed_clk(this,'872');","jobkey":"0d7b5cd01638039e","sponsored":false,"expired":false,"indeedApply":false,"formattedLocationFull":"Orlando, FL","formattedRelativeTime":"6 hours ago","stations":""},{"jobtitle":"Java and Big Data Developer","company":"TEKSystems","city":"Chicago","state":"IL","country":"US","formattedLocation":"Chicago, IL","source":"TEKSystems","date":"Mon, 13 Mar 2017 17:03:56 GMT","snippet":"Big Data and <b>Java</b> Engineer!! Experience building REST and SOAP web services using <b>Java</b>. 3-5 years experience in server side <b>Java</b> programming in a Websphere...","url":"http://www.indeed.com/viewjob?jk=492c859eade36316&qd=usoBPHMd3vYN69bRu-PQwcxBheEzuNOj46oJk2PU6yPPaaBuvSwk2ub69Dxr0mQTERp4f6wFZAqzeyPK_mKiS6m1Aj3izkOw87NHJgxznYA&indpubnum=3338919744720141&atk=1bb5148up1a1u4pp","onmousedown":"indeed_clk(this,'872');","jobkey":"492c859eade36316","sponsored":false,"expired":false,"indeedApply":false,"formattedLocationFull":"Chicago, IL","formattedRelativeTime":"6 hours ago","stations":""},{"jobtitle":"Sr. Java Developer - Theme Park Client - South Orlando","company":"TEKSystems","city":"Orlando","state":"FL","country":"US","formattedLocation":"Orlando, FL","source":"TEKSystems","date":"Mon, 13 Mar 2017 17:03:42 GMT","snippet":"Together we are actively seeking two senior level <b>Java</b> developer for a 18 month contract opportunity. The ideal candidate will have 7+ years of experience...","url":"http://www.indeed.com/viewjob?jk=2e567da4563eef8d&qd=usoBPHMd3vYN69bRu-PQwcxBheEzuNOj46oJk2PU6yPPaaBuvSwk2ub69Dxr0mQTERp4f6wFZAqzeyPK_mKiS6m1Aj3izkOw87NHJgxznYA&indpubnum=3338919744720141&atk=1bb5148up1a1u4pp","onmousedown":"indeed_clk(this,'872');","jobkey":"2e567da4563eef8d","sponsored":false,"expired":false,"indeedApply":false,"formattedLocationFull":"Orlando, FL","formattedRelativeTime":"6 hours ago","stations":""},{"jobtitle":"MID - SR. JAVA BACKEND DEVELOPER","company":"TEKSystems","city":"","state":"NJ","country":"US","formattedLocation":"New Jersey","source":"TEKSystems","date":"Mon, 13 Mar 2017 17:03:33 GMT","snippet":"4+ years <b>Java</b> development (J2EE, Core <b>Java</b> or other). May be enterprise wide initiatives. Core services engineer for a state-of-the-art virtual and augmented...","url":"http://www.indeed.com/viewjob?jk=889659c67b178d7d&qd=usoBPHMd3vYN69bRu-PQwcxBheEzuNOj46oJk2PU6yPPaaBuvSwk2ub69Dxr0mQTERp4f6wFZAqzeyPK_mKiS6m1Aj3izkOw87NHJgxznYA&indpubnum=3338919744720141&atk=1bb5148up1a1u4pp","onmousedown":"indeed_clk(this,'872');","jobkey":"889659c67b178d7d","sponsored":false,"expired":false,"indeedApply":false,"formattedLocationFull":"New Jersey","formattedRelativeTime":"6 hours ago","stations":""},{"jobtitle":"GIS - Infrastructure/Systems Architect Specialized - 26 (6693559)","company":"SOAIS","city":"East Peoria","state":"IL","country":"US","formattedLocation":"East Peoria, IL","source":"SOAIS","date":"Mon, 13 Mar 2017 04:12:39 GMT","snippet":"(Examples below) - Teradata - Websphere Application Server - Tomcat Application Server - Networked Attached Storage (NAS) - Tivoli Storage Management (TSM) -...","url":"http://www.indeed.com/viewjob?jk=24b6dda1c6a92a75&qd=usoBPHMd3vYN69bRu-PQwcxBheEzuNOj46oJk2PU6yPPaaBuvSwk2ub69Dxr0mQTERp4f6wFZAqzeyPK_mKiS6m1Aj3izkOw87NHJgxznYA&indpubnum=3338919744720141&atk=1bb5148up1a1u4pp","onmousedown":"indeed_clk(this,'872');","jobkey":"24b6dda1c6a92a75","sponsored":false,"expired":false,"indeedApply":false,"formattedLocationFull":"East Peoria, IL 61630","formattedRelativeTime":"19 hours ago","stations":""},{"jobtitle":"Senior Front End Engineer - React.js","company":"Appian Corporation","city":"Reston","state":"VA","country":"US","formattedLocation":"Reston, VA","source":"Appian Corporation","date":"Sun, 12 Mar 2017 06:54:15 GMT","snippet":"Professional experience in <b>Java</b> and excellent communication skills. In a Scrum team you will develop simple yet elegant solutions to complex problems using...","url":"http://www.indeed.com/viewjob?jk=fdd7459d2c7bbe04&qd=usoBPHMd3vYN69bRu-PQwcxBheEzuNOj46oJk2PU6yPPaaBuvSwk2ub69Dxr0mQTERp4f6wFZAqzeyPK_mKiS6m1Aj3izkOw87NHJgxznYA&indpubnum=3338919744720141&atk=1bb5148up1a1u4pp","onmousedown":"indeed_clk(this,'872');","jobkey":"fdd7459d2c7bbe04","sponsored":false,"expired":false,"indeedApply":true,"formattedLocationFull":"Reston, VA","formattedRelativeTime":"1 day ago","stations":""},{"jobtitle":"Senior Cloud Engineer","company":"Appian Corporation","city":"Reston","state":"VA","country":"US","formattedLocation":"Reston, VA","source":"Appian Corporation","date":"Sun, 12 Mar 2017 06:54:15 GMT","snippet":"Experience with <b>Java</b> application server platforms such as JBoss, WebLogic, or WebSphere. Appian is hiring Senior Cloud Engineers to join the Appian Cloud team....","url":"http://www.indeed.com/viewjob?jk=52ff372a803997f1&qd=usoBPHMd3vYN69bRu-PQwcxBheEzuNOj46oJk2PU6yPPaaBuvSwk2ub69Dxr0mQTERp4f6wFZAqzeyPK_mKiS6m1Aj3izkOw87NHJgxznYA&indpubnum=3338919744720141&atk=1bb5148up1a1u4pp","onmousedown":"indeed_clk(this,'872');","jobkey":"52ff372a803997f1","sponsored":false,"expired":false,"indeedApply":true,"formattedLocationFull":"Reston, VA","formattedRelativeTime":"1 day ago","stations":""},{"jobtitle":"Cyber Test Support Software Engineer/Orlando, FL","company":"Lockheed Martin","city":"Orlando","state":"FL","country":"US","formattedLocation":"Orlando, FL","source":"Lockheed Martin","date":"Mon, 13 Mar 2017 10:18:45 GMT","snippet":"C/C++ or <b>Java</b> skills used to develop and maintain NCR software. At Lockheed Martin Rotary and Mission Systems, we are driven by innovation and integrity....","url":"http://www.indeed.com/viewjob?jk=4c30e551d0b38544&qd=usoBPHMd3vYN69bRu-PQwcxBheEzuNOj46oJk2PU6yPPaaBuvSwk2ub69Dxr0mQTERp4f6wFZAqzeyPK_mKiS6m1Aj3izkOw87NHJgxznYA&indpubnum=3338919744720141&atk=1bb5148up1a1u4pp","onmousedown":"indeed_clk(this,'872');","jobkey":"4c30e551d0b38544","sponsored":false,"expired":false,"indeedApply":false,"formattedLocationFull":"Orlando, FL 32825","formattedRelativeTime":"13 hours ago","stations":""},{"jobtitle":"Web Developer (WD) Skill Level 1","company":"Minerva Engineering","city":"Hanover","state":"MD","country":"US","formattedLocation":"Hanover, MD","source":"Minerva Engineering","date":"Mon, 13 Mar 2017 20:21:38 GMT","snippet":"<b>Java</b>, CGI, Visual Basic, HTML, XML) to create web page elements such as user interface features, site animation, special effects, databases, and e-business...","url":"http://www.indeed.com/viewjob?jk=eeb3c8290c4f9860&qd=usoBPHMd3vYN69bRu-PQwcxBheEzuNOj46oJk2PU6yPPaaBuvSwk2ub69Dxr0mQTERp4f6wFZAqzeyPK_mKiS6m1Aj3izkOw87NHJgxznYA&indpubnum=3338919744720141&atk=1bb5148up1a1u4pp","onmousedown":"indeed_clk(this,'872');","jobkey":"eeb3c8290c4f9860","sponsored":false,"expired":false,"indeedApply":false,"formattedLocationFull":"Hanover, MD","formattedRelativeTime":"3 hours ago","stations":""}]}