{"version":2,"query":"java","location":"","paginationPayload":"","dupefilter":true,"highlight":true,"totalResults":1192,"start":476,"end":500,"pageNumber":19,"results":[{"jobtitle":"SDET with Java, REST and Json","company":"Themesoft INC","city":"Sunnyvale","state":"CA","country":"US","formattedLocation":"Sunnyvale, CA","source":"Indeed","date":"Mon, 13 Mar 2017 11:42:25 GMT","snippet":"3+ years of strong object-oriented programming and design experience, including <b>Java</b>. Previous Work exp with the end client apple*....","url":"http://www.indeed.com/viewjob?jk=34cd69e24d872081&qd=usoBPHMd3vYN69bRu-PQwcxBheEzuNOj46oJk2PU6yPPaaBuvSwk2ub69Dxr0mQTERp4f6wFZAqzeyPK_mKiS6m1Aj3izkOw87NHJgxznYA&indpubnum=3338919744720141&atk=1bb5148oba3sibiu","onmousedown":"indeed_clk(this,'665');","jobkey":"34cd69e24d872081","sponsored":false,"expired":false,"indeedApply":true,"formattedLocationFull":"Sunnyvale, CA","formattedRelativeTime":"12 hours ago","stations":""},{"jobtitle":"Senior Software Development Engineer (Morrisville, NC)","company":"3M","city":"Morrisville","state":"NC","country":"US","formattedLocation":"Morrisville, NC","source":"3M","date":"Sun, 12 Mar 2017 08:18:53 GMT","snippet":"Combined experience developing in VisualStudio, .NET, C#, <b>Java</b>, and SQL. The person hired for the position of Senior Software Development Engineer will design,...","url":"http://www.indeed.com/viewjob?jk=b2382c3fe69fa0d2&qd=usoBPHMd3vYN69bRu-PQwcxBheEzuNOj46oJk2PU6yPPaaBuvSwk2ub69Dxr0mQTERp4f6wFZAqzeyPK_mKiS6m1Aj3izkOw87NHJgxznYA&indpubnum=3338919744720141&atk=1bb5148oba3sibiu","onmousedown":"indeed_clk(this,'665');","jobkey":"b2382c3fe69fa0d2","sponsored":false,"expired":false,"indeedApply":false,"formattedLocationFull":"Morrisville, NC 27560","formattedRelativeTime":"1 day ago","stations":""},{"jobtitle":"Senior Software UI Engineer","company":"HEAT Software","city":"Milpitas","state":"CA","country":"US","formattedLocation":"Milpitas, CA","source":"Heat Software","date":"Sun, 12 Mar 2017 07:36:33 GMT","snippet":"Experience with object oriented languages such as C# or <b>Java</b>. Documented experience with the full lifecycle of the software development process on an enterprise...","url":"http://www.indeed.com/viewjob?jk=d4756ae89a066b12&qd=usoBPHMd3vYN69bRu-PQwcxBheEzuNOj46oJk2PU6yPPaaBuvSwk2ub69Dxr0mQTERp4f6wFZAqzeyPK_mKiS6m1Aj3izkOw87NHJgxznYA&indpubnum=3338919744720141&atk=1bb5148oba3sibiu","onmousedown":"indeed_clk(this,'665');","jobkey":"d4756ae89a066b12","sponsored":false,"expired":false,"indeedApply":false,"formattedLocationFull":"Milpitas, CA","formattedRelativeTime":"1 day ago","stations":""},{"jobtitle":"Senior Software QA Engineer","company":"VIZIO","city":"San Francisco","state":"CA","country":"US","formattedLocation":"San Francisco, CA","source":"VIZIO","date":"Sun, 12 Mar 2017 07:12:39 GMT","snippet":"Have in-depth knowledge on programming/scripting language is mandatory (Python, <b>Java</b>, C, C++). Inscape Data, Inc....","url":"http://www.indeed.com/viewjob?jk=d313dce790c7c966&qd=usoBPHMd3vYN69bRu-PQwcxBheEzuNOj46oJk2PU6yPPaaBuvSwk2ub69Dxr0mQTERp4f6wFZAqzeyPK_mKiS6m1Aj3izkOw87NHJgxznYA&indpubnum=3338919744720141&atk=1bb5148oba3sibiu","onmousedown":"indeed_clk(this,'665');","jobkey":"d313dce790c7c966","sponsored":false,"expired":false,"indeedApply":false,"formattedLocationFull":"San Francisco, CA","formattedRelativeTime":"1 day ago","stations":""},{"jobtitle":"WebSphere Administrator","company":"CAYS Inc -Consultants At Your Service","city":"Providence","state":"RI","country":"US","formattedLocation":"Providence, RI","source":"Indeed","date":"Mon, 13 Mar 2017 00:44:51 GMT","snippet":"Job Qualifications: (No Corp to Corp)** * Should have experience in installing, configuring and performance tuning IBM WebSphere Application Server 8.X and","url":"http://www.indeed.com/viewjob?jk=8c53b7e60c0a33b7&qd=usoBPHMd3vYN69bRu-PQwcxBheEzuNOj46oJk2PU6yPPaaBuvSwk2ub69Dxr0mQTERp4f6wFZAqzeyPK_mKiS6m1Aj3izkOw87NHJgxznYA&indpubnum=3338919744720141&atk=1bb5148oba3sibiu","onmousedown":"indeed_clk(this,'665');","jobkey":"8c53b7e60c0a33b7","sponsored":false,"expired":false,"indeedApply":true,"formattedLocationFull":"Providence, RI","formattedRelativeTime":"23 hours ago","stations":""},{"jobtitle":"MTS 1, Software Engineer","company":"Paypal","city":"San Jose","state":"CA","country":"US","formattedLocation":"San Jose, CA","source":"Paypal","date":"Mon, 13 Mar 2017 23:07:20 GMT","snippet":"Implement new product features using <b>Java</b> and SQL in an Apache/Linux environment. Implement new product features using <b>Java</b> and SQL in an Apache/Linux...","url":"http://www.indeed.com/viewjob?jk=3d349b1fe2d10a5f&qd=usoBPHMd3vYN69bRu-PQwcxBheEzuNOj46oJk2PU6yPPaaBuvSwk2ub69Dxr0mQTERp4f6wFZAqzeyPK_mKiS6m1Aj3izkOw87NHJgxznYA&indpubnum=3338919744720141&atk=1bb5148oba3sibiu","onmousedown":"indeed_clk(this,'665');","jobkey":"3d349b1fe2d10a5f","sponsored":false,"expired":false,"indeedApply":false,"formattedLocationFull":"San Jose, CA","formattedRelativeTime":"40 minutes ago","stations":""},{"jobtitle":"Lead/Senior Software Engineer, Distributed Systems","company":"Turn","city":"Redwood City","state":"CA","country":"US","formattedLocation":"Redwood City, CA","source":"Turn","date":"Sun, 12 Mar 2017 08:12:36 GMT","snippet":"Experience with <b>Java</b>, Scala, or C++ a must. Turn delivers real-time insights that transform the way leading advertising agencies and enterprises make decisions....","url":"http://www.indeed.com/viewjob?jk=2eb71c7797f0eb84&qd=usoBPHMd3vYN69bRu-PQwcxBheEzuNOj46oJk2PU6yPPaaBuvSwk2ub69Dxr0mQTERp4f6wFZAqzeyPK_mKiS6m1Aj3izkOw87NHJgxznYA&indpubnum=3338919744720141&atk=1bb5148oba3sibiu","onmousedown":"indeed_clk(this,'665');","jobkey":"2eb71c7797f0eb84","sponsored":false,"expired":false,"indeedApply":true,"formattedLocationFull":"Redwood City, CA 94063","formattedRelativeTime":"1 day ago","stations":""},{"jobtitle":"Sr. Real Time Systems Engineer","company":"AdRoll","city":"San Francisco","state":"CA","country":"US","formattedLocation":"San Francisco, CA","source":"Adroll","date":"Sun, 12 Mar 2017 06:51:50 GMT","snippet":"Erlang, <b>Java</b> and Python experience - programming Polyglots welcome! About the Role:....","url":"http://www.indeed.com/viewjob?jk=a61c97706061f5fe&qd=usoBPHMd3vYN69bRu-PQwcxBheEzuNOj46oJk2PU6yPPaaBuvSwk2ub69Dxr0mQTERp4f6wFZAqzeyPK_mKiS6m1Aj3izkOw87NHJgxznYA&indpubnum=3338919744720141&atk=1bb5148oba3sibiu","onmousedown":"indeed_clk(this,'665');","jobkey":"a61c97706061f5fe","sponsored":false,"expired":false,"indeedApply":true,"formattedLocationFull":"San Francisco, CA 94103","formattedRelativeTime":"1 day ago","stations":""},{"jobtitle":"Systems Engineer, Staff","company":"Pragmatics","city":"Reston","state":"VA","country":"US","formattedLocation":"Reston, VA","source":"Indeed","date":"Sun, 12 Mar 2017 20:18:08 GMT","snippet":"<b>Java</b>, JBoss, JDV, Oracle, PostgreSQ? Experience with <b>Java</b>, JBoss, JDV, Oracle, PostgreSQL. Experience supporting applications hosted on NIPRNet and SIPRNet at...","url":"http://www.indeed.com/viewjob?jk=1d6e275c48e55b2e&qd=usoBPHMd3vYN69bRu-PQwcxBheEzuNOj46oJk2PU6yPPaaBuvSwk2ub69Dxr0mQTERp4f6wFZAqzeyPK_mKiS6m1Aj3izkOw87NHJgxznYA&indpubnum=3338919744720141&atk=1bb5148oba3sibiu","onmousedown":"indeed_clk(this,'665');","jobkey":"1d6e275c48e55b2e","sponsored":false,"expired":false,"indeedApply":true,"formattedLocationFull":"Reston, VA","formattedRelativeTime":"1 day ago","stations":""},{"jobtitle":"Information Security Engineer","company":"Landmark Health","city":"Huntington Beach","state":"CA","country":"US","formattedLocation":"Huntington Beach, CA","source":"Indeed","date":"Sun, 12 Mar 2017 20:55:37 GMT","snippet":"Experience programming PHP, <b>Java</b>, Perl, Python, C++, C# or .NET is a plus. Experience selecting, architecting, and implementing security solutions at the...","url":"http://www.indeed.com/viewjob?jk=66210e85a4db326a&qd=usoBPHMd3vYN69bRu-PQwcxBheEzuNOj46oJk2PU6yPPaaBuvSwk2ub69Dxr0mQTERp4f6wFZAqzeyPK_mKiS6m1Aj3izkOw87NHJgxznYA&indpubnum=3338919744720141&atk=1bb5148oba3sibiu","onmousedown":"indeed_clk(this,'665');","jobkey":"66210e85a4db326a","sponsored":false,"expired":false,"indeedApply":true,"formattedLocationFull":"Huntington Beach, CA","formattedRelativeTime":"1 day ago","stations":""},{"jobtitle":"Cyber Software Architect 5","company":"Northrop Grumman","city":"Orlando","state":"FL","country":"US","formattedLocation":"Orlando, FL","source":"Northrop Grumman","date":"Mon, 13 Mar 2017 22:48:20 GMT","snippet":"Strong <b>Java</b> development skills. <b>Java</b>, C/C++, XML and related technologies and automated tools for continuous....","url":"http://www.indeed.com/viewjob?jk=efe9df39ee2ada76&qd=usoBPHMd3vYN69bRu-PQwcxBheEzuNOj46oJk2PU6yPPaaBuvSwk2ub69Dxr0mQTERp4f6wFZAqzeyPK_mKiS6m1Aj3izkOw87NHJgxznYA&indpubnum=3338919744720141&atk=1bb5148oba3sibiu","onmousedown":"indeed_clk(this,'665');","jobkey":"efe9df39ee2ada76","sponsored":false,"expired":false,"indeedApply":false,"formattedLocationFull":"Orlando, FL 32817","formattedRelativeTime":"59 minutes ago","stations":""},{"jobtitle":"Software Platform Architect","company":"Comcast","city":"Philadelphia","state":"PA","country":"US","formattedLocation":"Philadelphia, PA","source":"Comcast","date":"Mon, 13 Mar 2017 20:06:25 GMT","snippet":"REST Architecture, Microservices Architecture, Continuous Integration, <b>Java</b>, Scala, Docker, Kubernetes, and NoSQL....","url":"http://www.indeed.com/viewjob?jk=7084715e9f3a8aac&qd=usoBPHMd3vYN69bRu-PQwcxBheEzuNOj46oJk2PU6yPPaaBuvSwk2ub69Dxr0mQTERp4f6wFZAqzeyPK_mKiS6m1Aj3izkOw87NHJgxznYA&indpubnum=3338919744720141&atk=1bb5148oba3sibiu","onmousedown":"indeed_clk(this,'665');","jobkey":"7084715e9f3a8aac","sponsored":false,"expired":false,"indeedApply":false,"formattedLocationFull":"Philadelphia, PA 19103","formattedRelativeTime":"3 hours ago","stations":""},{"jobtitle":"Software Architect","company":"Core Digital Media","city":"Playa Vista","state":"CA","country":"US","formattedLocation":"Playa Vista, CA","source":"Core Digital Media","date":"Mon, 13 Mar 2017 17:11:01 GMT","snippet":"Working knowledge of core <b>Java</b> libraries, <b>Java</b> EE concepts, JSP, Servlets, and XML. 8+ years of experience in <b>Java</b> based data driven web application development...","url":"http://www.indeed.com/viewjob?jk=648b35c79abc6471&qd=usoBPHMd3vYN69bRu-PQwcxBheEzuNOj46oJk2PU6yPPaaBuvSwk2ub69Dxr0mQTERp4f6wFZAqzeyPK_mKiS6m1Aj3izkOw87NHJgxznYA&indpubnum=3338919744720141&atk=1bb5148oba3sibiu","onmousedown":"indeed_clk(this,'665');","jobkey":"648b35c79abc6471","sponsored":false,"expired":false,"indeedApply":false,"formattedLocationFull":"Playa Vista, CA","formattedRelativeTime":"6 hours ago","stations":""},{"jobtitle":"Engineering Technologist 1/2","company":"Los Alamos National Laboratory","city":"Los Alamos","state":"NM","country":"US","formattedLocation":"Los Alamos, NM","source":"Los Alamos National Laboratory","date":"Mon, 13 Mar 2017 22:45:38 GMT","snippet":"<b>JAVA</b>, Python, Fantom, etc.), both line and block (graphical). Experience with maintenance testing/ acceptance testing Provides field implementation of the...","url":"http://www.indeed.com/viewjob?jk=17ebfdb1a7678e0c&qd=usoBPHMd3vYN69bRu-PQwcxBheEzuNOj46oJk2PU6yPPaaBuvSwk2ub69Dxr0mQTERp4f6wFZAqzeyPK_mKiS6m1Aj3izkOw87NHJgxznYA&indpubnum=3338919744720141&atk=1bb5148oba3sibiu","onmousedown":"indeed_clk(this,'665');","jobkey":"17ebfdb1a7678e0c","sponsored":false,"expired":false,"indeedApply":false,"formattedLocationFull":"Los Alamos, NM","formattedRelativeTime":"1 hour ago","stations":""},{"jobtitle":"Java Software Engineer","company":"Ledgent Technology & Engineering","city":"San Diego","state":"CA","country":"US","formattedLocation":"San Diego, CA","source":"Ledgent Technology & Engineering","date":"Mon, 13 Mar 2017 23:23:46 GMT","snippet":"Significant experience using <b>Java</b>. Our tech stack relies on <b>Java</b>, Javascript and Oracle at the core, so experience with these technologies is a major plus....","url":"http://www.indeed.com/viewjob?jk=ca585e0c8e1e0cbe&qd=usoBPHMd3vYN69bRu-PQwcxBheEzuNOj46oJk2PU6yPPaaBuvSwk2ub69Dxr0mQTERp4f6wFZAqzeyPK_mKiS6m1Aj3izkOw87NHJgxznYA&indpubnum=3338919744720141&atk=1bb5148oba3sibiu","onmousedown":"indeed_clk(this,'665');","jobkey":"ca585e0c8e1e0cbe","sponsored":false,"expired":false,"indeedApply":true,"formattedLocationFull":"San Diego, CA 92121","formattedRelativeTime":"24 minutes ago","stations":""},{"jobtitle":"Engineering Intern","company":"Spirent Communications","city":"Frederick","state":"MD","country":"US","formattedLocation":"Frederick, MD","source":"Spirent Communications","date":"Mon, 13 Mar 2017 17:56:02 GMT","snippet":"The intern's duties will range from Development of new product features, maintaining existing features (bug fixes, etc.) to Software Testing and Documentation","url":"http://www.indeed.com/viewjob?jk=d6ba63382a15213b&qd=usoBPHMd3vYN69bRu-PQwcxBheEzuNOj46oJk2PU6yPPaaBuvSwk2ub69Dxr0mQTERp4f6wFZAqzeyPK_mKiS6m1Aj3izkOw87NHJgxznYA&indpubnum=3338919744720141&atk=1bb5148oba3sibiu","onmousedown":"indeed_clk(this,'665');","jobkey":"d6ba63382a15213b","sponsored":false,"expired":false,"indeedApply":false,"formattedLocationFull":"Frederick, MD","formattedRelativeTime":"5 hours ago","stations":""},{"jobtitle":"Test Automation Engineer","company":"Ranorex GmbH","city":"Clearwater","state":"FL","country":"US","formattedLocation":"Clearwater, FL","source":"Ranorex GmbH","date":"Mon, 13 Mar 2017 13:06:38 GMT","snippet":"2-4 years of C#, VB.NET or <b>Java</b> programming and coding experience (C# experience preferred). With a fast growing worldwide customer base, we are one of the most...","url":"http://www.indeed.com/viewjob?jk=1964347d7da8e5fc&qd=usoBPHMd3vYN69bRu-PQwcxBheEzuNOj46oJk2PU6yPPaaBuvSwk2ub69Dxr0mQTERp4f6wFZAqzeyPK_mKiS6m1Aj3izkOw87NHJgxznYA&indpubnum=3338919744720141&atk=1bb5148oba3sibiu","onmousedown":"indeed_clk(this,'665');","jobkey":"1964347d7da8e5fc","sponsored":false,"expired":false,"indeedApply":true,"formattedLocationFull":"Clearwater, FL","formattedRelativeTime":"10 hours ago","stations":""},{"jobtitle":"Software Integration Architect","company":"WorkForce Software","city":"Livonia","state":"MI","country":"US","formattedLocation":"Livonia, MI","source":"WorkForce Software","date":"Sun, 12 Mar 2017 20:39:06 GMT","snippet":"7+ years of programming experience utilizing any <b>Java</b>, JavaScript, C++ or other similar programming languages. WorkForce Software is ranked as a “Top Workplace”...","url":"http://www.indeed.com/viewjob?jk=713b1fa4a97b216a&qd=usoBPHMd3vYN69bRu-PQwcxBheEzuNOj46oJk2PU6yPPaaBuvSwk2ub69Dxr0mQTERp4f6wFZAqzeyPK_mKiS6m1Aj3izkOw87NHJgxznYA&indpubnum=3338919744720141&atk=1bb5148oba3sibiu","onmousedown":"indeed_clk(this,'665');","jobkey":"713b1fa4a97b216a","sponsored":false,"expired":false,"indeedApply":false,"formattedLocationFull":"Livonia, MI 48152","formattedRelativeTime":"1 day ago","stations":""},{"jobtitle":"Director of Systems Engineering","company":"Peeva","city":"Buffalo","state":"NY","country":"US","formattedLocation":"Buffalo, NY","source":"Indeed","date":"Mon, 13 Mar 2017 16:41:52 GMT","snippet":"| nmap | Nessus | Backtrack | <b>Java</b> Crypto Library |. The ability to build, develop, retain and lead a world class engineering team Experience with enterprise...","url":"http://www.indeed.com/viewjob?jk=a49732e9cdb962c5&qd=usoBPHMd3vYN69bRu-PQwcxBheEzuNOj46oJk2PU6yPPaaBuvSwk2ub69Dxr0mQTERp4f6wFZAqzeyPK_mKiS6m1Aj3izkOw87NHJgxznYA&indpubnum=3338919744720141&atk=1bb5148oba3sibiu","onmousedown":"indeed_clk(this,'665');","jobkey":"a49732e9cdb962c5","sponsored":false,"expired":false,"indeedApply":true,"formattedLocationFull":"Buffalo, NY","formattedRelativeTime":"7 hours ago","stations":""},{"jobtitle":"Senior Infrastructure Software Engineer","company":"Samsung","city":"Mountain View","state":"CA","country":"US","formattedLocation":"Mountain View, CA","source":"Samsung","date":"Sun, 12 Mar 2017 06:10:35 GMT","snippet":"C#, <b>Java</b> or equivalent Preferred Qualifications • Proficient in big-data technology, e.g., NoSQL, Hadoop, Spark, Cassandra, etc. • Comfortable working in a face...","url":"http://www.indeed.com/viewjob?jk=dc23581443be6160&qd=usoBPHMd3vYN69bRu-PQwcxBheEzuNOj46oJk2PU6yPPaaBuvSwk2ub69Dxr0mQTERp4f6wFZAqzeyPK_mKiS6m1Aj3izkOw87NHJgxznYA&indpubnum=3338919744720141&atk=1bb5148oba3sibiu","onmousedown":"indeed_clk(this,'665');","jobkey":"dc23581443be6160","sponsored":false,"expired":false,"indeedApply":false,"formattedLocationFull":"Mountain View, CA","formattedRelativeTime":"1 day ago","stations":""},{"jobtitle":"A2432A - Java/J2EE Technical Lead - Contract - Harrisburg, PA","company":"Technovision","city":"Harrisburg","state":"PA","country":"US","formattedLocation":"Harrisburg, PA","source":"Indeed","date":"Mon, 13 Mar 2017 10:07:02 GMT","snippet":"Primary duties will revolve around <b>Java</b> web services, database work, and WMB. Participate in the full SDLC process (including coding) of Mobile Application...","url":"http://www.indeed.com/viewjob?jk=5b0b78237fd008c9&qd=usoBPHMd3vYN69bRu-PQwcxBheEzuNOj46oJk2PU6yPPaaBuvSwk2ub69Dxr0mQTERp4f6wFZAqzeyPK_mKiS6m1Aj3izkOw87NHJgxznYA&indpubnum=3338919744720141&atk=1bb5148oba3sibiu","onmousedown":"indeed_clk(this,'665');","jobkey":"5b0b78237fd008c9","sponsored":false,"expired":false,"indeedApply":true,"formattedLocationFull":"Harrisburg, PA","formattedRelativeTime":"13 hours ago","stations":""},{"jobtitle":"Java Developer: Angular 2, SQL - Banking","company":"Optima Connections Ltd","city":"Charlotte","state":"NC","country":"US","formattedLocation":"Charlotte, NC","source":"Indeed","date":"Mon, 13 Mar 2017 11:37:42 GMT","snippet":"They need an experienced <b>Java</b> Developer who can perform both the Design and Development of the application and collaborate with other <b>Java</b> developers with...","url":"http://www.indeed.com/viewjob?jk=fd5f5b48320306a3&qd=usoBPHMd3vYN69bRu-PQwcxBheEzuNOj46oJk2PU6yPPaaBuvSwk2ub69Dxr0mQTERp4f6wFZAqzeyPK_mKiS6m1Aj3izkOw87NHJgxznYA&indpubnum=3338919744720141&atk=1bb5148oba3sibiu","onmousedown":"indeed_clk(this,'665');","jobkey":"fd5f5b48320306a3","sponsored":false,"expired":false,"indeedApply":true,"formattedLocationFull":"Charlotte, NC","formattedRelativeTime":"12 hours ago","stations":""},{"jobtitle":"Angular 2 Developer: UI, Java, SQL - Banking","company":"Optima Connections Ltd","city":"Charlotte","state":"NC","country":"US","formattedLocation":"Charlotte, NC","source":"Indeed","date":"Mon, 13 Mar 2017 11:37:15 GMT","snippet":"They are building and enhancing Linux based financial market-data applications which are based on Angular 2 (Typescript) UI’s, Core <b>Java</b> and SQL and NoSQL...","url":"http://www.indeed.com/viewjob?jk=750a9494059511c7&qd=usoBPHMd3vYN69bRu-PQwcxBheEzuNOj46oJk2PU6yPPaaBuvSwk2ub69Dxr0mQTERp4f6wFZAqzeyPK_mKiS6m1Aj3izkOw87NHJgxznYA&indpubnum=3338919744720141&atk=1bb5148oba3sibiu","onmousedown":"indeed_clk(this,'665');","jobkey":"750a9494059511c7","sponsored":false,"expired":false,"indeedApply":true,"formattedLocationFull":"Charlotte, NC","formattedRelativeTime":"12 hours ago","stations":""},{"jobtitle":"Student Employment Opportunities","company":"G3 Technologies, Inc.","city":"New Providence","state":"NJ","country":"US","formattedLocation":"New Providence, NJ","source":"G3 Technologies, Inc.","date":"Sun, 12 Mar 2017 08:08:21 GMT","snippet":"219 South Street Suite 202 New Providence, NJ 07974 www.g3ti.net Send resumes to: nj.recruiting@g3ti.net G3 Technologies, Inc. is currently seeking students","url":"http://www.indeed.com/viewjob?jk=99b0ee864e207ffd&qd=usoBPHMd3vYN69bRu-PQwcxBheEzuNOj46oJk2PU6yPPaaBuvSwk2ub69Dxr0mQTERp4f6wFZAqzeyPK_mKiS6m1Aj3izkOw87NHJgxznYA&indpubnum=3338919744720141&atk=1bb5148oba3sibiu","onmousedown":"indeed_clk(this,'665');","jobkey":"99b0ee864e207ffd","sponsored":false,"expired":false,"indeedApply":true,"formattedLocationFull":"New Providence, NJ 07974","formattedRelativeTime":"1 day ago","stations":""},{"jobtitle":"Senior Java Developer","company":"Jobspring Partners","city":"Malvern","state":"PA","country":"US","formattedLocation":"Malvern, PA","source":"Jobspring Partners","date":"Mon, 13 Mar 2017 16:16:13 GMT","snippet":"4+ Years of design experience with <b>JAVA</b>. A leading organization in the asset management industry is in need for a Senior <b>Java</b> Developer to continue to develope...","url":"http://www.indeed.com/viewjob?jk=59c022e98d5fdfa1&qd=usoBPHMd3vYN69bRu-PQwcxBheEzuNOj46oJk2PU6yPPaaBuvSwk2ub69Dxr0mQTERp4f6wFZAqzeyPK_mKiS6m1Aj3izkOw87NHJgxznYA&indpubnum=3338919744720141&atk=1bb5148oba3sibiu","onmousedown":"indeed_clk(this,'665');","jobkey":"59c022e98d5fdfa1","sponsored":false,"expired":false,"indeedApply":true,"formattedLocationFull":"Malvern, PA","formattedRelativeTime":"7 hours ago","stations":""}]}