{"version":2,"query":"java","location":"","paginationPayload":"","dupefilter":true,"highlight":true,"totalResults":1192,"start":176,"end":200,"pageNumber":7,"results":[{"jobtitle":"Java Developer, Entry Level","company":"Nexient","city":"Ann Arbor","state":"MI","country":"US","formattedLocation":"Ann Arbor, MI","source":"Nexient","date":"Mon, 13 Mar 2017 21:54:07 GMT","snippet":"<b>Java</b> Application Developers work on client projects using multiple <b>Java</b> libraries and frameworks, such as Spring, Hibernate, Google Web Toolkit some more common...","url":"http://www.indeed.com/viewjob?jk=eea83caf21f224cf&qd=usoBPHMd3vYN69bRu-PQwcxBheEzuNOj46oJk2PU6yPPaaBuvSwk2ub69Dxr0mQT30-4cI82QyB8ovHPH96abam1Aj3izkOw87NHJgxznYA&indpubnum=3338919744720141&atk=1bb5147ts1buc04l","onmousedown":"indeed_clk(this,'9819');","jobkey":"eea83caf21f224cf","sponsored":false,"expired":false,"indeedApply":true,"formattedLocationFull":"Ann Arbor, MI","formattedRelativeTime":"1 hour ago","stations":""},{"jobtitle":"Senior Software Developer","company":"Pragmatics","city":"Washington","state":"DC","country":"US","formattedLocation":"Washington, DC","source":"Pragmatics","date":"Sun, 12 Mar 2017 07:30:09 GMT","snippet":".Net 4.0/4.5.1, C#.Net, ASP.Net, JQUERY, Share-point 2010/2013, InfoPath, BizTalk Server, MS SQL-Server 2008/2012/2014, VB6, VB.Net, Crystal Reports, HTML5, MS...","url":"http://www.indeed.com/viewjob?jk=20e4e82bd736d24b&qd=usoBPHMd3vYN69bRu-PQwcxBheEzuNOj46oJk2PU6yPPaaBuvSwk2ub69Dxr0mQT30-4cI82QyB8ovHPH96abam1Aj3izkOw87NHJgxznYA&indpubnum=3338919744720141&atk=1bb5147ts1buc04l","onmousedown":"indeed_clk(this,'9819');","jobkey":"20e4e82bd736d24b","sponsored":false,"expired":false,"indeedApply":false,"formattedLocationFull":"Washington, DC","formattedRelativeTime":"1 day ago","stations":""},{"jobtitle":"Lead, Full-Stack Java Developer","company":"The ProSource Group","city":"Indianapolis","state":"IN","country":"US","formattedLocation":"Indianapolis, IN","source":"Indeed","date":"Mon, 13 Mar 2017 19:10:51 GMT","snippet":"Lead, Full-Stack <b>Java</b> Engineer*. <b>Java</b>, J2EE, JavaScript, Angular, Spring, MVC, ReactJS, NodeJS, MongoDB, Cassandra, Indianapolis*....","url":"http://www.indeed.com/viewjob?jk=21d0a45a288a92c4&qd=usoBPHMd3vYN69bRu-PQwcxBheEzuNOj46oJk2PU6yPPaaBuvSwk2ub69Dxr0mQT30-4cI82QyB8ovHPH96abam1Aj3izkOw87NHJgxznYA&indpubnum=3338919744720141&atk=1bb5147ts1buc04l","onmousedown":"indeed_clk(this,'9819');","jobkey":"21d0a45a288a92c4","sponsored":false,"expired":false,"indeedApply":true,"formattedLocationFull":"Indianapolis, IN","formattedRelativeTime":"4 hours ago","stations":""},{"jobtitle":"Java- Senior Solution Engineer - Orlando","company":"Deloitte","city":"Orlando","state":"FL","country":"US","formattedLocation":"Orlando, FL","source":"Deloitte","date":"Mon, 13 Mar 2017 20:44:34 GMT","snippet":"6+ years of deep knowledge in J2EE Framework and internals of the architecture, including JSP, EJB, SERVLETS, APPLETS, JSF, JDBC, JMS, Transaction services,...","url":"http://www.indeed.com/viewjob?jk=0e649b4cc68c9ec0&qd=usoBPHMd3vYN69bRu-PQwcxBheEzuNOj46oJk2PU6yPPaaBuvSwk2ub69Dxr0mQT30-4cI82QyB8ovHPH96abam1Aj3izkOw87NHJgxznYA&indpubnum=3338919744720141&atk=1bb5147ts1buc04l","onmousedown":"indeed_clk(this,'9819');","jobkey":"0e649b4cc68c9ec0","sponsored":false,"expired":false,"indeedApply":false,"formattedLocationFull":"Orlando, FL","formattedRelativeTime":"3 hours ago","stations":""},{"jobtitle":"DOH Senior Java Developer","company":"ABIS Solutions","city":"Albany","state":"NY","country":"US","formattedLocation":"Albany, NY","source":"ABIS Solutions","date":"Mon, 13 Mar 2017 17:36:25 GMT","snippet":"Senior <b>Java</b> Developer. At least 7 years of extensive working experience in J2EE Technologies such as JMS, <b>Java</b> Server Pages, <b>Java</b> Servlets, HTML, <b>Java</b> Script,...","url":"http://www.indeed.com/viewjob?jk=766b9d7d539c278b&qd=usoBPHMd3vYN69bRu-PQwcxBheEzuNOj46oJk2PU6yPPaaBuvSwk2ub69Dxr0mQT30-4cI82QyB8ovHPH96abam1Aj3izkOw87NHJgxznYA&indpubnum=3338919744720141&atk=1bb5147ts1buc04l","onmousedown":"indeed_clk(this,'9819');","jobkey":"766b9d7d539c278b","sponsored":false,"expired":false,"indeedApply":false,"formattedLocationFull":"Albany, NY","formattedRelativeTime":"6 hours ago","stations":""},{"jobtitle":"Programmer/Developer Lead - Senior Java Developer","company":"Capgemini","city":"Cleveland","state":"OH","country":"US","formattedLocation":"Cleveland, OH","source":"Capgemini","date":"Sun, 12 Mar 2017 06:18:41 GMT","snippet":"Programmer/Developer Lead - Senior <b>Java</b> Developer. Write software programs using specific programming languages/platforms such as <b>Java</b> or MS .NET, and related...","url":"http://www.indeed.com/viewjob?jk=32ca2e93aeccb282&qd=usoBPHMd3vYN69bRu-PQwcxBheEzuNOj46oJk2PU6yPPaaBuvSwk2ub69Dxr0mQT30-4cI82QyB8ovHPH96abam1Aj3izkOw87NHJgxznYA&indpubnum=3338919744720141&atk=1bb5147ts1buc04l","onmousedown":"indeed_clk(this,'9819');","jobkey":"32ca2e93aeccb282","sponsored":false,"expired":false,"indeedApply":false,"formattedLocationFull":"Cleveland, OH","formattedRelativeTime":"1 day ago","stations":""},{"jobtitle":"Software Engineer - University Grad","company":"Rubrik","city":"Palo Alto","state":"CA","country":"US","formattedLocation":"Palo Alto, CA","source":"Rubrik","date":"Mon, 13 Mar 2017 17:57:35 GMT","snippet":"Expert knowledge developing and debugging in C++, <b>Java</b> or Scala. Develop the next-generation technology that will change how businesses around the world manage...","url":"http://www.indeed.com/viewjob?jk=751caebb4ce906b0&qd=usoBPHMd3vYN69bRu-PQwcxBheEzuNOj46oJk2PU6yPPaaBuvSwk2ub69Dxr0mQT30-4cI82QyB8ovHPH96abam1Aj3izkOw87NHJgxznYA&indpubnum=3338919744720141&atk=1bb5147ts1buc04l","onmousedown":"indeed_clk(this,'9819');","jobkey":"751caebb4ce906b0","sponsored":false,"expired":false,"indeedApply":true,"formattedLocationFull":"Palo Alto, CA","formattedRelativeTime":"5 hours ago","stations":""},{"jobtitle":"Software Engineer in Test","company":"Rubrik","city":"Palo Alto","state":"CA","country":"US","formattedLocation":"Palo Alto, CA","source":"Rubrik","date":"Mon, 13 Mar 2017 17:56:50 GMT","snippet":"Excellent coding skills in C, C++, <b>Java</b>, or Python. Develop the next-generation technology that will change how businesses around the world manage and unlock...","url":"http://www.indeed.com/viewjob?jk=2ed3c4fe8dbd3a84&qd=usoBPHMd3vYN69bRu-PQwcxBheEzuNOj46oJk2PU6yPPaaBuvSwk2ub69Dxr0mQT30-4cI82QyB8ovHPH96abam1Aj3izkOw87NHJgxznYA&indpubnum=3338919744720141&atk=1bb5147ts1buc04l","onmousedown":"indeed_clk(this,'9819');","jobkey":"2ed3c4fe8dbd3a84","sponsored":false,"expired":false,"indeedApply":true,"formattedLocationFull":"Palo Alto, CA","formattedRelativeTime":"5 hours ago","stations":""},{"jobtitle":"Back End Developer","company":"RevZilla","city":"Philadelphia","state":"PA","country":"US","formattedLocation":"Philadelphia, PA","source":"Indeed","date":"Sun, 12 Mar 2017 21:20:36 GMT","snippet":"Proficiency in at least one mainstream compiled language (Elixir, Objective-C, C#, <b>Java</b>, etc.). RevZilla's Technology Team is looking for full stack engineers...","url":"http://www.indeed.com/viewjob?jk=8462fa6d8aeb0055&qd=usoBPHMd3vYN69bRu-PQwcxBheEzuNOj46oJk2PU6yPPaaBuvSwk2ub69Dxr0mQT30-4cI82QyB8ovHPH96abam1Aj3izkOw87NHJgxznYA&indpubnum=3338919744720141&atk=1bb5147ts1buc04l","onmousedown":"indeed_clk(this,'9819');","jobkey":"8462fa6d8aeb0055","sponsored":false,"expired":false,"indeedApply":true,"formattedLocationFull":"Philadelphia, PA 19112","formattedRelativeTime":"1 day ago","stations":""},{"jobtitle":"MTS - Systems Management","company":"Datrium","city":"Sunnyvale","state":"CA","country":"US","formattedLocation":"Sunnyvale, CA","source":"Datrium","date":"Sun, 12 Mar 2017 08:13:15 GMT","snippet":"Advanced <b>Java</b> and Python skills. Develop Datrium storage systems management software....","url":"http://www.indeed.com/viewjob?jk=346ad4d2dd610c64&qd=usoBPHMd3vYN69bRu-PQwcxBheEzuNOj46oJk2PU6yPPaaBuvSwk2ub69Dxr0mQT30-4cI82QyB8ovHPH96abam1Aj3izkOw87NHJgxznYA&indpubnum=3338919744720141&atk=1bb5147ts1buc04l","onmousedown":"indeed_clk(this,'9819');","jobkey":"346ad4d2dd610c64","sponsored":false,"expired":false,"indeedApply":true,"formattedLocationFull":"Sunnyvale, CA","formattedRelativeTime":"1 day ago","stations":""},{"jobtitle":"Senior Software Engineer","company":"Tristar Recruitment","city":"New York","state":"NY","country":"US","formattedLocation":"New York, NY","source":"Indeed","date":"Mon, 13 Mar 2017 16:35:59 GMT","snippet":"Core object-oriented JavaScript, HTML5, CSS and <b>Java</b>. Senior Software Engineer for Major AdTech Firm*....","url":"http://www.indeed.com/viewjob?jk=f07bcea98e5d884f&qd=usoBPHMd3vYN69bRu-PQwcxBheEzuNOj46oJk2PU6yPPaaBuvSwk2ub69Dxr0mQT30-4cI82QyB8ovHPH96abam1Aj3izkOw87NHJgxznYA&indpubnum=3338919744720141&atk=1bb5147ts1buc04l","onmousedown":"indeed_clk(this,'9819');","jobkey":"f07bcea98e5d884f","sponsored":false,"expired":false,"indeedApply":true,"formattedLocationFull":"New York, NY 10001","formattedRelativeTime":"7 hours ago","stations":""},{"jobtitle":"Fresh Graduates - Software Developer","company":"Aricent","city":"San Diego","state":"CA","country":"US","formattedLocation":"San Diego, CA","source":"Indeed","date":"Mon, 13 Mar 2017 17:31:25 GMT","snippet":"<b>Java</b> / C /C++*. Aricent is a global design and engineering company innovating for the digital era....","url":"http://www.indeed.com/viewjob?jk=fd9b7ba709143863&qd=usoBPHMd3vYN69bRu-PQwcxBheEzuNOj46oJk2PU6yPPaaBuvSwk2ub69Dxr0mQT30-4cI82QyB8ovHPH96abam1Aj3izkOw87NHJgxznYA&indpubnum=3338919744720141&atk=1bb5147ts1buc04l","onmousedown":"indeed_clk(this,'9819');","jobkey":"fd9b7ba709143863","sponsored":false,"expired":false,"indeedApply":true,"formattedLocationFull":"San Diego, CA","formattedRelativeTime":"6 hours ago","stations":""},{"jobtitle":"APPLICATIONS DEVELOPER AND CONSULTANT","company":"University of Wisconsin–Madison","city":"Madison","state":"WI","country":"US","formattedLocation":"Madison, WI","source":"University of Wisconsin–Madison","date":"Mon, 13 Mar 2017 17:33:56 GMT","snippet":"PHP experience is preferred, though experience with other languages such as Ruby, <b>Java</b> or Javascript will be considered. Position Vacancy ID:....","url":"http://www.indeed.com/viewjob?jk=7aee3f4b8825a928&qd=usoBPHMd3vYN69bRu-PQwcxBheEzuNOj46oJk2PU6yPPaaBuvSwk2ub69Dxr0mQT30-4cI82QyB8ovHPH96abam1Aj3izkOw87NHJgxznYA&indpubnum=3338919744720141&atk=1bb5147ts1buc04l","onmousedown":"indeed_clk(this,'9819');","jobkey":"7aee3f4b8825a928","sponsored":false,"expired":false,"indeedApply":false,"formattedLocationFull":"Madison, WI","formattedRelativeTime":"6 hours ago","stations":""},{"jobtitle":"Senior Solution Architect","company":"Verizon","city":"Irving","state":"TX","country":"US","formattedLocation":"Irving, TX","source":"Verizon","date":"Mon, 13 Mar 2017 15:49:17 GMT","snippet":"Three or more years of experience designing / developing RESTful API / Web Services based on <b>Java</b> technologies....","url":"http://www.indeed.com/viewjob?jk=faf22d91405e3ec1&qd=usoBPHMd3vYN69bRu-PQwcxBheEzuNOj46oJk2PU6yPPaaBuvSwk2ub69Dxr0mQT30-4cI82QyB8ovHPH96abam1Aj3izkOw87NHJgxznYA&indpubnum=3338919744720141&atk=1bb5147ts1buc04l","onmousedown":"indeed_clk(this,'9819');","jobkey":"faf22d91405e3ec1","sponsored":false,"expired":false,"indeedApply":false,"formattedLocationFull":"Irving, TX 75038","formattedRelativeTime":"7 hours ago","stations":""},{"jobtitle":"Full Stack Software Developer II","company":"Wavsys, LLC","city":"Bellevue","state":"WA","country":"US","formattedLocation":"Bellevue, WA","source":"Indeed","date":"Mon, 13 Mar 2017 00:09:12 GMT","snippet":"Strong knowledge of <b>Java</b>, JavaScript, jQuery, CSS, AJAX, Handlebar/Backbone/ReactJS, experience with MVC or component-based UI frameworks, Spring MVC and other...","url":"http://www.indeed.com/viewjob?jk=71df0aeac55a84b4&qd=usoBPHMd3vYN69bRu-PQwcxBheEzuNOj46oJk2PU6yPPaaBuvSwk2ub69Dxr0mQT30-4cI82QyB8ovHPH96abam1Aj3izkOw87NHJgxznYA&indpubnum=3338919744720141&atk=1bb5147ts1buc04l","onmousedown":"indeed_clk(this,'9819');","jobkey":"71df0aeac55a84b4","sponsored":false,"expired":false,"indeedApply":true,"formattedLocationFull":"Bellevue, WA","formattedRelativeTime":"23 hours ago","stations":""},{"jobtitle":"Software Engineer, Analytics Infrastructure","company":"Pure Storage","city":"Mountain View","state":"CA","country":"US","formattedLocation":"Mountain View, CA","source":"Pure Storage","date":"Sun, 12 Mar 2017 06:54:14 GMT","snippet":"<b>Java</b> or C++ development experience, especially related to build flows. We’re here with the humble aspiration to accelerate the speed of human progress with our...","url":"http://www.indeed.com/viewjob?jk=181c2b20937b1e96&qd=usoBPHMd3vYN69bRu-PQwcxBheEzuNOj46oJk2PU6yPPaaBuvSwk2ub69Dxr0mQT30-4cI82QyB8ovHPH96abam1Aj3izkOw87NHJgxznYA&indpubnum=3338919744720141&atk=1bb5147ts1buc04l","onmousedown":"indeed_clk(this,'9819');","jobkey":"181c2b20937b1e96","sponsored":false,"expired":false,"indeedApply":true,"formattedLocationFull":"Mountain View, CA 94041","formattedRelativeTime":"1 day ago","stations":""},{"jobtitle":"Senior Software Engineer","company":"SpotX","city":"Westminster","state":"CO","country":"US","formattedLocation":"Westminster, CO","source":"SpotX","date":"Mon, 13 Mar 2017 20:46:51 GMT","snippet":"Awesome object-oriented programming/design skills in PHP, <b>Java</b>, C++, etc. Distributed/synchronized processing Relational database/SQL Ability to make sense of...","url":"http://www.indeed.com/viewjob?jk=a36f05dbf12f2fdd&qd=usoBPHMd3vYN69bRu-PQwcxBheEzuNOj46oJk2PU6yPPaaBuvSwk2ub69Dxr0mQT30-4cI82QyB8ovHPH96abam1Aj3izkOw87NHJgxznYA&indpubnum=3338919744720141&atk=1bb5147ts1buc04l","onmousedown":"indeed_clk(this,'9819');","jobkey":"a36f05dbf12f2fdd","sponsored":false,"expired":false,"indeedApply":false,"formattedLocationFull":"Westminster, CO","formattedRelativeTime":"3 hours ago","stations":""},{"jobtitle":"Senior Software Engineer","company":"Getty Images","city":"New York","state":"NY","country":"US","formattedLocation":"New York, NY","source":"Getty Images","date":"Mon, 13 Mar 2017 18:38:22 GMT","snippet":"A strong working knowledge of Scala, <b>Java</b>, C# or Python. Who You Are:....","url":"http://www.indeed.com/viewjob?jk=397f463c9c2c142d&qd=usoBPHMd3vYN69bRu-PQwcxBheEzuNOj46oJk2PU6yPPaaBuvSwk2ub69Dxr0mQT30-4cI82QyB8ovHPH96abam1Aj3izkOw87NHJgxznYA&indpubnum=3338919744720141&atk=1bb5147ts1buc04l","onmousedown":"indeed_clk(this,'9819');","jobkey":"397f463c9c2c142d","sponsored":false,"expired":false,"indeedApply":false,"formattedLocationFull":"New York, NY","formattedRelativeTime":"5 hours ago","stations":""},{"jobtitle":"Senior Software Engineer","company":"Aprilaire, Division of Research Products Corporation","city":"Madison","state":"WI","country":"US","formattedLocation":"Madison, WI","source":"Aprilaire, Division of Research Products Corporation","date":"Mon, 13 Mar 2017 18:15:44 GMT","snippet":".Net, C#, <b>Java</b>, Web Services, SOAP, REST, Azure Minimum experience of 2 years with the administration of backend servers for high performance mobile or web app...","url":"http://www.indeed.com/viewjob?jk=fcacf2640618094e&qd=usoBPHMd3vYN69bRu-PQwcxBheEzuNOj46oJk2PU6yPPaaBuvSwk2ub69Dxr0mQT30-4cI82QyB8ovHPH96abam1Aj3izkOw87NHJgxznYA&indpubnum=3338919744720141&atk=1bb5147ts1buc04l","onmousedown":"indeed_clk(this,'9819');","jobkey":"fcacf2640618094e","sponsored":false,"expired":false,"indeedApply":false,"formattedLocationFull":"Madison, WI","formattedRelativeTime":"5 hours ago","stations":""},{"jobtitle":"Bioinformatics Engineer I","company":"Dana-Farber Cancer Institute","city":"Boston","state":"MA","country":"US","formattedLocation":"Boston, MA","source":"Dana-Farber Cancer Institute","date":"Mon, 13 Mar 2017 23:29:09 GMT","snippet":"Familiarity with simple programming using Perl/Python or <b>Java</b>, statistical programming using R or related tools, web-development, and database query through SQL...","url":"http://www.indeed.com/viewjob?jk=8c3ee73e68be3aaa&qd=usoBPHMd3vYN69bRu-PQwcxBheEzuNOj46oJk2PU6yPPaaBuvSwk2ub69Dxr0mQT30-4cI82QyB8ovHPH96abam1Aj3izkOw87NHJgxznYA&indpubnum=3338919744720141&atk=1bb5147ts1buc04l","onmousedown":"indeed_clk(this,'9819');","jobkey":"8c3ee73e68be3aaa","sponsored":false,"expired":false,"indeedApply":false,"formattedLocationFull":"Boston, MA","formattedRelativeTime":"18 minutes ago","stations":""},{"jobtitle":"SOFTWARE ENGINEER – MEAN STACK","company":"Ultimate Software","city":"Atlanta","state":"GA","country":"US","formattedLocation":"Atlanta, GA","source":"Ultimate Software","date":"Mon, 13 Mar 2017 23:26:58 GMT","snippet":"Knowledge of any <b>Java</b> MVC framework such as Spring is beneficial. The opportunity requires you to be able to contribute as engineer, to design, develop,...","url":"http://www.indeed.com/viewjob?jk=d920c842857fd60c&qd=usoBPHMd3vYN69bRu-PQwcxBheEzuNOj46oJk2PU6yPPaaBuvSwk2ub69Dxr0mQT30-4cI82QyB8ovHPH96abam1Aj3izkOw87NHJgxznYA&indpubnum=3338919744720141&atk=1bb5147ts1buc04l","onmousedown":"indeed_clk(this,'9819');","jobkey":"d920c842857fd60c","sponsored":false,"expired":false,"indeedApply":false,"formattedLocationFull":"Atlanta, GA","formattedRelativeTime":"20 minutes ago","stations":""},{"jobtitle":"Software Engineer in Build and Test Infrastructure","company":"Facebook","city":"Seattle","state":"WA","country":"US","formattedLocation":"Seattle, WA","source":"Facebook","date":"Mon, 13 Mar 2017 23:08:10 GMT","snippet":"Our build and test infrastructures run across a wide range of platforms in Android, Windows and Linux and across a wide range of programming languages in C, C++...","url":"http://www.indeed.com/viewjob?jk=6773a1d07ae5ea99&qd=usoBPHMd3vYN69bRu-PQwcxBheEzuNOj46oJk2PU6yPPaaBuvSwk2ub69Dxr0mQT30-4cI82QyB8ovHPH96abam1Aj3izkOw87NHJgxznYA&indpubnum=3338919744720141&atk=1bb5147ts1buc04l","onmousedown":"indeed_clk(this,'9819');","jobkey":"6773a1d07ae5ea99","sponsored":false,"expired":false,"indeedApply":false,"formattedLocationFull":"Seattle, WA","formattedRelativeTime":"39 minutes ago","stations":""},{"jobtitle":"Backend Intern - Summer '17","company":"Gametime United, Inc.","city":"San Francisco","state":"CA","country":"US","formattedLocation":"San Francisco, CA","source":"Gametime United, Inc.","date":"Mon, 13 Mar 2017 22:50:09 GMT","snippet":"<b>Java</b>, Objective C, C++, Python, Ruby, Go, etc. Gametime was named &quot;the fastest growing ticket company ever&quot; by Business Insider (link below) and connects...","url":"http://www.indeed.com/viewjob?jk=2fec02993113d63d&qd=usoBPHMd3vYN69bRu-PQwcxBheEzuNOj46oJk2PU6yPPaaBuvSwk2ub69Dxr0mQT30-4cI82QyB8ovHPH96abam1Aj3izkOw87NHJgxznYA&indpubnum=3338919744720141&atk=1bb5147ts1buc04l","onmousedown":"indeed_clk(this,'9819');","jobkey":"2fec02993113d63d","sponsored":false,"expired":false,"indeedApply":false,"formattedLocationFull":"San Francisco, CA","formattedRelativeTime":"57 minutes ago","stations":""},{"jobtitle":"ThingWorx R&D ThingWorx Product Owner","company":"PTC","city":"Exton","state":"PA","country":"US","formattedLocation":"Exton, PA","source":"PTC","date":"Mon, 13 Mar 2017 22:47:44 GMT","snippet":"Hands-on programming in <b>Java</b>, C/C++, or C#. Experience with <b>Java</b>, Javascript, and other languages is beneficial....","url":"http://www.indeed.com/viewjob?jk=53aa906767f507b0&qd=usoBPHMd3vYN69bRu-PQwcxBheEzuNOj46oJk2PU6yPPaaBuvSwk2ub69Dxr0mQT30-4cI82QyB8ovHPH96abam1Aj3izkOw87NHJgxznYA&indpubnum=3338919744720141&atk=1bb5147ts1buc04l","onmousedown":"indeed_clk(this,'9819');","jobkey":"53aa906767f507b0","sponsored":false,"expired":false,"indeedApply":false,"formattedLocationFull":"Exton, PA","formattedRelativeTime":"1 hour ago","stations":""},{"jobtitle":"Software Engineer In Test","company":"Springboard Auto","city":"Irvine","state":"CA","country":"US","formattedLocation":"Irvine, CA","source":"Springboard Auto","date":"Mon, 13 Mar 2017 22:17:31 GMT","snippet":"Who we are: SpringboardAuto is bringing the fintech revolution to the trillion dollar automotive transaction market. Founded and led by leaders of the auto...","url":"http://www.indeed.com/viewjob?jk=e34d14231b53c433&qd=usoBPHMd3vYN69bRu-PQwcxBheEzuNOj46oJk2PU6yPPaaBuvSwk2ub69Dxr0mQT30-4cI82QyB8ovHPH96abam1Aj3izkOw87NHJgxznYA&indpubnum=3338919744720141&atk=1bb5147ts1buc04l","onmousedown":"indeed_clk(this,'9819');","jobkey":"e34d14231b53c433","sponsored":false,"expired":false,"indeedApply":false,"formattedLocationFull":"Irvine, CA 92618","formattedRelativeTime":"1 hour ago","stations":""}]}