{"version":2,"query":"java","location":"","paginationPayload":"","dupefilter":true,"highlight":true,"totalResults":1192,"start":401,"end":425,"pageNumber":16,"results":[{"jobtitle":"Manager - Data Manager","company":"University of Texas at Austin","city":"Austin","state":"TX","country":"US","formattedLocation":"Austin, TX","source":"University of Texas at Austin","date":"Mon, 13 Mar 2017 22:38:59 GMT","snippet":"Programming in SQL, <b>Java</b> or C++. Manage and respond to internal and external data needs, including coordinating data requests, understanding the purpose of the...","url":"http://www.indeed.com/viewjob?jk=46e1ea1f62315c65&qd=usoBPHMd3vYN69bRu-PQwcxBheEzuNOj46oJk2PU6yPPaaBuvSwk2ub69Dxr0mQTjPTrbQKUpbrpDEu0vxwq5Km1Aj3izkOw87NHJgxznYA&indpubnum=3338919744720141&atk=1bb51497ea3oidvu","onmousedown":"indeed_clk(this,'1148');","jobkey":"46e1ea1f62315c65","sponsored":false,"expired":false,"indeedApply":false,"formattedLocationFull":"Austin, TX","formattedRelativeTime":"1 hour ago","stations":""},{"jobtitle":"Senior Java developer with strong Core Java -PP ID 755","company":"Starpoint Solutions","city":"Wilmington","state":"DE","country":"US","formattedLocation":"Wilmington, DE","source":"Starpoint Solutions","date":"Mon, 13 Mar 2017 22:29:40 GMT","snippet":"Strong <b>Java</b> knowledge. Some han ds on experience in writing MapReduce jobs in <b>Java</b>, Pig, or Hive. Worked in a Hadoop environment as a Developer....","url":"http://www.indeed.com/viewjob?jk=a8d8a42af9a06ce1&qd=usoBPHMd3vYN69bRu-PQwcxBheEzuNOj46oJk2PU6yPPaaBuvSwk2ub69Dxr0mQTjPTrbQKUpbrpDEu0vxwq5Km1Aj3izkOw87NHJgxznYA&indpubnum=3338919744720141&atk=1bb51497ea3oidvu","onmousedown":"indeed_clk(this,'1148');","jobkey":"a8d8a42af9a06ce1","sponsored":false,"expired":false,"indeedApply":false,"formattedLocationFull":"Wilmington, DE 19801","formattedRelativeTime":"1 hour ago","stations":""},{"jobtitle":"Web Sphere/LDAP Administrator - W5053","company":"Dept of Social Services","city":"Richmond","state":"VA","country":"US","formattedLocation":"Richmond, VA","source":"Virginia Jobs","date":"Sun, 12 Mar 2017 10:41:57 GMT","snippet":"IBM WebSphere Application Server (WAS), IBM WebSphere Enterprise Service Bus (WESB), IBM WAS Network Deployment (ND), building and deploying Enterprise Archives...","url":"http://www.indeed.com/viewjob?jk=3b33422145cf80e4&qd=usoBPHMd3vYN69bRu-PQwcxBheEzuNOj46oJk2PU6yPPaaBuvSwk2ub69Dxr0mQTjPTrbQKUpbrpDEu0vxwq5Km1Aj3izkOw87NHJgxznYA&indpubnum=3338919744720141&atk=1bb51497ea3oidvu","onmousedown":"indeed_clk(this,'1148');","jobkey":"3b33422145cf80e4","sponsored":false,"expired":false,"indeedApply":false,"formattedLocationFull":"Richmond, VA","formattedRelativeTime":"1 day ago","stations":""},{"jobtitle":"Senior Backend Engineer - Data Engineering","company":"Unity Technologies","city":"San Francisco","state":"CA","country":"US","formattedLocation":"San Francisco, CA","source":"Unity Technologies","date":"Mon, 13 Mar 2017 21:52:26 GMT","snippet":"5 years professional programming experience in <b>Java</b>. You love data science, and have done some work in <b>Java</b> and Hadoop to help build and/or maintain systems in...","url":"http://www.indeed.com/viewjob?jk=dfbb5059060324ab&qd=usoBPHMd3vYN69bRu-PQwcxBheEzuNOj46oJk2PU6yPPaaBuvSwk2ub69Dxr0mQTjPTrbQKUpbrpDEu0vxwq5Km1Aj3izkOw87NHJgxznYA&indpubnum=3338919744720141&atk=1bb51497ea3oidvu","onmousedown":"indeed_clk(this,'1148');","jobkey":"dfbb5059060324ab","sponsored":false,"expired":false,"indeedApply":true,"formattedLocationFull":"San Francisco, CA","formattedRelativeTime":"1 hour ago","stations":""},{"jobtitle":"Sr Java/J2ee Developer","company":"DivIHN Integration, Inc","city":"Lemont","state":"IL","country":"US","formattedLocation":"Lemont, IL","source":"Indeed","date":"Mon, 13 Mar 2017 16:59:49 GMT","snippet":"Sr <b>Java</b>/ J2ee Developer*. Contractor will develop web applications in Oracle Fusion middleware, <b>Java</b> Spring MVC framework, and <b>Java</b> web services....","url":"http://www.indeed.com/viewjob?jk=d98d266c968bd237&qd=usoBPHMd3vYN69bRu-PQwcxBheEzuNOj46oJk2PU6yPPaaBuvSwk2ub69Dxr0mQTjPTrbQKUpbrpDEu0vxwq5Km1Aj3izkOw87NHJgxznYA&indpubnum=3338919744720141&atk=1bb51497ea3oidvu","onmousedown":"indeed_clk(this,'1148');","jobkey":"d98d266c968bd237","sponsored":false,"expired":false,"indeedApply":true,"formattedLocationFull":"Lemont, IL","formattedRelativeTime":"6 hours ago","stations":""},{"jobtitle":"Automation Quality Engineer, Entry Level","company":"Nexient","city":"Ann Arbor","state":"MI","country":"US","formattedLocation":"Ann Arbor, MI","source":"Nexient","date":"Mon, 13 Mar 2017 21:53:54 GMT","snippet":"Proficiency with <b>Java</b>, and/or JavaScript, C#/.NET, or C++” with the ability to do basic programming. Nexient is the largest domestic IT services provider, with...","url":"http://www.indeed.com/viewjob?jk=eff683a621d6dd99&qd=usoBPHMd3vYN69bRu-PQwcxBheEzuNOj46oJk2PU6yPPaaBuvSwk2ub69Dxr0mQTjPTrbQKUpbrpDEu0vxwq5Km1Aj3izkOw87NHJgxznYA&indpubnum=3338919744720141&atk=1bb51497ea3oidvu","onmousedown":"indeed_clk(this,'1148');","jobkey":"eff683a621d6dd99","sponsored":false,"expired":false,"indeedApply":true,"formattedLocationFull":"Ann Arbor, MI","formattedRelativeTime":"1 hour ago","stations":""},{"jobtitle":"Application Support Analyst","company":"NSI AMERICA","city":"Township of Warren","state":"NJ","country":"US","formattedLocation":"Township of Warren, NJ","source":"Indeed","date":"Mon, 13 Mar 2017 18:50:45 GMT","snippet":"(Core <b>Java</b>, JSP, Servlet, EJB, MDB:.  Mid level knowledge and experience in <b>Java</b>/J2EE related technologies (Core <b>Java</b>, JSP, Servlet, EJB, MDB)....","url":"http://www.indeed.com/viewjob?jk=2fe64f819a9a96a4&qd=usoBPHMd3vYN69bRu-PQwcxBheEzuNOj46oJk2PU6yPPaaBuvSwk2ub69Dxr0mQTjPTrbQKUpbrpDEu0vxwq5Km1Aj3izkOw87NHJgxznYA&indpubnum=3338919744720141&atk=1bb51497ea3oidvu","onmousedown":"indeed_clk(this,'1148');","jobkey":"2fe64f819a9a96a4","sponsored":false,"expired":false,"indeedApply":true,"formattedLocationFull":"Township of Warren, NJ","formattedRelativeTime":"4 hours ago","stations":""},{"jobtitle":"Software Engineering Co-op","company":"Mitre Corporation","city":"Bedford","state":"MA","country":"US","formattedLocation":"Bedford, MA","source":"Mitre Corporation","date":"Mon, 13 Mar 2017 21:46:18 GMT","snippet":"“Hands-on” skills and familiarity with modern object oriented language(s) (C#, <b>Java</b>, C++, etc.). Ideal candidates are pursuing a degree in Software Engineering,...","url":"http://www.indeed.com/viewjob?jk=271179c615f9dde3&qd=usoBPHMd3vYN69bRu-PQwcxBheEzuNOj46oJk2PU6yPPaaBuvSwk2ub69Dxr0mQTjPTrbQKUpbrpDEu0vxwq5Km1Aj3izkOw87NHJgxznYA&indpubnum=3338919744720141&atk=1bb51497ea3oidvu","onmousedown":"indeed_clk(this,'1148');","jobkey":"271179c615f9dde3","sponsored":false,"expired":false,"indeedApply":false,"formattedLocationFull":"Bedford, MA 01730","formattedRelativeTime":"2 hours ago","stations":""},{"jobtitle":"Software Engineer 2","company":"Paypal","city":"San Jose","state":"CA","country":"US","formattedLocation":"San Jose, CA","source":"Paypal","date":"Mon, 13 Mar 2017 23:07:56 GMT","snippet":"When applying for a job you are required to create an account, if you have already created account - click Sign In. Creating an account will allow you to","url":"http://www.indeed.com/viewjob?jk=b8dedc7f63e65414&qd=usoBPHMd3vYN69bRu-PQwcxBheEzuNOj46oJk2PU6yPPaaBuvSwk2ub69Dxr0mQTjPTrbQKUpbrpDEu0vxwq5Km1Aj3izkOw87NHJgxznYA&indpubnum=3338919744720141&atk=1bb51497ea3oidvu","onmousedown":"indeed_clk(this,'1148');","jobkey":"b8dedc7f63e65414","sponsored":false,"expired":false,"indeedApply":false,"formattedLocationFull":"San Jose, CA","formattedRelativeTime":"39 minutes ago","stations":""},{"jobtitle":"Teaching Position for All Technology & Gaming Enthusiasts!","company":"Zaniac Upper East","city":"New York","state":"NY","country":"US","formattedLocation":"New York, NY","source":"Indeed","date":"Mon, 13 Mar 2017 01:36:59 GMT","snippet":"Computer Programming (Scratch, <b>Java</b>, Python, C#, CSS3, HTML). Send us your resume today!...","url":"http://www.indeed.com/viewjob?jk=25441bce7d8812bc&qd=usoBPHMd3vYN69bRu-PQwcxBheEzuNOj46oJk2PU6yPPaaBuvSwk2ub69Dxr0mQTjPTrbQKUpbrpDEu0vxwq5Km1Aj3izkOw87NHJgxznYA&indpubnum=3338919744720141&atk=1bb51497ea3oidvu","onmousedown":"indeed_clk(this,'1148');","jobkey":"25441bce7d8812bc","sponsored":false,"expired":false,"indeedApply":true,"formattedLocationFull":"New York, NY 10075","formattedRelativeTime":"22 hours ago","stations":""},{"jobtitle":"Teaching Game-Based Learning: Computer Programming","company":"Zaniac Upper East","city":"New York","state":"NY","country":"US","formattedLocation":"New York, NY","source":"Indeed","date":"Mon, 13 Mar 2017 01:31:29 GMT","snippet":"Scratch, Python, Unity, <b>Java</b>, <b>Java</b> Script, HTML, C++. The position entails teaching K-­8th grade students how to code....","url":"http://www.indeed.com/viewjob?jk=2634b00488cfbf4f&qd=usoBPHMd3vYN69bRu-PQwcxBheEzuNOj46oJk2PU6yPPaaBuvSwk2ub69Dxr0mQTjPTrbQKUpbrpDEu0vxwq5Km1Aj3izkOw87NHJgxznYA&indpubnum=3338919744720141&atk=1bb51497ea3oidvu","onmousedown":"indeed_clk(this,'1148');","jobkey":"2634b00488cfbf4f","sponsored":false,"expired":false,"indeedApply":true,"formattedLocationFull":"New York, NY 10075","formattedRelativeTime":"22 hours ago","stations":""},{"jobtitle":"Java Ruby Developer","company":"Momentum Resource Solutions","city":"Manhattan","state":"NY","country":"US","formattedLocation":"Manhattan, NY","source":"Indeed","date":"Mon, 13 Mar 2017 21:31:24 GMT","snippet":"<b>Java</b> &amp; Ruby. Strong core capability in functional and/or OO programming languages:....","url":"http://www.indeed.com/viewjob?jk=c67b2165fd1ed866&qd=usoBPHMd3vYN69bRu-PQwcxBheEzuNOj46oJk2PU6yPPaaBuvSwk2ub69Dxr0mQTjPTrbQKUpbrpDEu0vxwq5Km1Aj3izkOw87NHJgxznYA&indpubnum=3338919744720141&atk=1bb51497ea3oidvu","onmousedown":"indeed_clk(this,'1148');","jobkey":"c67b2165fd1ed866","sponsored":false,"expired":false,"indeedApply":true,"formattedLocationFull":"Manhattan, NY","formattedRelativeTime":"2 hours ago","stations":""},{"jobtitle":"Director, Computational Biology","company":"Inari Agriculture","city":"Medford","state":"MA","country":"US","formattedLocation":"Medford, MA","source":"Indeed","date":"Mon, 13 Mar 2017 13:46:04 GMT","snippet":"C, C++, <b>Java</b>, Scala, Julia, Go). Inari Agriculture (Inari) is a Flagship Pioneering Company....","url":"http://www.indeed.com/viewjob?jk=8106dd6b4a8488ad&qd=usoBPHMd3vYN69bRu-PQwcxBheEzuNOj46oJk2PU6yPPaaBuvSwk2ub69Dxr0mQTjPTrbQKUpbrpDEu0vxwq5Km1Aj3izkOw87NHJgxznYA&indpubnum=3338919744720141&atk=1bb51497ea3oidvu","onmousedown":"indeed_clk(this,'1148');","jobkey":"8106dd6b4a8488ad","sponsored":false,"expired":false,"indeedApply":true,"formattedLocationFull":"Medford, MA","formattedRelativeTime":"10 hours ago","stations":""},{"jobtitle":"Quality Engineer (Java/Selenium)","company":"PRI Technology","city":"New York","state":"NY","country":"US","formattedLocation":"New York, NY","source":"Indeed","date":"Mon, 13 Mar 2017 20:53:23 GMT","snippet":"High level of expertise with <b>Java</b> programming as applied to implementing automated tests with REST services, Selenium, Databases etc....","url":"http://www.indeed.com/viewjob?jk=f88048ae968397f1&qd=usoBPHMd3vYN69bRu-PQwcxBheEzuNOj46oJk2PU6yPPaaBuvSwk2ub69Dxr0mQTjPTrbQKUpbrpDEu0vxwq5Km1Aj3izkOw87NHJgxznYA&indpubnum=3338919744720141&atk=1bb51497ea3oidvu","onmousedown":"indeed_clk(this,'1148');","jobkey":"f88048ae968397f1","sponsored":false,"expired":false,"indeedApply":true,"formattedLocationFull":"New York, NY","formattedRelativeTime":"2 hours ago","stations":""},{"jobtitle":"Java Software Developer","company":"IJC Associates","city":"New York","state":"NY","country":"US","formattedLocation":"New York, NY","source":"Indeed","date":"Mon, 13 Mar 2017 19:26:20 GMT","snippet":"Very solid core <b>Java</b> and SQL experiences in the linux environment are critical. Interest in software engineering, trading system development and maintenance....","url":"http://www.indeed.com/viewjob?jk=197810565faf7a23&qd=usoBPHMd3vYN69bRu-PQwcxBheEzuNOj46oJk2PU6yPPaaBuvSwk2ub69Dxr0mQTjPTrbQKUpbrpDEu0vxwq5Km1Aj3izkOw87NHJgxznYA&indpubnum=3338919744720141&atk=1bb51497ea3oidvu","onmousedown":"indeed_clk(this,'1148');","jobkey":"197810565faf7a23","sponsored":false,"expired":false,"indeedApply":true,"formattedLocationFull":"New York, NY","formattedRelativeTime":"4 hours ago","stations":""},{"jobtitle":"Java Weblogic Developer","company":"Best IT Experts Inc","city":"Brea","state":"CA","country":"US","formattedLocation":"Brea, CA","source":"Indeed","date":"Mon, 13 Mar 2017 16:27:33 GMT","snippet":"Location : Anaheim, Ca Duration : Long Term *W2 only* *GC/USC* are given first priority Required Skills * Around 9 years in software development in Java *...","url":"http://www.indeed.com/viewjob?jk=bb744d225de628e2&qd=usoBPHMd3vYN69bRu-PQwcxBheEzuNOj46oJk2PU6yPPaaBuvSwk2ub69Dxr0mQTjPTrbQKUpbrpDEu0vxwq5Km1Aj3izkOw87NHJgxznYA&indpubnum=3338919744720141&atk=1bb51497ea3oidvu","onmousedown":"indeed_clk(this,'1148');","jobkey":"bb744d225de628e2","sponsored":false,"expired":false,"indeedApply":true,"formattedLocationFull":"Brea, CA","formattedRelativeTime":"7 hours ago","stations":""},{"jobtitle":"Product Engineer - Intermediate","company":"Onward Group","city":"","state":"","country":"US","formattedLocation":"United States","source":"Onward Group","date":"Mon, 13 Mar 2017 16:13:27 GMT","snippet":"Web programming experience using <b>Java</b>. Perform software maintenance tasks to the PCs, operating system, database, etc...*....","url":"http://www.indeed.com/viewjob?jk=db96e5d99355105f&qd=usoBPHMd3vYN69bRu-PQwcxBheEzuNOj46oJk2PU6yPPaaBuvSwk2ub69Dxr0mQTjPTrbQKUpbrpDEu0vxwq5Km1Aj3izkOw87NHJgxznYA&indpubnum=3338919744720141&atk=1bb51497ea3oidvu","onmousedown":"indeed_clk(this,'1148');","jobkey":"db96e5d99355105f","sponsored":false,"expired":false,"indeedApply":false,"formattedLocationFull":"United States","formattedRelativeTime":"7 hours ago","stations":""},{"jobtitle":"Carrier Ops Engineer","company":"CallFire Inc.","city":"Santa Monica","state":"CA","country":"US","formattedLocation":"Santa Monica, CA","source":"CallFire Inc.","date":"Sun, 12 Mar 2017 08:08:21 GMT","snippet":"CallFire is looking for a motivated individual ready to start a career in a growing telecommunications company as a Junior DevOps Engineer. Please submit a","url":"http://www.indeed.com/viewjob?jk=57bdf5d3e7017312&qd=usoBPHMd3vYN69bRu-PQwcxBheEzuNOj46oJk2PU6yPPaaBuvSwk2ub69Dxr0mQTjPTrbQKUpbrpDEu0vxwq5Km1Aj3izkOw87NHJgxznYA&indpubnum=3338919744720141&atk=1bb51497ea3oidvu","onmousedown":"indeed_clk(this,'1148');","jobkey":"57bdf5d3e7017312","sponsored":false,"expired":false,"indeedApply":true,"formattedLocationFull":"Santa Monica, CA","formattedRelativeTime":"1 day ago","stations":""},{"jobtitle":"EMS Java Developer (Server Side)","company":"EmployersBench","city":"San Jose","state":"CA","country":"US","formattedLocation":"San Jose, CA","source":"Indeed","date":"Mon, 13 Mar 2017 01:30:19 GMT","snippet":"<b>Java</b> server-side applications (J2SE). <b>Java</b> libraries and frameworks like <b>Java</b>-Spring. Our client is looking for an EMS Developer with experience in the...","url":"http://www.indeed.com/viewjob?jk=750db07e4ce6bd5e&qd=usoBPHMd3vYN69bRu-PQwcxBheEzuNOj46oJk2PU6yPPaaBuvSwk2ub69Dxr0mQTjPTrbQKUpbrpDEu0vxwq5Km1Aj3izkOw87NHJgxznYA&indpubnum=3338919744720141&atk=1bb51497ea3oidvu","onmousedown":"indeed_clk(this,'1148');","jobkey":"750db07e4ce6bd5e","sponsored":false,"expired":false,"indeedApply":true,"formattedLocationFull":"San Jose, CA","formattedRelativeTime":"22 hours ago","stations":""},{"jobtitle":"Java Developer - Local to CA","company":"Omega Solutions Inc","city":"San Jose","state":"CA","country":"US","formattedLocation":"San Jose, CA","source":"Indeed","date":"Sun, 12 Mar 2017 22:30:33 GMT","snippet":"<b>Java</b> and Front End Engineering. Looking for <b>Java</b> Developers immediately - local candidates only.*. Must have 6+ years of experience as <b>Java</b> Developer....","url":"http://www.indeed.com/viewjob?jk=c3e8e140c2cb3e1a&qd=usoBPHMd3vYN69bRu-PQwcxBheEzuNOj46oJk2PU6yPPaaBuvSwk2ub69Dxr0mQTjPTrbQKUpbrpDEu0vxwq5Km1Aj3izkOw87NHJgxznYA&indpubnum=3338919744720141&atk=1bb51497ea3oidvu","onmousedown":"indeed_clk(this,'1148');","jobkey":"c3e8e140c2cb3e1a","sponsored":false,"expired":false,"indeedApply":true,"formattedLocationFull":"San Jose, CA","formattedRelativeTime":"1 day ago","stations":""},{"jobtitle":"Sr. Software Platform Architect","company":"Comcast","city":"Philadelphia","state":"PA","country":"US","formattedLocation":"Philadelphia, PA","source":"Comcast","date":"Mon, 13 Mar 2017 20:06:25 GMT","snippet":"REST Architecture, Microservices Architecture, Continuous Integration, <b>Java</b>, Scala, Docker, Kubernetes, and NoSQL....","url":"http://www.indeed.com/viewjob?jk=7a431d56600677bf&qd=usoBPHMd3vYN69bRu-PQwcxBheEzuNOj46oJk2PU6yPPaaBuvSwk2ub69Dxr0mQTjPTrbQKUpbrpDEu0vxwq5Km1Aj3izkOw87NHJgxznYA&indpubnum=3338919744720141&atk=1bb51497ea3oidvu","onmousedown":"indeed_clk(this,'1148');","jobkey":"7a431d56600677bf","sponsored":false,"expired":false,"indeedApply":false,"formattedLocationFull":"Philadelphia, PA 19103","formattedRelativeTime":"3 hours ago","stations":""},{"jobtitle":"Sr. Software Eng","company":"Raytheon","city":"Sterling","state":"VA","country":"US","formattedLocation":"Sterling, VA","source":"Raytheon","date":"Mon, 13 Mar 2017 18:07:04 GMT","snippet":"Python, Bash/shell, C, C++, SQL, JavaScript, PHP, Perl, Ruby, Java; Raytheon is a premier engineering company which provides technical solutions in software...","url":"http://www.indeed.com/viewjob?jk=afd7c34eabbc2de5&qd=usoBPHMd3vYN69bRu-PQwcxBheEzuNOj46oJk2PU6yPPaaBuvSwk2ub69Dxr0mQTjPTrbQKUpbrpDEu0vxwq5Km1Aj3izkOw87NHJgxznYA&indpubnum=3338919744720141&atk=1bb51497ea3oidvu","onmousedown":"indeed_clk(this,'1148');","jobkey":"afd7c34eabbc2de5","sponsored":false,"expired":false,"indeedApply":false,"formattedLocationFull":"Sterling, VA","formattedRelativeTime":"5 hours ago","stations":""},{"jobtitle":"Connectivity Operations Engineer, virtual/remote (3769985)","company":"Quest Diagnostics","city":"Remote","state":"","country":"US","formattedLocation":"Remote","source":"Indeed","date":"Mon, 13 Mar 2017 20:25:53 GMT","snippet":"*Quest Diagnostics (NYSE: DGX) is seeking a* *Connectivity Operations Engineer. This role is remote/virtual.* The Connectivity Operations Engineer will","url":"http://www.indeed.com/viewjob?jk=c1b49585f3ad71ce&qd=usoBPHMd3vYN69bRu-PQwcxBheEzuNOj46oJk2PU6yPPaaBuvSwk2ub69Dxr0mQTjPTrbQKUpbrpDEu0vxwq5Km1Aj3izkOw87NHJgxznYA&indpubnum=3338919744720141&atk=1bb51497ea3oidvu","onmousedown":"indeed_clk(this,'1148');","jobkey":"c1b49585f3ad71ce","sponsored":false,"expired":false,"indeedApply":true,"formattedLocationFull":"Remote","formattedRelativeTime":"3 hours ago","stations":""},{"jobtitle":"Sr Engineer, Software","company":"General Dynamics Information Technology","city":"Falls Church","state":"VA","country":"US","formattedLocation":"Falls Church, VA","source":"General Dynamics Information Technology","date":"Mon, 13 Mar 2017 16:52:25 GMT","snippet":"Strong object oriented programming skills in <b>Java</b> and/or C++. As a trusted systems integrator for more than 50 years, General Dynamics Information Technology...","url":"http://www.indeed.com/viewjob?jk=f61bc40a74cb6384&qd=usoBPHMd3vYN69bRu-PQwcxBheEzuNOj46oJk2PU6yPPaaBuvSwk2ub69Dxr0mQTjPTrbQKUpbrpDEu0vxwq5Km1Aj3izkOw87NHJgxznYA&indpubnum=3338919744720141&atk=1bb51497ea3oidvu","onmousedown":"indeed_clk(this,'1148');","jobkey":"f61bc40a74cb6384","sponsored":false,"expired":false,"indeedApply":false,"formattedLocationFull":"Falls Church, VA","formattedRelativeTime":"6 hours ago","stations":""},{"jobtitle":"Sr Software Engineer 1167.106","company":"Vision Service Plan","city":"Rancho Cordova","state":"CA","country":"US","formattedLocation":"Rancho Cordova, CA","source":"Vision Service Plan","date":"Mon, 13 Mar 2017 15:40:13 GMT","snippet":"Core <b>Java</b>, J2EE, HTML5, jQuery, SQL, Junit, AJAX, AngularJS, JavaScript, and JMeter; VSP Global is comprised of five complementary businesses that combine high...","url":"http://www.indeed.com/viewjob?jk=693d8b04646aeb1f&qd=usoBPHMd3vYN69bRu-PQwcxBheEzuNOj46oJk2PU6yPPaaBuvSwk2ub69Dxr0mQTjPTrbQKUpbrpDEu0vxwq5Km1Aj3izkOw87NHJgxznYA&indpubnum=3338919744720141&atk=1bb51497ea3oidvu","onmousedown":"indeed_clk(this,'1148');","jobkey":"693d8b04646aeb1f","sponsored":false,"expired":false,"indeedApply":false,"formattedLocationFull":"Rancho Cordova, CA 95670","formattedRelativeTime":"8 hours ago","stations":""}]}