{"version":2,"query":"java","location":"","paginationPayload":"","dupefilter":true,"highlight":true,"totalResults":1192,"start":551,"end":575,"pageNumber":22,"results":[{"jobtitle":"Software Developer","company":"Jones Networking","city":"Herndon","state":"VA","country":"US","formattedLocation":"Herndon, VA","source":"Jones Networking","date":"Mon, 13 Mar 2017 08:21:13 GMT","snippet":"Ability to program in <b>Java</b>, Python, XML, ASP.Net or other server-side cross-platform languages. Information Technology - Systems Integration Group....","url":"http://www.indeed.com/viewjob?jk=2064ff78399175f7&qd=usoBPHMd3vYN69bRu-PQwcxBheEzuNOj46oJk2PU6yPPaaBuvSwk2ub69Dxr0mQTERp4f6wFZAqzeyPK_mKiS6m1Aj3izkOw87NHJgxznYA&indpubnum=3338919744720141&atk=1bb5148ro1a1f0k9","onmousedown":"indeed_clk(this,'775');","jobkey":"2064ff78399175f7","sponsored":false,"expired":false,"indeedApply":true,"formattedLocationFull":"Herndon, VA 20170","formattedRelativeTime":"15 hours ago","stations":""},{"jobtitle":"Staff IT Software Specialist","company":"ARRIS Group, Inc.","city":"Suwanee","state":"GA","country":"US","formattedLocation":"Suwanee, GA","source":"ARRIS Group, Inc.","date":"Mon, 13 Mar 2017 23:10:27 GMT","snippet":"<b>Java</b> scripts for process extension is a plus. ARRIS is a premier video and broadband technology company that transforms how service providers worldwide deliver...","url":"http://www.indeed.com/viewjob?jk=f6bc6ae9bde630ab&qd=usoBPHMd3vYN69bRu-PQwcxBheEzuNOj46oJk2PU6yPPaaBuvSwk2ub69Dxr0mQTERp4f6wFZAqzeyPK_mKiS6m1Aj3izkOw87NHJgxznYA&indpubnum=3338919744720141&atk=1bb5148ro1a1f0k9","onmousedown":"indeed_clk(this,'775');","jobkey":"f6bc6ae9bde630ab","sponsored":false,"expired":false,"indeedApply":false,"formattedLocationFull":"Suwanee, GA 30024","formattedRelativeTime":"37 minutes ago","stations":""},{"jobtitle":"Java Engineer","company":"The HT Group","city":"Austin","state":"TX","country":"US","formattedLocation":"Austin, TX","source":"Indeed","date":"Mon, 13 Mar 2017 20:43:43 GMT","snippet":"3+ years <b>Java</b> engineering and integration experience. _Are you a <b>Java</b> Engineer looking for an innovative and creative team?_*....","url":"http://www.indeed.com/viewjob?jk=3e8fde96ec846373&qd=usoBPHMd3vYN69bRu-PQwcxBheEzuNOj46oJk2PU6yPPaaBuvSwk2ub69Dxr0mQTERp4f6wFZAqzeyPK_mKiS6m1Aj3izkOw87NHJgxznYA&indpubnum=3338919744720141&atk=1bb5148ro1a1f0k9","onmousedown":"indeed_clk(this,'775');","jobkey":"3e8fde96ec846373","sponsored":false,"expired":false,"indeedApply":true,"formattedLocationFull":"Austin, TX 78731","formattedRelativeTime":"3 hours ago","stations":""},{"jobtitle":"Techical Delivery Specialist","company":"ABIS Solutions","city":"Albany","state":"NY","country":"US","formattedLocation":"Albany, NY","source":"ABIS Solutions","date":"Mon, 13 Mar 2017 21:43:33 GMT","snippet":"Technical Analysis - Analyze functional and non-functional requirements for <b>java</b> development projects involving J2EE, <b>Java</b>, Drools, JSF,EJB,Log4j,JSP, HTML, JMS...","url":"http://www.indeed.com/viewjob?jk=d5e76f502cabc003&qd=usoBPHMd3vYN69bRu-PQwcxBheEzuNOj46oJk2PU6yPPaaBuvSwk2ub69Dxr0mQTERp4f6wFZAqzeyPK_mKiS6m1Aj3izkOw87NHJgxznYA&indpubnum=3338919744720141&atk=1bb5148ro1a1f0k9","onmousedown":"indeed_clk(this,'775');","jobkey":"d5e76f502cabc003","sponsored":false,"expired":false,"indeedApply":false,"formattedLocationFull":"Albany, NY","formattedRelativeTime":"2 hours ago","stations":""},{"jobtitle":"Cyber Operations Specialist","company":"IOMAXIS","city":"Springfield","state":"VA","country":"US","formattedLocation":"Springfield, VA","source":"IOMAXIS","date":"Mon, 13 Mar 2017 17:38:14 GMT","snippet":"Assembly x86/x64, C, C++, Python, JavaScript, <b>Java</b>, PHP, and HTML. The Cyber Operations Specialist shall provide technical and engineering technical and...","url":"http://www.indeed.com/viewjob?jk=c26825d8adae087d&qd=usoBPHMd3vYN69bRu-PQwcxBheEzuNOj46oJk2PU6yPPaaBuvSwk2ub69Dxr0mQTERp4f6wFZAqzeyPK_mKiS6m1Aj3izkOw87NHJgxznYA&indpubnum=3338919744720141&atk=1bb5148ro1a1f0k9","onmousedown":"indeed_clk(this,'775');","jobkey":"c26825d8adae087d","sponsored":false,"expired":false,"indeedApply":false,"formattedLocationFull":"Springfield, VA 22150","formattedRelativeTime":"6 hours ago","stations":""},{"jobtitle":"Associate Security Response Specialist","company":"Red Hat, Inc.","city":"Remote","state":"","country":"US","formattedLocation":"Remote","source":"Red Hat, Inc.","date":"Mon, 13 Mar 2017 12:27:27 GMT","snippet":"Proficiency in coding using C, Python, <b>Java</b>, Bash, and similar languages. At Red Hat, we connect an innovative community of customers, partners, and...","url":"http://www.indeed.com/viewjob?jk=10d0b1e9625a76e7&qd=usoBPHMd3vYN69bRu-PQwcxBheEzuNOj46oJk2PU6yPPaaBuvSwk2ub69Dxr0mQTERp4f6wFZAqzeyPK_mKiS6m1Aj3izkOw87NHJgxznYA&indpubnum=3338919744720141&atk=1bb5148ro1a1f0k9","onmousedown":"indeed_clk(this,'775');","jobkey":"10d0b1e9625a76e7","sponsored":false,"expired":false,"indeedApply":false,"formattedLocationFull":"Remote","formattedRelativeTime":"11 hours ago","stations":""},{"jobtitle":"Full Stack Software Engineer","company":"Nine Summer","city":"","state":"CT","country":"US","formattedLocation":"Connecticut","source":"Nine Summer","date":"Mon, 13 Mar 2017 10:56:22 GMT","snippet":"<b>Java</b> Server Faces (JSF) and bonus points for having coded any Apex/Visualforce. Supporting components are written in Ruby (Rails), <b>Java</b> (Android), and...","url":"http://www.indeed.com/viewjob?jk=b8905394d997ba25&qd=usoBPHMd3vYN69bRu-PQwcxBheEzuNOj46oJk2PU6yPPaaBuvSwk2ub69Dxr0mQTERp4f6wFZAqzeyPK_mKiS6m1Aj3izkOw87NHJgxznYA&indpubnum=3338919744720141&atk=1bb5148ro1a1f0k9","onmousedown":"indeed_clk(this,'775');","jobkey":"b8905394d997ba25","sponsored":false,"expired":false,"indeedApply":true,"formattedLocationFull":"Connecticut","formattedRelativeTime":"12 hours ago","stations":""},{"jobtitle":"Perl Developer With Java","company":"HSS Soft LLC","city":"New York","state":"NY","country":"US","formattedLocation":"New York, NY","source":"Indeed","date":"Mon, 13 Mar 2017 17:53:38 GMT","snippet":"Perl Developer With <b>Java</b>. Required to work on the *server side / batch processes, with expertise in <b>java</b>, oracle, Perl*. New York City....","url":"http://www.indeed.com/viewjob?jk=5a67199c0367194e&qd=usoBPHMd3vYN69bRu-PQwcxBheEzuNOj46oJk2PU6yPPaaBuvSwk2ub69Dxr0mQTERp4f6wFZAqzeyPK_mKiS6m1Aj3izkOw87NHJgxznYA&indpubnum=3338919744720141&atk=1bb5148ro1a1f0k9","onmousedown":"indeed_clk(this,'775');","jobkey":"5a67199c0367194e","sponsored":false,"expired":false,"indeedApply":true,"formattedLocationFull":"New York, NY","formattedRelativeTime":"5 hours ago","stations":""},{"jobtitle":"Java Full Stack Lead with Microservice","company":"KRG Tech","city":"Chicago","state":"IL","country":"US","formattedLocation":"Chicago, IL","source":"Indeed","date":"Mon, 13 Mar 2017 17:01:32 GMT","snippet":"<b>Java</b> Full Stack Lead with Microservice. We are looking for <b>Java</b> Full Stack Lead with Microservice @ Hudson, OH / Chicago, IL / Indianapolis, IN for the below...","url":"http://www.indeed.com/viewjob?jk=a6db4735f1526dfd&qd=usoBPHMd3vYN69bRu-PQwcxBheEzuNOj46oJk2PU6yPPaaBuvSwk2ub69Dxr0mQTERp4f6wFZAqzeyPK_mKiS6m1Aj3izkOw87NHJgxznYA&indpubnum=3338919744720141&atk=1bb5148ro1a1f0k9","onmousedown":"indeed_clk(this,'775');","jobkey":"a6db4735f1526dfd","sponsored":false,"expired":false,"indeedApply":true,"formattedLocationFull":"Chicago, IL","formattedRelativeTime":"6 hours ago","stations":""},{"jobtitle":"Angualar JS Developers","company":"Brainhunters","city":"San Jose","state":"CA","country":"US","formattedLocation":"San Jose, CA","source":"Indeed","date":"Mon, 13 Mar 2017 22:18:03 GMT","snippet":"Knowledge of <b>Java</b> scripting, SQL, high-level scripting languages, version-control, or CMS systems a plus. Angualar JS Developers....","url":"http://www.indeed.com/viewjob?jk=163665b39ea8aadf&qd=usoBPHMd3vYN69bRu-PQwcxBheEzuNOj46oJk2PU6yPPaaBuvSwk2ub69Dxr0mQTERp4f6wFZAqzeyPK_mKiS6m1Aj3izkOw87NHJgxznYA&indpubnum=3338919744720141&atk=1bb5148ro1a1f0k9","onmousedown":"indeed_clk(this,'775');","jobkey":"163665b39ea8aadf","sponsored":false,"expired":false,"indeedApply":true,"formattedLocationFull":"San Jose, CA","formattedRelativeTime":"1 hour ago","stations":""},{"jobtitle":"Java Architect/Lead","company":"Radus Tek Services","city":"McLean","state":"VA","country":"US","formattedLocation":"McLean, VA","source":"Indeed","date":"Mon, 13 Mar 2017 14:29:59 GMT","snippet":"Experience in design, development, integration and testing of software solutions based on J2EE technologies including servlets, <b>Java</b> Server Pages (JSP), JDBC,...","url":"http://www.indeed.com/viewjob?jk=75b2c091bffdc44b&qd=usoBPHMd3vYN69bRu-PQwcxBheEzuNOj46oJk2PU6yPPaaBuvSwk2ub69Dxr0mQTERp4f6wFZAqzeyPK_mKiS6m1Aj3izkOw87NHJgxznYA&indpubnum=3338919744720141&atk=1bb5148ro1a1f0k9","onmousedown":"indeed_clk(this,'775');","jobkey":"75b2c091bffdc44b","sponsored":false,"expired":false,"indeedApply":true,"formattedLocationFull":"McLean, VA","formattedRelativeTime":"9 hours ago","stations":""},{"jobtitle":"Release Management Engineer","company":"Vision Technology Services","city":"Owings Mills","state":"MD","country":"US","formattedLocation":"Owings Mills, MD","source":"Indeed","date":"Mon, 13 Mar 2017 19:23:42 GMT","snippet":"Software &amp; Application Development ( .Net and <b>Java</b> ). The environments contain a significant number of tier 1 applications on various platforms that services...","url":"http://www.indeed.com/viewjob?jk=03123f4f28633618&qd=usoBPHMd3vYN69bRu-PQwcxBheEzuNOj46oJk2PU6yPPaaBuvSwk2ub69Dxr0mQTERp4f6wFZAqzeyPK_mKiS6m1Aj3izkOw87NHJgxznYA&indpubnum=3338919744720141&atk=1bb5148ro1a1f0k9","onmousedown":"indeed_clk(this,'775');","jobkey":"03123f4f28633618","sponsored":false,"expired":false,"indeedApply":true,"formattedLocationFull":"Owings Mills, MD","formattedRelativeTime":"4 hours ago","stations":""},{"jobtitle":"Tibco Spotfire Specialist with Project Management and analytics experience","company":"PerkinElmer","city":"Thousand Oaks","state":"CA","country":"US","formattedLocation":"Thousand Oaks, CA","source":"PerkinElmer","date":"Sun, 12 Mar 2017 17:33:52 GMT","snippet":"And integration between <b>Java</b> application and. Involving enterprise analytics systems, ideally from. The OneSource Lab Computing Service Engineer provides....","url":"http://www.indeed.com/viewjob?jk=969da9c1c29c1337&qd=usoBPHMd3vYN69bRu-PQwcxBheEzuNOj46oJk2PU6yPPaaBuvSwk2ub69Dxr0mQTERp4f6wFZAqzeyPK_mKiS6m1Aj3izkOw87NHJgxznYA&indpubnum=3338919744720141&atk=1bb5148ro1a1f0k9","onmousedown":"indeed_clk(this,'775');","jobkey":"969da9c1c29c1337","sponsored":false,"expired":false,"indeedApply":false,"formattedLocationFull":"Thousand Oaks, CA 91358","formattedRelativeTime":"1 day ago","stations":""},{"jobtitle":"Senior Software Engineer: Product Engineering","company":"DigitalOcean","city":"New York","state":"NY","country":"US","formattedLocation":"New York, NY","source":"DigitalOcean","date":"Mon, 13 Mar 2017 14:59:10 GMT","snippet":"Excellent skills in at least two programming languages, preferably (but not restricted to) Go, Ruby, JavaScript, Python, <b>Java</b>, or Scala....","url":"http://www.indeed.com/viewjob?jk=c22d0cb87bb8abd3&qd=usoBPHMd3vYN69bRu-PQwcxBheEzuNOj46oJk2PU6yPPaaBuvSwk2ub69Dxr0mQTERp4f6wFZAqzeyPK_mKiS6m1Aj3izkOw87NHJgxznYA&indpubnum=3338919744720141&atk=1bb5148ro1a1f0k9","onmousedown":"indeed_clk(this,'775');","jobkey":"c22d0cb87bb8abd3","sponsored":false,"expired":false,"indeedApply":true,"formattedLocationFull":"New York, NY","formattedRelativeTime":"8 hours ago","stations":""},{"jobtitle":"AST-DISTRIBUTED COMPUTER SYSTEMS CONSULTANT","company":"The State of Florida","city":"Tallahassee","state":"FL","country":"US","formattedLocation":"Tallahassee, FL","source":"The State of Florida","date":"Mon, 13 Mar 2017 23:08:45 GMT","snippet":"Experience in Open Source web software installation and support (Apache, Nginx, JBoss, Tomcat, PHP, <b>Java</b>, RubyRails)....","url":"http://www.indeed.com/viewjob?jk=01fc77a85d5a4bf6&qd=usoBPHMd3vYN69bRu-PQwcxBheEzuNOj46oJk2PU6yPPaaBuvSwk2ub69Dxr0mQTERp4f6wFZAqzeyPK_mKiS6m1Aj3izkOw87NHJgxznYA&indpubnum=3338919744720141&atk=1bb5148ro1a1f0k9","onmousedown":"indeed_clk(this,'775');","jobkey":"01fc77a85d5a4bf6","sponsored":false,"expired":false,"indeedApply":false,"formattedLocationFull":"Tallahassee, FL 32399","formattedRelativeTime":"39 minutes ago","stations":""},{"jobtitle":"Software Engineer - Financial Systems","company":"Staples","city":"Framingham","state":"MA","country":"US","formattedLocation":"Framingham, MA","source":"Staples","date":"Mon, 13 Mar 2017 22:26:38 GMT","snippet":"Skills in Node.js, Angular, <b>Java</b>, HTML, CSS, SASS, AJAX, JavaScript, Spring,. Staples is seeking dynamic individuals who....","url":"http://www.indeed.com/viewjob?jk=b0b6d9d463d1782b&qd=usoBPHMd3vYN69bRu-PQwcxBheEzuNOj46oJk2PU6yPPaaBuvSwk2ub69Dxr0mQTERp4f6wFZAqzeyPK_mKiS6m1Aj3izkOw87NHJgxznYA&indpubnum=3338919744720141&atk=1bb5148ro1a1f0k9","onmousedown":"indeed_clk(this,'775');","jobkey":"b0b6d9d463d1782b","sponsored":false,"expired":false,"indeedApply":false,"formattedLocationFull":"Framingham, MA","formattedRelativeTime":"1 hour ago","stations":""},{"jobtitle":"IT Architect III","company":"Global Connections to Employment","city":"Seaside","state":"CA","country":"US","formattedLocation":"Seaside, CA","source":"Global Connections to Employment","date":"Mon, 13 Mar 2017 16:32:27 GMT","snippet":"Bachelor's Degree with 7 or more years of hands-on experience in enterprise IT application development. Participates in all phases of systems development and...","url":"http://www.indeed.com/viewjob?jk=ee92eff409ee6f98&qd=usoBPHMd3vYN69bRu-PQwcxBheEzuNOj46oJk2PU6yPPaaBuvSwk2ub69Dxr0mQTERp4f6wFZAqzeyPK_mKiS6m1Aj3izkOw87NHJgxznYA&indpubnum=3338919744720141&atk=1bb5148ro1a1f0k9","onmousedown":"indeed_clk(this,'775');","jobkey":"ee92eff409ee6f98","sponsored":false,"expired":false,"indeedApply":true,"formattedLocationFull":"Seaside, CA","formattedRelativeTime":"7 hours ago","stations":""},{"jobtitle":"Principle Engineer - Relevance Systems","company":"Groupon","city":"Palo Alto","state":"CA","country":"US","formattedLocation":"Palo Alto, CA","source":"Groupon","date":"Mon, 13 Mar 2017 21:01:16 GMT","snippet":"Explore and develop solutions to these problems Requirements 15 years experience delivering enterprise class services MS in CS or EE 15 years experience...","url":"http://www.indeed.com/viewjob?jk=fe52b04d7a3a47c6&qd=usoBPHMd3vYN69bRu-PQwcxBheEzuNOj46oJk2PU6yPPaaBuvSwk2ub69Dxr0mQTERp4f6wFZAqzeyPK_mKiS6m1Aj3izkOw87NHJgxznYA&indpubnum=3338919744720141&atk=1bb5148ro1a1f0k9","onmousedown":"indeed_clk(this,'775');","jobkey":"fe52b04d7a3a47c6","sponsored":false,"expired":false,"indeedApply":false,"formattedLocationFull":"Palo Alto, CA 94306","formattedRelativeTime":"2 hours ago","stations":""},{"jobtitle":"Business Systems Analyst - Innovation & Integration","company":"RBC","city":"Raleigh","state":"NC","country":"US","formattedLocation":"Raleigh, NC","source":"RBC","date":"Mon, 13 Mar 2017 20:10:25 GMT","snippet":"Knowledge of managing a <b>Java</b> Run-Time Environment. What is the opportunity?...","url":"http://www.indeed.com/viewjob?jk=ef950a1240837902&qd=usoBPHMd3vYN69bRu-PQwcxBheEzuNOj46oJk2PU6yPPaaBuvSwk2ub69Dxr0mQTERp4f6wFZAqzeyPK_mKiS6m1Aj3izkOw87NHJgxznYA&indpubnum=3338919744720141&atk=1bb5148ro1a1f0k9","onmousedown":"indeed_clk(this,'775');","jobkey":"ef950a1240837902","sponsored":false,"expired":false,"indeedApply":false,"formattedLocationFull":"Raleigh, NC 27607","formattedRelativeTime":"3 hours ago","stations":""},{"jobtitle":"AST-DISTRIBUTED COMPUTER SYSTEMS CONSULTANT","company":"PeopleFirst Florida HR","city":"Tallahassee","state":"FL","country":"US","formattedLocation":"Tallahassee, FL","source":"PeopleFirst Florida HR","date":"Mon, 13 Mar 2017 19:25:07 GMT","snippet":"Experience in Open Source web software installation and support (Apache, Nginx, JBoss, Tomcat, PHP, <b>Java</b>, RubyRails)....","url":"http://www.indeed.com/viewjob?jk=f24c5c5b721bf11d&qd=usoBPHMd3vYN69bRu-PQwcxBheEzuNOj46oJk2PU6yPPaaBuvSwk2ub69Dxr0mQTERp4f6wFZAqzeyPK_mKiS6m1Aj3izkOw87NHJgxznYA&indpubnum=3338919744720141&atk=1bb5148ro1a1f0k9","onmousedown":"indeed_clk(this,'775');","jobkey":"f24c5c5b721bf11d","sponsored":false,"expired":false,"indeedApply":false,"formattedLocationFull":"Tallahassee, FL 32399","formattedRelativeTime":"4 hours ago","stations":""},{"jobtitle":"Linux Unix Systems Engineer","company":"IPsoft","city":"Chicago","state":"IL","country":"US","formattedLocation":"Chicago, IL","source":"IPsoft","date":"Mon, 13 Mar 2017 17:26:09 GMT","snippet":"Nagios, <b>Java</b>, Perl or PHP, application servers (Tomcat, JBoss, Weblogic, Apache, Websphere, ATG, Resin), SAN/NAS, VMware, Vblock, AWS, Citrix, EMC, NetBackup,...","url":"http://www.indeed.com/viewjob?jk=f4f205d2caf05d68&qd=usoBPHMd3vYN69bRu-PQwcxBheEzuNOj46oJk2PU6yPPaaBuvSwk2ub69Dxr0mQTERp4f6wFZAqzeyPK_mKiS6m1Aj3izkOw87NHJgxznYA&indpubnum=3338919744720141&atk=1bb5148ro1a1f0k9","onmousedown":"indeed_clk(this,'775');","jobkey":"f4f205d2caf05d68","sponsored":false,"expired":false,"indeedApply":false,"formattedLocationFull":"Chicago, IL","formattedRelativeTime":"6 hours ago","stations":""},{"jobtitle":"Mobile TEAM required for banking project","company":"Mozaic Group Inc.","city":"Wilmington","state":"DE","country":"US","formattedLocation":"Wilmington, DE","source":"Indeed","date":"Mon, 13 Mar 2017 18:24:44 GMT","snippet":"Android SDK and <b>Java</b>:. Experience with Android SDK and <b>Java</b> and Experience with iOS and Objective C. I hope you are well....","url":"http://www.indeed.com/viewjob?jk=3aa1e78f3f536fb8&qd=usoBPHMd3vYN69bRu-PQwcxBheEzuNOj46oJk2PU6yPPaaBuvSwk2ub69Dxr0mQTERp4f6wFZAqzeyPK_mKiS6m1Aj3izkOw87NHJgxznYA&indpubnum=3338919744720141&atk=1bb5148ro1a1f0k9","onmousedown":"indeed_clk(this,'775');","jobkey":"3aa1e78f3f536fb8","sponsored":false,"expired":false,"indeedApply":true,"formattedLocationFull":"Wilmington, DE","formattedRelativeTime":"5 hours ago","stations":""},{"jobtitle":"Systems Engineer","company":"MicroPact","city":"","state":"","country":"US","formattedLocation":"United States","source":"MicroPact","date":"Mon, 13 Mar 2017 23:25:56 GMT","snippet":"Knowledge of <b>Java</b> web application technologies such as Tomcat, JBoss, Weblogic and WAS. We have an immediate opening for a Systems Engineer who can provide...","url":"http://www.indeed.com/viewjob?jk=7a01fa2d373c65d3&qd=usoBPHMd3vYN69bRu-PQwcxBheEzuNOj46oJk2PU6yPPaaBuvSwk2ub69Dxr0mQTERp4f6wFZAqzeyPK_mKiS6m1Aj3izkOw87NHJgxznYA&indpubnum=3338919744720141&atk=1bb5148ro1a1f0k9","onmousedown":"indeed_clk(this,'775');","jobkey":"7a01fa2d373c65d3","sponsored":false,"expired":false,"indeedApply":false,"formattedLocationFull":"United States","formattedRelativeTime":"21 minutes ago","stations":""},{"jobtitle":"Cloud Developer","company":"GDIT Health & CIV","city":"Herndon","state":"VA","country":"US","formattedLocation":"Herndon, VA","source":"Indeed","date":"Mon, 13 Mar 2017 13:18:09 GMT","snippet":"Programming Experience with C++, <b>Java</b>, C#, SQL, Python, Ruby, Golang, CSS, or PHP; The Candidate will be responsible for creating a DevOps Self Service Portal...","url":"http://www.indeed.com/viewjob?jk=f349ab23382906ad&qd=usoBPHMd3vYN69bRu-PQwcxBheEzuNOj46oJk2PU6yPPaaBuvSwk2ub69Dxr0mQTERp4f6wFZAqzeyPK_mKiS6m1Aj3izkOw87NHJgxznYA&indpubnum=3338919744720141&atk=1bb5148ro1a1f0k9","onmousedown":"indeed_clk(this,'775');","jobkey":"f349ab23382906ad","sponsored":false,"expired":false,"indeedApply":true,"formattedLocationFull":"Herndon, VA","formattedRelativeTime":"10 hours ago","stations":""},{"jobtitle":"Oracle Database Administrator- Polygraph","company":"General Dynamics Information Technology","city":"Herndon","state":"VA","country":"US","formattedLocation":"Herndon, VA","source":"General Dynamics Information Technology","date":"Mon, 13 Mar 2017 16:52:46 GMT","snippet":"Experience supporting an enterprise software development environment Experience with customer encryption-at-rest products Experience with database networking...","url":"http://www.indeed.com/viewjob?jk=d8a024288c285941&qd=usoBPHMd3vYN69bRu-PQwcxBheEzuNOj46oJk2PU6yPPaaBuvSwk2ub69Dxr0mQTERp4f6wFZAqzeyPK_mKiS6m1Aj3izkOw87NHJgxznYA&indpubnum=3338919744720141&atk=1bb5148ro1a1f0k9","onmousedown":"indeed_clk(this,'775');","jobkey":"d8a024288c285941","sponsored":false,"expired":false,"indeedApply":false,"formattedLocationFull":"Herndon, VA","formattedRelativeTime":"6 hours ago","stations":""}]}