{"version":2,"query":"java","location":"","paginationPayload":"","dupefilter":true,"highlight":true,"totalResults":1192,"start":851,"end":875,"pageNumber":34,"results":[{"jobtitle":"ServiceNow Architect","company":"HUNTER Technical Resources","city":"Smyrna","state":"GA","country":"US","formattedLocation":"Smyrna, GA","source":"Hunter Technical Resources","date":"Mon, 13 Mar 2017 22:17:00 GMT","snippet":"JavaScript, PHP, C#, <b>Java</b>, Perl, HTML or HTML. Supports the management and maintenance of the daily production of current Systems....","url":"http://www.indeed.com/viewjob?jk=d513c888bba5e84f&qd=usoBPHMd3vYN69bRu-PQwcxBheEzuNOj46oJk2PU6yPPaaBuvSwk2ub69Dxr0mQTERp4f6wFZAqzeyPK_mKiS6m1Aj3izkOw87NHJgxznYA&indpubnum=3338919744720141&atk=1bb5148461bqr0l2","onmousedown":"indeed_clk(this,'21');","jobkey":"d513c888bba5e84f","sponsored":false,"expired":false,"indeedApply":false,"formattedLocationFull":"Smyrna, GA","formattedRelativeTime":"1 hour ago","stations":""},{"jobtitle":"System Solution Architect (Product Architect)","company":"HUNTER Technical Resources","city":"Atlanta","state":"GA","country":"US","formattedLocation":"Atlanta, GA","source":"Hunter Technical Resources","date":"Mon, 13 Mar 2017 22:16:47 GMT","snippet":"Experience working in a Product Engineering environment (not just enterprise), specifically on SaaS / Cloud product implementations....","url":"http://www.indeed.com/viewjob?jk=8b59a9238d6d488c&qd=usoBPHMd3vYN69bRu-PQwcxBheEzuNOj46oJk2PU6yPPaaBuvSwk2ub69Dxr0mQTERp4f6wFZAqzeyPK_mKiS6m1Aj3izkOw87NHJgxznYA&indpubnum=3338919744720141&atk=1bb5148461bqr0l2","onmousedown":"indeed_clk(this,'21');","jobkey":"8b59a9238d6d488c","sponsored":false,"expired":false,"indeedApply":false,"formattedLocationFull":"Atlanta, GA 30328","formattedRelativeTime":"1 hour ago","stations":""},{"jobtitle":"Product Manager, Development Platform","company":"MicroPact","city":"","state":"","country":"US","formattedLocation":"United States","source":"MicroPact","date":"Mon, 13 Mar 2017 23:25:53 GMT","snippet":"Knowledge of <b>Java</b>, JEE, and various database platforms. When you join the MicroPact team you are surrounded by exceptionally talented, dedicated and creative...","url":"http://www.indeed.com/viewjob?jk=701cbef01e67fb66&qd=usoBPHMd3vYN69bRu-PQwcxBheEzuNOj46oJk2PU6yPPaaBuvSwk2ub69Dxr0mQTERp4f6wFZAqzeyPK_mKiS6m1Aj3izkOw87NHJgxznYA&indpubnum=3338919744720141&atk=1bb5148461bqr0l2","onmousedown":"indeed_clk(this,'21');","jobkey":"701cbef01e67fb66","sponsored":false,"expired":false,"indeedApply":false,"formattedLocationFull":"United States","formattedRelativeTime":"21 minutes ago","stations":""},{"jobtitle":"Senior Software Engineer – Android Framework and Applications","company":"Samsung","city":"Mountain View","state":"CA","country":"US","formattedLocation":"Mountain View, CA","source":"Samsung","date":"Sun, 12 Mar 2017 23:13:05 GMT","snippet":"BS / MS in Computer Science , Engineering or a related field • In depth understanding of Android Application development model • Hands on experience with...","url":"http://www.indeed.com/viewjob?jk=66ecd40609ebc7a5&qd=usoBPHMd3vYN69bRu-PQwcxBheEzuNOj46oJk2PU6yPPaaBuvSwk2ub69Dxr0mQTERp4f6wFZAqzeyPK_mKiS6m1Aj3izkOw87NHJgxznYA&indpubnum=3338919744720141&atk=1bb5148461bqr0l2","onmousedown":"indeed_clk(this,'21');","jobkey":"66ecd40609ebc7a5","sponsored":false,"expired":false,"indeedApply":false,"formattedLocationFull":"Mountain View, CA","formattedRelativeTime":"1 day ago","stations":""},{"jobtitle":"Quality Assurance Engineer","company":"Performance Matters","city":"Roswell","state":"GA","country":"US","formattedLocation":"Roswell, GA","source":"Performance Matters","date":"Mon, 13 Mar 2017 22:16:57 GMT","snippet":"Looking to expand your skill set and increase your career goals with a really dynamic group of individuals? Are you looking for an opportunity to work on","url":"http://www.indeed.com/viewjob?jk=d315a1a552850ad9&qd=usoBPHMd3vYN69bRu-PQwcxBheEzuNOj46oJk2PU6yPPaaBuvSwk2ub69Dxr0mQTERp4f6wFZAqzeyPK_mKiS6m1Aj3izkOw87NHJgxznYA&indpubnum=3338919744720141&atk=1bb5148461bqr0l2","onmousedown":"indeed_clk(this,'21');","jobkey":"d315a1a552850ad9","sponsored":false,"expired":false,"indeedApply":true,"formattedLocationFull":"Roswell, GA 30075","formattedRelativeTime":"1 hour ago","stations":""},{"jobtitle":"Quality Assurance Engineer - Software Engineering","company":"SBM Management","city":"Sacramento","state":"CA","country":"US","formattedLocation":"Sacramento, CA","source":"Indeed","date":"Mon, 13 Mar 2017 19:00:49 GMT","snippet":"Experience with <b>Java</b>, Python, Javascript, Node.js, HTML / CSS. SBM Management Services LP is one of the largest custodial and light building maintenance...","url":"http://www.indeed.com/viewjob?jk=26e7df83dcd23cc5&qd=usoBPHMd3vYN69bRu-PQwcxBheEzuNOj46oJk2PU6yPPaaBuvSwk2ub69Dxr0mQTERp4f6wFZAqzeyPK_mKiS6m1Aj3izkOw87NHJgxznYA&indpubnum=3338919744720141&atk=1bb5148461bqr0l2","onmousedown":"indeed_clk(this,'21');","jobkey":"26e7df83dcd23cc5","sponsored":false,"expired":false,"indeedApply":true,"formattedLocationFull":"Sacramento, CA","formattedRelativeTime":"4 hours ago","stations":""},{"jobtitle":"Android Engineer","company":"Elevate Recruiting Group","city":"San Francisco","state":"CA","country":"US","formattedLocation":"San Francisco, CA","source":"Elevate Recruiting Group","date":"Mon, 13 Mar 2017 11:31:42 GMT","snippet":"Android Engineer San Francisco We are looking to build an amazing mobile experience for hundreds of thousands of users. Both sides of our marketplace (service","url":"http://www.indeed.com/viewjob?jk=e6f54981cfebb1c6&qd=usoBPHMd3vYN69bRu-PQwcxBheEzuNOj46oJk2PU6yPPaaBuvSwk2ub69Dxr0mQTERp4f6wFZAqzeyPK_mKiS6m1Aj3izkOw87NHJgxznYA&indpubnum=3338919744720141&atk=1bb5148461bqr0l2","onmousedown":"indeed_clk(this,'21');","jobkey":"e6f54981cfebb1c6","sponsored":false,"expired":false,"indeedApply":false,"formattedLocationFull":"San Francisco, CA","formattedRelativeTime":"12 hours ago","stations":""},{"jobtitle":"Senior/Principal Frontend Developer","company":"Oracle","city":"Cupertino","state":"CA","country":"US","formattedLocation":"Cupertino, CA","source":"Oracle","date":"Sun, 12 Mar 2017 16:24:18 GMT","snippet":"Preferred Qualifications We're looking for a senior/principal Frontend Developer with 7+ years of experience that can take our B2B portal team to the next","url":"http://www.indeed.com/viewjob?jk=82f9afdded2e8ffa&qd=usoBPHMd3vYN69bRu-PQwcxBheEzuNOj46oJk2PU6yPPaaBuvSwk2ub69Dxr0mQTERp4f6wFZAqzeyPK_mKiS6m1Aj3izkOw87NHJgxznYA&indpubnum=3338919744720141&atk=1bb5148461bqr0l2","onmousedown":"indeed_clk(this,'21');","jobkey":"82f9afdded2e8ffa","sponsored":false,"expired":false,"indeedApply":false,"formattedLocationFull":"Cupertino, CA 95014","formattedRelativeTime":"1 day ago","stations":""},{"jobtitle":"Senior Big Data Developer","company":"HCA Corporate","city":"Nashville","state":"TN","country":"US","formattedLocation":"Nashville, TN","source":"HCA Inc","date":"Sun, 12 Mar 2017 07:08:54 GMT","snippet":"<b>Java</b>, Python, or Scala. Other Languages – <b>Java</b>, Python, Scala, R. The role requires working closely with data science teams, frequently in a matrixed...","url":"http://www.indeed.com/viewjob?jk=222bbba1174c3c6b&qd=usoBPHMd3vYN69bRu-PQwcxBheEzuNOj46oJk2PU6yPPaaBuvSwk2ub69Dxr0mQTERp4f6wFZAqzeyPK_mKiS6m1Aj3izkOw87NHJgxznYA&indpubnum=3338919744720141&atk=1bb5148461bqr0l2","onmousedown":"indeed_clk(this,'21');","jobkey":"222bbba1174c3c6b","sponsored":false,"expired":false,"indeedApply":false,"formattedLocationFull":"Nashville, TN","formattedRelativeTime":"1 day ago","stations":""},{"jobtitle":"Senior Oracle PL/SQL Developer","company":"Red Ventures","city":"Charlotte","state":"NC","country":"US","formattedLocation":"Charlotte, NC","source":"Red Ventures","date":"Sun, 12 Mar 2017 06:54:34 GMT","snippet":"Experience developing Oracle PLSQL packages/procedures that include collections, ref-cursors to pass the data between <b>Java</b> application and the database....","url":"http://www.indeed.com/viewjob?jk=cf9094ebc4d93466&qd=usoBPHMd3vYN69bRu-PQwcxBheEzuNOj46oJk2PU6yPPaaBuvSwk2ub69Dxr0mQTERp4f6wFZAqzeyPK_mKiS6m1Aj3izkOw87NHJgxznYA&indpubnum=3338919744720141&atk=1bb5148461bqr0l2","onmousedown":"indeed_clk(this,'21');","jobkey":"cf9094ebc4d93466","sponsored":false,"expired":false,"indeedApply":false,"formattedLocationFull":"Charlotte, NC","formattedRelativeTime":"1 day ago","stations":""},{"jobtitle":"Senior QE Manager","company":"Fanatics Inc.","city":"San Mateo","state":"CA","country":"US","formattedLocation":"San Mateo, CA","source":"Fanatics Inc.","date":"Mon, 13 Mar 2017 18:40:38 GMT","snippet":"Good coding skills in Python/ <b>Java</b>/ Javascript. As the global leader in licensed sports merchandise, Fanatics is changing the way fans purchase their favorite...","url":"http://www.indeed.com/viewjob?jk=cdabbc9a5b92149d&qd=usoBPHMd3vYN69bRu-PQwcxBheEzuNOj46oJk2PU6yPPaaBuvSwk2ub69Dxr0mQTERp4f6wFZAqzeyPK_mKiS6m1Aj3izkOw87NHJgxznYA&indpubnum=3338919744720141&atk=1bb5148461bqr0l2","onmousedown":"indeed_clk(this,'21');","jobkey":"cdabbc9a5b92149d","sponsored":false,"expired":false,"indeedApply":false,"formattedLocationFull":"San Mateo, CA","formattedRelativeTime":"5 hours ago","stations":""},{"jobtitle":"Senior Data Manager","company":"Children's Hospital of Philadelphia","city":"Philadelphia","state":"PA","country":"US","formattedLocation":"Philadelphia, PA","source":"Children's Hospital of Philadelphia","date":"Mon, 13 Mar 2017 18:25:48 GMT","snippet":"The Senior Data Manager for the Cardiac Center will be primarily responsible for working as a member of the IS Enterprise Analytics team representing the...","url":"http://www.indeed.com/viewjob?jk=42aecfe789e5bd32&qd=usoBPHMd3vYN69bRu-PQwcxBheEzuNOj46oJk2PU6yPPaaBuvSwk2ub69Dxr0mQTERp4f6wFZAqzeyPK_mKiS6m1Aj3izkOw87NHJgxznYA&indpubnum=3338919744720141&atk=1bb5148461bqr0l2","onmousedown":"indeed_clk(this,'21');","jobkey":"42aecfe789e5bd32","sponsored":false,"expired":false,"indeedApply":false,"formattedLocationFull":"Philadelphia, PA 19107","formattedRelativeTime":"5 hours ago","stations":""},{"jobtitle":"Systems Analyst- Sterling","company":"HUNTER Technical Resources","city":"Atlanta","state":"GA","country":"US","formattedLocation":"Atlanta, GA","source":"Hunter Technical Resources","date":"Mon, 13 Mar 2017 22:16:47 GMT","snippet":"<b>Java</b> development (Oracle JDeveloper / ADF preferred). Providing maintenance and support of IT applications and systems....","url":"http://www.indeed.com/viewjob?jk=6c9010d688c10ed2&qd=usoBPHMd3vYN69bRu-PQwcxBheEzuNOj46oJk2PU6yPPaaBuvSwk2ub69Dxr0mQTERp4f6wFZAqzeyPK_mKiS6m1Aj3izkOw87NHJgxznYA&indpubnum=3338919744720141&atk=1bb5148461bqr0l2","onmousedown":"indeed_clk(this,'21');","jobkey":"6c9010d688c10ed2","sponsored":false,"expired":false,"indeedApply":false,"formattedLocationFull":"Atlanta, GA 30328","formattedRelativeTime":"1 hour ago","stations":""},{"jobtitle":"Technical QA Manager","company":"Samsung","city":"Mountain View","state":"CA","country":"US","formattedLocation":"Mountain View, CA","source":"Samsung","date":"Sun, 12 Mar 2017 06:11:31 GMT","snippet":"Technical QA Manager Smartphones have completely revolutionized how we operate in our daily lives. From communicating and sharing information to traveling and","url":"http://www.indeed.com/viewjob?jk=4b486c45ab595ebe&qd=usoBPHMd3vYN69bRu-PQwcxBheEzuNOj46oJk2PU6yPPaaBuvSwk2ub69Dxr0mQTERp4f6wFZAqzeyPK_mKiS6m1Aj3izkOw87NHJgxznYA&indpubnum=3338919744720141&atk=1bb5148461bqr0l2","onmousedown":"indeed_clk(this,'21');","jobkey":"4b486c45ab595ebe","sponsored":false,"expired":false,"indeedApply":false,"formattedLocationFull":"Mountain View, CA","formattedRelativeTime":"1 day ago","stations":""},{"jobtitle":"IT System Analyst Job","company":"AGCO","city":"Hesston","state":"KS","country":"US","formattedLocation":"Hesston, KS","source":"AGCO","date":"Mon, 13 Mar 2017 22:14:01 GMT","snippet":"2+ years of programming experience, preferably in <b>Java</b>, C#, C++, or VB.Net. AGCO is currently seeking an IT Systems Analyst to join our North American IT team...","url":"http://www.indeed.com/viewjob?jk=1ef7e6c2a817c648&qd=usoBPHMd3vYN69bRu-PQwcxBheEzuNOj46oJk2PU6yPPaaBuvSwk2ub69Dxr0mQTERp4f6wFZAqzeyPK_mKiS6m1Aj3izkOw87NHJgxznYA&indpubnum=3338919744720141&atk=1bb5148461bqr0l2","onmousedown":"indeed_clk(this,'21');","jobkey":"1ef7e6c2a817c648","sponsored":false,"expired":false,"indeedApply":false,"formattedLocationFull":"Hesston, KS","formattedRelativeTime":"1 hour ago","stations":""},{"jobtitle":"Java Developer","company":"Axius Technologies","city":"New York","state":"NY","country":"US","formattedLocation":"New York, NY","source":"Indeed","date":"Mon, 13 Mar 2017 15:59:01 GMT","snippet":"Understanding, experience and knowledge of <b>Java</b>, PL/SQL, database design and OOP based programming. Senior Software Developer*....","url":"http://www.indeed.com/viewjob?jk=d3418a67a023b783&qd=usoBPHMd3vYN69bRu-PQwcxBheEzuNOj46oJk2PU6yPPaaBuvSwk2ub69Dxr0mQTERp4f6wFZAqzeyPK_mKiS6m1Aj3izkOw87NHJgxznYA&indpubnum=3338919744720141&atk=1bb5148461bqr0l2","onmousedown":"indeed_clk(this,'21');","jobkey":"d3418a67a023b783","sponsored":false,"expired":false,"indeedApply":true,"formattedLocationFull":"New York, NY","formattedRelativeTime":"7 hours ago","stations":""},{"jobtitle":"Network Architecture Intern","company":"Fujitsu","city":"Richardson","state":"TX","country":"US","formattedLocation":"Richardson, TX","source":"Fujitsu","date":"Mon, 13 Mar 2017 09:34:41 GMT","snippet":"VBA macros, <b>Java</b>, C++, python etc.). About Fujitsu Network Communications, Inc....","url":"http://www.indeed.com/viewjob?jk=81f566e6c2ee9a9a&qd=usoBPHMd3vYN69bRu-PQwcxBheEzuNOj46oJk2PU6yPPaaBuvSwk2ub69Dxr0mQTERp4f6wFZAqzeyPK_mKiS6m1Aj3izkOw87NHJgxznYA&indpubnum=3338919744720141&atk=1bb5148461bqr0l2","onmousedown":"indeed_clk(this,'21');","jobkey":"81f566e6c2ee9a9a","sponsored":false,"expired":false,"indeedApply":false,"formattedLocationFull":"Richardson, TX","formattedRelativeTime":"14 hours ago","stations":""},{"jobtitle":"Software Engineer, Data Systems","company":"Turn","city":"Redwood City","state":"CA","country":"US","formattedLocation":"Redwood City, CA","source":"Turn","date":"Sun, 12 Mar 2017 08:13:11 GMT","snippet":"Experience with <b>Java</b> preferred, experience with C++ or C# is acceptable. Turn delivers real-time insights that transform the way leading advertising agencies...","url":"http://www.indeed.com/viewjob?jk=c0bfa42c61b26e3b&qd=usoBPHMd3vYN69bRu-PQwcxBheEzuNOj46oJk2PU6yPPaaBuvSwk2ub69Dxr0mQTERp4f6wFZAqzeyPK_mKiS6m1Aj3izkOw87NHJgxznYA&indpubnum=3338919744720141&atk=1bb5148461bqr0l2","onmousedown":"indeed_clk(this,'21');","jobkey":"c0bfa42c61b26e3b","sponsored":false,"expired":false,"indeedApply":true,"formattedLocationFull":"Redwood City, CA 94063","formattedRelativeTime":"1 day ago","stations":""},{"jobtitle":"Quality Assurance Engineer","company":"ComplianceEase","city":"Burlingame","state":"CA","country":"US","formattedLocation":"Burlingame, CA","source":"ComplianceEase","date":"Sun, 12 Mar 2017 08:12:53 GMT","snippet":"Strong hands-on <b>Java</b> programming experience, white box testing experience using <b>Java</b>. Strong knowledge of <b>Java</b>, HTML, SQL is a must....","url":"http://www.indeed.com/viewjob?jk=2077b3cbba2d6231&qd=usoBPHMd3vYN69bRu-PQwcxBheEzuNOj46oJk2PU6yPPaaBuvSwk2ub69Dxr0mQTERp4f6wFZAqzeyPK_mKiS6m1Aj3izkOw87NHJgxznYA&indpubnum=3338919744720141&atk=1bb5148461bqr0l2","onmousedown":"indeed_clk(this,'21');","jobkey":"2077b3cbba2d6231","sponsored":false,"expired":false,"indeedApply":true,"formattedLocationFull":"Burlingame, CA","formattedRelativeTime":"1 day ago","stations":""},{"jobtitle":"Software Development Senior Manager","company":"32 Solutions Ltd","city":"Golden","state":"CO","country":"US","formattedLocation":"Golden, CO","source":"Indeed","date":"Mon, 13 Mar 2017 15:24:30 GMT","snippet":"Strong <b>Java</b>, Go, Python, NodeJS or Javascript skills in a CI/CD environment. Work closely with the Product Management and Enterprise Architect to establish...","url":"http://www.indeed.com/viewjob?jk=a53f8ba4e383e909&qd=usoBPHMd3vYN69bRu-PQwcxBheEzuNOj46oJk2PU6yPPaaBuvSwk2ub69Dxr0mQTERp4f6wFZAqzeyPK_mKiS6m1Aj3izkOw87NHJgxznYA&indpubnum=3338919744720141&atk=1bb5148461bqr0l2","onmousedown":"indeed_clk(this,'21');","jobkey":"a53f8ba4e383e909","sponsored":false,"expired":false,"indeedApply":true,"formattedLocationFull":"Golden, CO","formattedRelativeTime":"8 hours ago","stations":""},{"jobtitle":"Java Developer","company":"Sarian Solutions Inc.","city":"New York","state":"NY","country":"US","formattedLocation":"New York, NY","source":"Indeed","date":"Mon, 13 Mar 2017 18:27:39 GMT","snippet":"Expertise in design and development of Web Applications involving J2EE technologies with <b>Java</b>, Servlet, JSP, JSF, MVC Framework, Spring, Hibernate, XML, JDBC....","url":"http://www.indeed.com/viewjob?jk=032a7d9480f10ac7&qd=usoBPHMd3vYN69bRu-PQwcxBheEzuNOj46oJk2PU6yPPaaBuvSwk2ub69Dxr0mQTERp4f6wFZAqzeyPK_mKiS6m1Aj3izkOw87NHJgxznYA&indpubnum=3338919744720141&atk=1bb5148461bqr0l2","onmousedown":"indeed_clk(this,'21');","jobkey":"032a7d9480f10ac7","sponsored":false,"expired":false,"indeedApply":true,"formattedLocationFull":"New York, NY","formattedRelativeTime":"5 hours ago","stations":""},{"jobtitle":"Quality Assurance Engineer","company":"goTenna","city":"Brooklyn","state":"NY","country":"US","formattedLocation":"Brooklyn, NY","source":"Indeed","date":"Mon, 13 Mar 2017 12:14:10 GMT","snippet":"About the company: goTenna is a Brooklyn-based startup, building products that enable completely decentralized communication. We’re starting with an","url":"http://www.indeed.com/viewjob?jk=eed419d0a197a90a&qd=usoBPHMd3vYN69bRu-PQwcxBheEzuNOj46oJk2PU6yPPaaBuvSwk2ub69Dxr0mQTERp4f6wFZAqzeyPK_mKiS6m1Aj3izkOw87NHJgxznYA&indpubnum=3338919744720141&atk=1bb5148461bqr0l2","onmousedown":"indeed_clk(this,'21');","jobkey":"eed419d0a197a90a","sponsored":false,"expired":false,"indeedApply":true,"formattedLocationFull":"Brooklyn, NY","formattedRelativeTime":"11 hours ago","stations":""},{"jobtitle":"Hadoop Administrator","company":"iiTS","city":"St. Louis","state":"MO","country":"US","formattedLocation":"St. Louis, MO","source":"Indeed","date":"Mon, 13 Mar 2017 21:22:49 GMT","snippet":"In depth understanding of Linux, Knowledge of <b>Java</b>. Cluster maintenance as well as creation and removal of nodes. St....","url":"http://www.indeed.com/viewjob?jk=be5fa50924fba5e5&qd=usoBPHMd3vYN69bRu-PQwcxBheEzuNOj46oJk2PU6yPPaaBuvSwk2ub69Dxr0mQTERp4f6wFZAqzeyPK_mKiS6m1Aj3izkOw87NHJgxznYA&indpubnum=3338919744720141&atk=1bb5148461bqr0l2","onmousedown":"indeed_clk(this,'21');","jobkey":"be5fa50924fba5e5","sponsored":false,"expired":false,"indeedApply":true,"formattedLocationFull":"St. Louis, MO","formattedRelativeTime":"2 hours ago","stations":""},{"jobtitle":"Lead Data Engineer","company":"SmartAsset","city":"New York","state":"NY","country":"US","formattedLocation":"New York, NY","source":"SmartAsset","date":"Sun, 12 Mar 2017 08:12:48 GMT","snippet":"Excellent command of at least two or more relevant programming languages (C, C++, <b>Java</b>, Perl, PHP, Python, etc)....","url":"http://www.indeed.com/viewjob?jk=b3f54238536dedb0&qd=usoBPHMd3vYN69bRu-PQwcxBheEzuNOj46oJk2PU6yPPaaBuvSwk2ub69Dxr0mQTERp4f6wFZAqzeyPK_mKiS6m1Aj3izkOw87NHJgxznYA&indpubnum=3338919744720141&atk=1bb5148461bqr0l2","onmousedown":"indeed_clk(this,'21');","jobkey":"b3f54238536dedb0","sponsored":false,"expired":false,"indeedApply":true,"formattedLocationFull":"New York, NY","formattedRelativeTime":"1 day ago","stations":""},{"jobtitle":"Instructional Developer","company":"ManTech International Corporation","city":"Falls Church","state":"VA","country":"US","formattedLocation":"Falls Church, VA","source":"ManTech International Corporation","date":"Mon, 13 Mar 2017 21:35:17 GMT","snippet":"Experience with web languages - HTML, HTML5, XML, CSS, Flash, <b>Java</b>, JavaScript. Experience performing software programming functions to convert and upload...","url":"http://www.indeed.com/viewjob?jk=ebef25f48af3f7d0&qd=usoBPHMd3vYN69bRu-PQwcxBheEzuNOj46oJk2PU6yPPaaBuvSwk2ub69Dxr0mQTERp4f6wFZAqzeyPK_mKiS6m1Aj3izkOw87NHJgxznYA&indpubnum=3338919744720141&atk=1bb5148461bqr0l2","onmousedown":"indeed_clk(this,'21');","jobkey":"ebef25f48af3f7d0","sponsored":false,"expired":false,"indeedApply":false,"formattedLocationFull":"Falls Church, VA","formattedRelativeTime":"2 hours ago","stations":""}]}