{"version":2,"query":"java","location":"","paginationPayload":"","dupefilter":true,"highlight":true,"totalResults":1192,"start":626,"end":650,"pageNumber":25,"results":[{"jobtitle":"DevOps Platform Engineer","company":"Verizon","city":"Temple Terrace","state":"FL","country":"US","formattedLocation":"Temple Terrace, FL","source":"Verizon","date":"Mon, 13 Mar 2017 22:05:11 GMT","snippet":"<b>Java</b>, Python, Ruby, Node.js. This DevOps Platform Engineer will work with application development teams and operations teams to develop, support and enable SDLC...","url":"http://www.indeed.com/viewjob?jk=369db88b7ffad649&qd=usoBPHMd3vYN69bRu-PQwcxBheEzuNOj46oJk2PU6yPPaaBuvSwk2ub69Dxr0mQTERp4f6wFZAqzeyPK_mKiS6m1Aj3izkOw87NHJgxznYA&indpubnum=3338919744720141&atk=1bb51484618kd3dv","onmousedown":"indeed_clk(this,'18');","jobkey":"369db88b7ffad649","sponsored":false,"expired":false,"indeedApply":false,"formattedLocationFull":"Temple Terrace, FL 33637","formattedRelativeTime":"1 hour ago","stations":""},{"jobtitle":"Senior Java/Big Data Software Engineer (Contract)","company":"Workbridge Associates","city":"San Jose","state":"CA","country":"US","formattedLocation":"San Jose, CA","source":"Workbridge Associates","date":"Mon, 13 Mar 2017 20:23:47 GMT","snippet":"8+ years of <b>Java</b> software development. An industry leading software as a service shop in San Jose is hiring Senior Java/Big Data Software Engineers for their...","url":"http://www.indeed.com/viewjob?jk=db4da21b1feaa68a&qd=usoBPHMd3vYN69bRu-PQwcxBheEzuNOj46oJk2PU6yPPaaBuvSwk2ub69Dxr0mQTERp4f6wFZAqzeyPK_mKiS6m1Aj3izkOw87NHJgxznYA&indpubnum=3338919744720141&atk=1bb51484618kd3dv","onmousedown":"indeed_clk(this,'18');","jobkey":"db4da21b1feaa68a","sponsored":false,"expired":false,"indeedApply":true,"formattedLocationFull":"San Jose, CA 95113","formattedRelativeTime":"3 hours ago","stations":""},{"jobtitle":"2301 Senior Software Development - Java","company":"Joseph Michaels International","city":"Southlake","state":"TX","country":"US","formattedLocation":"Southlake, TX","source":"CareerMarketplace.com","date":"Sun, 12 Mar 2017 08:03:50 GMT","snippet":"Highly proficient in ReactJS, Core <b>Java</b>, and J2EE technologies.2. We are building SaaS compliant enterprise applications using the principles of Responsive...","url":"http://www.indeed.com/viewjob?jk=c044a9928739b3cb&qd=usoBPHMd3vYN69bRu-PQwcxBheEzuNOj46oJk2PU6yPPaaBuvSwk2ub69Dxr0mQTERp4f6wFZAqzeyPK_mKiS6m1Aj3izkOw87NHJgxznYA&indpubnum=3338919744720141&atk=1bb51484618kd3dv","onmousedown":"indeed_clk(this,'18');","jobkey":"c044a9928739b3cb","sponsored":false,"expired":false,"indeedApply":false,"formattedLocationFull":"Southlake, TX","formattedRelativeTime":"1 day ago","stations":""},{"jobtitle":"DevOps Engineer","company":"CGI","city":"Austin","state":"TX","country":"US","formattedLocation":"Austin, TX","source":"CGI","date":"Mon, 13 Mar 2017 18:13:08 GMT","snippet":" Programming experience with HTML, <b>Java</b>, Web Services and REST APIs. We are looking for a talented Junior DevOps engineer who can work quickly and efficiently...","url":"http://www.indeed.com/viewjob?jk=92d8c170a1890084&qd=usoBPHMd3vYN69bRu-PQwcxBheEzuNOj46oJk2PU6yPPaaBuvSwk2ub69Dxr0mQTERp4f6wFZAqzeyPK_mKiS6m1Aj3izkOw87NHJgxznYA&indpubnum=3338919744720141&atk=1bb51484618kd3dv","onmousedown":"indeed_clk(this,'18');","jobkey":"92d8c170a1890084","sponsored":false,"expired":false,"indeedApply":false,"formattedLocationFull":"Austin, TX","formattedRelativeTime":"5 hours ago","stations":""},{"jobtitle":"DevOps Engineer","company":"VeloCloud Networks, Inc","city":"Mountain View","state":"CA","country":"US","formattedLocation":"Mountain View, CA","source":"VeloCloud Networks, Inc","date":"Mon, 13 Mar 2017 18:04:10 GMT","snippet":"<b>Java</b> and JavaScript experience are a plus. Velocloud Systems Operations....","url":"http://www.indeed.com/viewjob?jk=943dfc3291a0ebcf&qd=usoBPHMd3vYN69bRu-PQwcxBheEzuNOj46oJk2PU6yPPaaBuvSwk2ub69Dxr0mQTERp4f6wFZAqzeyPK_mKiS6m1Aj3izkOw87NHJgxznYA&indpubnum=3338919744720141&atk=1bb51484618kd3dv","onmousedown":"indeed_clk(this,'18');","jobkey":"943dfc3291a0ebcf","sponsored":false,"expired":false,"indeedApply":false,"formattedLocationFull":"Mountain View, CA","formattedRelativeTime":"5 hours ago","stations":""},{"jobtitle":"3M HIS Software Engineer Student Programs Internships (Murray, UT)","company":"3M","city":"Murray","state":"UT","country":"US","formattedLocation":"Murray, UT","source":"3M","date":"Mon, 13 Mar 2017 18:46:25 GMT","snippet":"Software Development Life Cycle (SDLC) experience in object orientated programing and development in technologies for example but not limited to (C#, <b>JAVA</b>, C++,...","url":"http://www.indeed.com/viewjob?jk=79cecee55d548d90&qd=usoBPHMd3vYN69bRu-PQwcxBheEzuNOj46oJk2PU6yPPaaBuvSwk2ub69Dxr0mQTERp4f6wFZAqzeyPK_mKiS6m1Aj3izkOw87NHJgxznYA&indpubnum=3338919744720141&atk=1bb51484618kd3dv","onmousedown":"indeed_clk(this,'18');","jobkey":"79cecee55d548d90","sponsored":false,"expired":false,"indeedApply":false,"formattedLocationFull":"Murray, UT","formattedRelativeTime":"5 hours ago","stations":""},{"jobtitle":"NOW HIRING Experienced & Passionate Craft Beer-tender in Fort Lauderdale","company":"CJ's Java Lounge","city":"Fort Lauderdale","state":"FL","country":"US","formattedLocation":"Fort Lauderdale, FL","source":"Indeed","date":"Sun, 12 Mar 2017 17:47:49 GMT","snippet":"CJ's <b>Java</b> Lounge located at the New River Yacht Club in Downtown Fort Lauderdale, is now hiring FOH positions....","url":"http://www.indeed.com/viewjob?jk=37b0322341dc4b10&qd=usoBPHMd3vYN69bRu-PQwcxBheEzuNOj46oJk2PU6yPPaaBuvSwk2ub69Dxr0mQTERp4f6wFZAqzeyPK_mKiS6m1Aj3izkOw87NHJgxznYA&indpubnum=3338919744720141&atk=1bb51484618kd3dv","onmousedown":"indeed_clk(this,'18');","jobkey":"37b0322341dc4b10","sponsored":false,"expired":false,"indeedApply":true,"formattedLocationFull":"Fort Lauderdale, FL 33301","formattedRelativeTime":"1 day ago","stations":""},{"jobtitle":"Data Insights Analyst II","company":"Yahoo! Inc.","city":"Sunnyvale","state":"CA","country":"US","formattedLocation":"Sunnyvale, CA","source":"Yahoo! Inc.","date":"Mon, 13 Mar 2017 23:22:58 GMT","snippet":"A Little About Us The Advertising and Data Business Unit is responsible for delivering market-leading advertising and audience products, solutions, and...","url":"http://www.indeed.com/viewjob?jk=39df9af964a6a738&qd=usoBPHMd3vYN69bRu-PQwcxBheEzuNOj46oJk2PU6yPPaaBuvSwk2ub69Dxr0mQTERp4f6wFZAqzeyPK_mKiS6m1Aj3izkOw87NHJgxznYA&indpubnum=3338919744720141&atk=1bb51484618kd3dv","onmousedown":"indeed_clk(this,'18');","jobkey":"39df9af964a6a738","sponsored":false,"expired":false,"indeedApply":false,"formattedLocationFull":"Sunnyvale, CA","formattedRelativeTime":"24 minutes ago","stations":""},{"jobtitle":"Technical Program Manager","company":"ExpediteInfoTech Inc","city":"Washington","state":"DC","country":"US","formattedLocation":"Washington, DC","source":"Indeed","date":"Sun, 12 Mar 2017 19:48:24 GMT","snippet":"Experience in managing applications in various technologies like <b>Java</b>, IBM Web sphere etc. Experience with Web based applications, Enterprise applications,...","url":"http://www.indeed.com/viewjob?jk=b5fd6d19b5e83837&qd=usoBPHMd3vYN69bRu-PQwcxBheEzuNOj46oJk2PU6yPPaaBuvSwk2ub69Dxr0mQTERp4f6wFZAqzeyPK_mKiS6m1Aj3izkOw87NHJgxznYA&indpubnum=3338919744720141&atk=1bb51484618kd3dv","onmousedown":"indeed_clk(this,'18');","jobkey":"b5fd6d19b5e83837","sponsored":false,"expired":false,"indeedApply":true,"formattedLocationFull":"Washington, DC","formattedRelativeTime":"1 day ago","stations":""},{"jobtitle":"DevOps Engineer","company":"The Aerospace Corporation","city":"Chantilly","state":"VA","country":"US","formattedLocation":"Chantilly, VA","source":"The Aerospace Corporation","date":"Sun, 12 Mar 2017 08:05:32 GMT","snippet":"Requisition ID: 3081 All Locations: Chantilly, VA (Virginia) Responsibilities RESPONSIBILITIES Aerospace Corp has an opportunity available for a DevOps...","url":"http://www.indeed.com/viewjob?jk=bc37c105a51018a8&qd=usoBPHMd3vYN69bRu-PQwcxBheEzuNOj46oJk2PU6yPPaaBuvSwk2ub69Dxr0mQTERp4f6wFZAqzeyPK_mKiS6m1Aj3izkOw87NHJgxznYA&indpubnum=3338919744720141&atk=1bb51484618kd3dv","onmousedown":"indeed_clk(this,'18');","jobkey":"bc37c105a51018a8","sponsored":false,"expired":false,"indeedApply":false,"formattedLocationFull":"Chantilly, VA 20151","formattedRelativeTime":"1 day ago","stations":""},{"jobtitle":"Object Oriented Programmer Analyst","company":"American Airlines","city":"Dallas","state":"TX","country":"US","formattedLocation":"Dallas, TX","source":"American Airlines","date":"Mon, 13 Mar 2017 22:26:04 GMT","snippet":"Utilize knowledge of <b>Java</b> design patterns. Object-Oriented Programmer Analyst....","url":"http://www.indeed.com/viewjob?jk=f024036ff36a6cef&qd=usoBPHMd3vYN69bRu-PQwcxBheEzuNOj46oJk2PU6yPPaaBuvSwk2ub69Dxr0mQTERp4f6wFZAqzeyPK_mKiS6m1Aj3izkOw87NHJgxznYA&indpubnum=3338919744720141&atk=1bb51484618kd3dv","onmousedown":"indeed_clk(this,'18');","jobkey":"f024036ff36a6cef","sponsored":false,"expired":false,"indeedApply":false,"formattedLocationFull":"Dallas, TX","formattedRelativeTime":"1 hour ago","stations":""},{"jobtitle":"Data Engineering - Analyst","company":"BlackRock","city":"Wilmington","state":"DE","country":"US","formattedLocation":"Wilmington, DE","source":"BlackRock","date":"Mon, 13 Mar 2017 06:45:46 GMT","snippet":"Strong development skills in <b>Java</b> Standard and Enterprise Editions (ex/ Spring framework, JDBC, Multi-threading, and Junit)....","url":"http://www.indeed.com/viewjob?jk=8cca6720aaa6348c&qd=usoBPHMd3vYN69bRu-PQwcxBheEzuNOj46oJk2PU6yPPaaBuvSwk2ub69Dxr0mQTERp4f6wFZAqzeyPK_mKiS6m1Aj3izkOw87NHJgxznYA&indpubnum=3338919744720141&atk=1bb51484618kd3dv","onmousedown":"indeed_clk(this,'18');","jobkey":"8cca6720aaa6348c","sponsored":false,"expired":false,"indeedApply":false,"formattedLocationFull":"Wilmington, DE 19801","formattedRelativeTime":"17 hours ago","stations":""},{"jobtitle":"Engineer 2, Java/Android","company":"Technology Partners","city":"St. Louis","state":"MO","country":"US","formattedLocation":"St. Louis, MO","source":"Technology Partners","date":"Mon, 13 Mar 2017 16:12:26 GMT","snippet":"Are you looking for a new and challenging opportunity? Do you have experience with Java/Android? Technology Partners can help you make your next big career","url":"http://www.indeed.com/viewjob?jk=c001b7c18c318cb5&qd=usoBPHMd3vYN69bRu-PQwcxBheEzuNOj46oJk2PU6yPPaaBuvSwk2ub69Dxr0mQTERp4f6wFZAqzeyPK_mKiS6m1Aj3izkOw87NHJgxznYA&indpubnum=3338919744720141&atk=1bb51484618kd3dv","onmousedown":"indeed_clk(this,'18');","jobkey":"c001b7c18c318cb5","sponsored":false,"expired":false,"indeedApply":false,"formattedLocationFull":"St. Louis, MO","formattedRelativeTime":"7 hours ago","stations":""},{"jobtitle":"3M HIS Specialist, Algorithm Data Engineers (Multiple Locations)","company":"3M","city":"Austin","state":"TX","country":"US","formattedLocation":"Austin, TX","source":"3M","date":"Sun, 12 Mar 2017 08:18:10 GMT","snippet":"3M is seeking a Specialist, Algorithm Data Engineers for the 3M Health Information Systems located in St. Paul, MN / Murray, UT/ Silver Spring, MD / Austin,","url":"http://www.indeed.com/viewjob?jk=1056de532db4a335&qd=usoBPHMd3vYN69bRu-PQwcxBheEzuNOj46oJk2PU6yPPaaBuvSwk2ub69Dxr0mQTERp4f6wFZAqzeyPK_mKiS6m1Aj3izkOw87NHJgxznYA&indpubnum=3338919744720141&atk=1bb51484618kd3dv","onmousedown":"indeed_clk(this,'18');","jobkey":"1056de532db4a335","sponsored":false,"expired":false,"indeedApply":false,"formattedLocationFull":"Austin, TX 78753","formattedRelativeTime":"1 day ago","stations":""},{"jobtitle":"Senior LAMP stack developer/Architect","company":"Sedna Consulting Group","city":"Princeton","state":"NJ","country":"US","formattedLocation":"Princeton, NJ","source":"Indeed","date":"Mon, 13 Mar 2017 20:10:49 GMT","snippet":"Exposure to <b>Java</b> will be a plus point. Proficient in the maintenance and administration of Drupal modules. Senior LAMP stack developer/Architect*....","url":"http://www.indeed.com/viewjob?jk=520b44b6c0cb1cf3&qd=usoBPHMd3vYN69bRu-PQwcxBheEzuNOj46oJk2PU6yPPaaBuvSwk2ub69Dxr0mQTERp4f6wFZAqzeyPK_mKiS6m1Aj3izkOw87NHJgxznYA&indpubnum=3338919744720141&atk=1bb51484618kd3dv","onmousedown":"indeed_clk(this,'18');","jobkey":"520b44b6c0cb1cf3","sponsored":false,"expired":false,"indeedApply":true,"formattedLocationFull":"Princeton, NJ","formattedRelativeTime":"3 hours ago","stations":""},{"jobtitle":"Manager, Engineering","company":"Workfront","city":"Lehi","state":"UT","country":"US","formattedLocation":"Lehi, UT","source":"Workfront","date":"Mon, 13 Mar 2017 18:08:36 GMT","snippet":"Engineering Manager Vision The Engineering Manager’s mission is to organize and support the engineering efforts of the Development Team. By championing and","url":"http://www.indeed.com/viewjob?jk=9afa3c72bf090f2b&qd=usoBPHMd3vYN69bRu-PQwcxBheEzuNOj46oJk2PU6yPPaaBuvSwk2ub69Dxr0mQTERp4f6wFZAqzeyPK_mKiS6m1Aj3izkOw87NHJgxznYA&indpubnum=3338919744720141&atk=1bb51484618kd3dv","onmousedown":"indeed_clk(this,'18');","jobkey":"9afa3c72bf090f2b","sponsored":false,"expired":false,"indeedApply":true,"formattedLocationFull":"Lehi, UT","formattedRelativeTime":"5 hours ago","stations":""},{"jobtitle":"Software Test Developer","company":"RGBSI","city":"Sterling Heights","state":"MI","country":"US","formattedLocation":"Sterling Heights, MI","source":"Indeed","date":"Mon, 13 Mar 2017 20:26:36 GMT","snippet":"Good development/scripting skills in common languages like VB, <b>JAVA</b>, PERL, C++, etc. RGBSI, a leader in the staffing industry, is dedicated to provide highest...","url":"http://www.indeed.com/viewjob?jk=4fbdf0b65333c7af&qd=usoBPHMd3vYN69bRu-PQwcxBheEzuNOj46oJk2PU6yPPaaBuvSwk2ub69Dxr0mQTERp4f6wFZAqzeyPK_mKiS6m1Aj3izkOw87NHJgxznYA&indpubnum=3338919744720141&atk=1bb51484618kd3dv","onmousedown":"indeed_clk(this,'18');","jobkey":"4fbdf0b65333c7af","sponsored":false,"expired":false,"indeedApply":true,"formattedLocationFull":"Sterling Heights, MI","formattedRelativeTime":"3 hours ago","stations":""},{"jobtitle":"Associate Software Systems Engineer","company":"Charles Schwab","city":"Austin","state":"TX","country":"US","formattedLocation":"Austin, TX","source":"Charles Schwab","date":"Mon, 13 Mar 2017 10:12:57 GMT","snippet":"Experience with <b>Java</b> and Linux desired. We believe that , when done right, investing liberates people to create their own destiny....","url":"http://www.indeed.com/viewjob?jk=b497a2418c1f9188&qd=usoBPHMd3vYN69bRu-PQwcxBheEzuNOj46oJk2PU6yPPaaBuvSwk2ub69Dxr0mQTERp4f6wFZAqzeyPK_mKiS6m1Aj3izkOw87NHJgxznYA&indpubnum=3338919744720141&atk=1bb51484618kd3dv","onmousedown":"indeed_clk(this,'18');","jobkey":"b497a2418c1f9188","sponsored":false,"expired":false,"indeedApply":false,"formattedLocationFull":"Austin, TX 73344","formattedRelativeTime":"13 hours ago","stations":""},{"jobtitle":"Principal Database Engineer - AWS RDS Database Engines, Seattle","company":"Amazon Corporate LLC","city":"Seattle","state":"WA","country":"US","formattedLocation":"Seattle, WA","source":"Amazon.com","date":"Mon, 13 Mar 2017 06:04:26 GMT","snippet":"The PostgreSQL-compatible edition of Amazon Aurora is helping customers have enterprise performance, availability and durability, along with compatibility with...","url":"http://www.indeed.com/viewjob?jk=fd9949e3fb38fedb&qd=usoBPHMd3vYN69bRu-PQwcxBheEzuNOj46oJk2PU6yPPaaBuvSwk2ub69Dxr0mQTERp4f6wFZAqzeyPK_mKiS6m1Aj3izkOw87NHJgxznYA&indpubnum=3338919744720141&atk=1bb51484618kd3dv","onmousedown":"indeed_clk(this,'18');","jobkey":"fd9949e3fb38fedb","sponsored":false,"expired":false,"indeedApply":false,"formattedLocationFull":"Seattle, WA","formattedRelativeTime":"17 hours ago","stations":""},{"jobtitle":"Principal - Enterprise Applications","company":"ITL USA","city":"Frisco","state":"TX","country":"US","formattedLocation":"Frisco, TX","source":"Infosys","date":"Mon, 13 Mar 2017 06:21:14 GMT","snippet":"At least 5 years of experience in software Project life cycle activities on development and maintenance projects using <b>Java</b>, J2EE technologies or .NET...","url":"http://www.indeed.com/viewjob?jk=8de1c25af44b0cb2&qd=usoBPHMd3vYN69bRu-PQwcxBheEzuNOj46oJk2PU6yPPaaBuvSwk2ub69Dxr0mQTERp4f6wFZAqzeyPK_mKiS6m1Aj3izkOw87NHJgxznYA&indpubnum=3338919744720141&atk=1bb51484618kd3dv","onmousedown":"indeed_clk(this,'18');","jobkey":"8de1c25af44b0cb2","sponsored":false,"expired":false,"indeedApply":false,"formattedLocationFull":"Frisco, TX","formattedRelativeTime":"17 hours ago","stations":""},{"jobtitle":"Principal Solutions Architect - Financial Services","company":"Amazon Web Services, Inc.","city":"New York","state":"NY","country":"US","formattedLocation":"New York, NY","source":"Amazon.com","date":"Mon, 13 Mar 2017 06:01:04 GMT","snippet":"Have an understanding of Enterprise Architecture Frameworks and Enterprise IT management frameworks, identifying the relationships between business services,...","url":"http://www.indeed.com/viewjob?jk=9658fa6f2497a57c&qd=usoBPHMd3vYN69bRu-PQwcxBheEzuNOj46oJk2PU6yPPaaBuvSwk2ub69Dxr0mQTERp4f6wFZAqzeyPK_mKiS6m1Aj3izkOw87NHJgxznYA&indpubnum=3338919744720141&atk=1bb51484618kd3dv","onmousedown":"indeed_clk(this,'18');","jobkey":"9658fa6f2497a57c","sponsored":false,"expired":false,"indeedApply":false,"formattedLocationFull":"New York, NY","formattedRelativeTime":"17 hours ago","stations":""},{"jobtitle":"Embedded Software Technical Lead","company":"One Source Technical, Inc","city":"Foxborough","state":"MA","country":"US","formattedLocation":"Foxborough, MA","source":"CareerMarketplace.com","date":"Sun, 12 Mar 2017 08:04:09 GMT","snippet":"<b>JAVA</b> and other programming languages.Keywords:. Experience in infrastructure design, development and maintenance. Embedded Software Technical LeadLocation:....","url":"http://www.indeed.com/viewjob?jk=6246eec409c8aba2&qd=usoBPHMd3vYN69bRu-PQwcxBheEzuNOj46oJk2PU6yPPaaBuvSwk2ub69Dxr0mQTERp4f6wFZAqzeyPK_mKiS6m1Aj3izkOw87NHJgxznYA&indpubnum=3338919744720141&atk=1bb51484618kd3dv","onmousedown":"indeed_clk(this,'18');","jobkey":"6246eec409c8aba2","sponsored":false,"expired":false,"indeedApply":false,"formattedLocationFull":"Foxborough, MA","formattedRelativeTime":"1 day ago","stations":""},{"jobtitle":"WSO2 architect","company":"Themesoft Inc","city":"Herndon","state":"VA","country":"US","formattedLocation":"Herndon, VA","source":"Indeed","date":"Mon, 13 Mar 2017 19:35:32 GMT","snippet":"Exposure to <b>Java</b> Script, HTML 5 is added advantage. Hands-on experience on the Web technologies including <b>Java</b> , JEE , Spring Framework, XML , JSON and Back-End...","url":"http://www.indeed.com/viewjob?jk=d3d5d6da6ceab88e&qd=usoBPHMd3vYN69bRu-PQwcxBheEzuNOj46oJk2PU6yPPaaBuvSwk2ub69Dxr0mQTERp4f6wFZAqzeyPK_mKiS6m1Aj3izkOw87NHJgxznYA&indpubnum=3338919744720141&atk=1bb51484618kd3dv","onmousedown":"indeed_clk(this,'18');","jobkey":"d3d5d6da6ceab88e","sponsored":false,"expired":false,"indeedApply":true,"formattedLocationFull":"Herndon, VA","formattedRelativeTime":"4 hours ago","stations":""},{"jobtitle":"Principal Member of Technical Staff","company":"Oracle","city":"Seattle","state":"WA","country":"US","formattedLocation":"Seattle, WA","source":"Oracle","date":"Sun, 12 Mar 2017 16:24:18 GMT","snippet":"Development experience in C, C++ and/or <b>Java</b> as well as scripting languages. Principal Engineer – Bare Metal Cloud Platform Team....","url":"http://www.indeed.com/viewjob?jk=3fd8b86319a361d0&qd=usoBPHMd3vYN69bRu-PQwcxBheEzuNOj46oJk2PU6yPPaaBuvSwk2ub69Dxr0mQTERp4f6wFZAqzeyPK_mKiS6m1Aj3izkOw87NHJgxznYA&indpubnum=3338919744720141&atk=1bb51484618kd3dv","onmousedown":"indeed_clk(this,'18');","jobkey":"3fd8b86319a361d0","sponsored":false,"expired":false,"indeedApply":false,"formattedLocationFull":"Seattle, WA","formattedRelativeTime":"1 day ago","stations":""},{"jobtitle":"End User Services Solutions Architect","company":"UNISYS Federal Systems","city":"Reston","state":"VA","country":"US","formattedLocation":"Reston, VA","source":"Indeed","date":"Mon, 13 Mar 2017 16:28:30 GMT","snippet":"<b>Java</b> and <b>Java</b> Script programing. Develop technical solutions in the areas of IT Service Management....","url":"http://www.indeed.com/viewjob?jk=a2492a50282d36a0&qd=usoBPHMd3vYN69bRu-PQwcxBheEzuNOj46oJk2PU6yPPaaBuvSwk2ub69Dxr0mQTERp4f6wFZAqzeyPK_mKiS6m1Aj3izkOw87NHJgxznYA&indpubnum=3338919744720141&atk=1bb51484618kd3dv","onmousedown":"indeed_clk(this,'18');","jobkey":"a2492a50282d36a0","sponsored":false,"expired":false,"indeedApply":true,"formattedLocationFull":"Reston, VA","formattedRelativeTime":"7 hours ago","stations":""}]}