{"version":2,"query":"java","location":"","paginationPayload":"","dupefilter":true,"highlight":true,"totalResults":1177,"start":301,"end":325,"pageNumber":12,"results":[{"jobtitle":"Java Support Engineer","company":"Talend","city":"Atlanta","state":"GA","country":"US","formattedLocation":"Atlanta, GA","source":"Talend","date":"Mon, 13 Mar 2017 20:46:55 GMT","snippet":"<b>Java</b> Support Engineer. Good <b>java</b> skills – development or support experience. Who we are:....","url":"http://www.indeed.com/viewjob?jk=52cddbee958c722f&qd=usoBPHMd3vYN69bRu-PQwcxBheEzuNOj46oJk2PU6yOs9RmphsZwXkpEhIV6Udnw30-4cI82QyB8ovHPH96abam1Aj3izkOw87NHJgxznYA&indpubnum=3338919744720141&atk=1bb5147ts1a0t5jd","onmousedown":"indeed_clk(this,'9818');","jobkey":"52cddbee958c722f","sponsored":false,"expired":false,"indeedApply":false,"formattedLocationFull":"Atlanta, GA","formattedRelativeTime":"3 hours ago","stations":""},{"jobtitle":"Web Services Engineer","company":"Eagle Ray Inc","city":"Springfield","state":"VA","country":"US","formattedLocation":"Springfield, VA","source":"Eagle Ray Inc","date":"Mon, 13 Mar 2017 22:58:34 GMT","snippet":"3 years Python, <b>Java</b>, JavaScripts. It is preferred if the candidate have experience with one or more middleware technologies such as Oracle WebLogic Server, IBM...","url":"http://www.indeed.com/viewjob?jk=6e59a8a10b139a42&qd=usoBPHMd3vYN69bRu-PQwcxBheEzuNOj46oJk2PU6yOs9RmphsZwXkpEhIV6Udnw30-4cI82QyB8ovHPH96abam1Aj3izkOw87NHJgxznYA&indpubnum=3338919744720141&atk=1bb5147ts1a0t5jd","onmousedown":"indeed_clk(this,'9818');","jobkey":"6e59a8a10b139a42","sponsored":false,"expired":false,"indeedApply":false,"formattedLocationFull":"Springfield, VA","formattedRelativeTime":"49 minutes ago","stations":""},{"jobtitle":"Full-Stack Software Engineer","company":"UDig","city":"Richmond","state":"VA","country":"US","formattedLocation":"Richmond, VA","source":"UDig","date":"Mon, 13 Mar 2017 20:08:26 GMT","snippet":"3-5+ years of experience in Solution, Design and Development of applications using <b>Java</b> and/or .Net framework....","url":"http://www.indeed.com/viewjob?jk=f9179aaf58329929&qd=usoBPHMd3vYN69bRu-PQwcxBheEzuNOj46oJk2PU6yOs9RmphsZwXkpEhIV6Udnw30-4cI82QyB8ovHPH96abam1Aj3izkOw87NHJgxznYA&indpubnum=3338919744720141&atk=1bb5147ts1a0t5jd","onmousedown":"indeed_clk(this,'9818');","jobkey":"f9179aaf58329929","sponsored":false,"expired":false,"indeedApply":false,"formattedLocationFull":"Richmond, VA 23230","formattedRelativeTime":"3 hours ago","stations":""},{"jobtitle":"Software Engineer, X1 DVR","company":"Comcast","city":"Philadelphia","state":"PA","country":"US","formattedLocation":"Philadelphia, PA","source":"Comcast","date":"Mon, 13 Mar 2017 20:06:37 GMT","snippet":"Strong <b>Java</b> programming background. We are looking for an exceptional software engineer to work as part of a cross-functional development team to create...","url":"http://www.indeed.com/viewjob?jk=759a408876127100&qd=usoBPHMd3vYN69bRu-PQwcxBheEzuNOj46oJk2PU6yOs9RmphsZwXkpEhIV6Udnw30-4cI82QyB8ovHPH96abam1Aj3izkOw87NHJgxznYA&indpubnum=3338919744720141&atk=1bb5147ts1a0t5jd","onmousedown":"indeed_clk(this,'9818');","jobkey":"759a408876127100","sponsored":false,"expired":false,"indeedApply":false,"formattedLocationFull":"Philadelphia, PA 19103","formattedRelativeTime":"3 hours ago","stations":""},{"jobtitle":"Software Engineer","company":"Progressive Leasing","city":"Draper","state":"UT","country":"US","formattedLocation":"Draper, UT","source":"Progressive Leasing","date":"Mon, 13 Mar 2017 04:09:19 GMT","snippet":"Do you see binary while you dream, or think of programming first and coffee second when someone says <b>Java</b>? Would you take the red pill?...","url":"http://www.indeed.com/viewjob?jk=0ade1c5c4c0c466a&qd=usoBPHMd3vYN69bRu-PQwcxBheEzuNOj46oJk2PU6yOs9RmphsZwXkpEhIV6Udnw30-4cI82QyB8ovHPH96abam1Aj3izkOw87NHJgxznYA&indpubnum=3338919744720141&atk=1bb5147ts1a0t5jd","onmousedown":"indeed_clk(this,'9818');","jobkey":"0ade1c5c4c0c466a","sponsored":false,"expired":false,"indeedApply":false,"formattedLocationFull":"Draper, UT","formattedRelativeTime":"19 hours ago","stations":""},{"jobtitle":"Web Content Management Architect / Technical Lead","company":"Function1","city":"","state":"IL","country":"US","formattedLocation":"Illinois","source":"Function1","date":"Mon, 13 Mar 2017 10:58:37 GMT","snippet":"At least 3 years experience implementing software using <b>Java</b>, <b>Java</b> EE technologies (JSP, Servlets, Beans, JDBC, Groovy), XML....","url":"http://www.indeed.com/viewjob?jk=30cecb9ada3ea527&qd=usoBPHMd3vYN69bRu-PQwcxBheEzuNOj46oJk2PU6yOs9RmphsZwXkpEhIV6Udnw30-4cI82QyB8ovHPH96abam1Aj3izkOw87NHJgxznYA&indpubnum=3338919744720141&atk=1bb5147ts1a0t5jd","onmousedown":"indeed_clk(this,'9818');","jobkey":"30cecb9ada3ea527","sponsored":false,"expired":false,"indeedApply":true,"formattedLocationFull":"Illinois","formattedRelativeTime":"12 hours ago","stations":""},{"jobtitle":"Back End Web Developer","company":"SmartEquip, Inc.","city":"Norwalk","state":"CT","country":"US","formattedLocation":"Norwalk, CT","source":"SmartEquip, Inc.","date":"Mon, 13 Mar 2017 10:57:54 GMT","snippet":"Excellent knowledge of and experience with <b>Java</b>. The primary function of the Back-End Web Developer is to design, implement, and maintain web applications and...","url":"http://www.indeed.com/viewjob?jk=f72447bc592b6b81&qd=usoBPHMd3vYN69bRu-PQwcxBheEzuNOj46oJk2PU6yOs9RmphsZwXkpEhIV6Udnw30-4cI82QyB8ovHPH96abam1Aj3izkOw87NHJgxznYA&indpubnum=3338919744720141&atk=1bb5147ts1a0t5jd","onmousedown":"indeed_clk(this,'9818');","jobkey":"f72447bc592b6b81","sponsored":false,"expired":false,"indeedApply":false,"formattedLocationFull":"Norwalk, CT","formattedRelativeTime":"12 hours ago","stations":""},{"jobtitle":"Field Technology Software Engineer","company":"Xcalar","city":"San Jose","state":"CA","country":"US","formattedLocation":"San Jose, CA","source":"Xcalar","date":"Sun, 12 Mar 2017 08:41:24 GMT","snippet":"In this role, you will be a critical part of our engineering team, developing system software that extends the core technology and allows integration with...","url":"http://www.indeed.com/viewjob?jk=b4561c77836fc1f1&qd=usoBPHMd3vYN69bRu-PQwcxBheEzuNOj46oJk2PU6yOs9RmphsZwXkpEhIV6Udnw30-4cI82QyB8ovHPH96abam1Aj3izkOw87NHJgxznYA&indpubnum=3338919744720141&atk=1bb5147ts1a0t5jd","onmousedown":"indeed_clk(this,'9818');","jobkey":"b4561c77836fc1f1","sponsored":false,"expired":false,"indeedApply":false,"formattedLocationFull":"San Jose, CA","formattedRelativeTime":"1 day ago","stations":""},{"jobtitle":"Sr Test Automation Engineer","company":"Globant","city":"Glendale","state":"CA","country":"US","formattedLocation":"Glendale, CA","source":"Globant","date":"Mon, 13 Mar 2017 08:11:52 GMT","snippet":"Senior experiene with <b>Java</b> (or C#). 90%Automation coding 10%Functional Testing, Selenium WebDriver, Agile, <b>Java</b>....","url":"http://www.indeed.com/viewjob?jk=b50bdf849d617a94&qd=usoBPHMd3vYN69bRu-PQwcxBheEzuNOj46oJk2PU6yOs9RmphsZwXkpEhIV6Udnw30-4cI82QyB8ovHPH96abam1Aj3izkOw87NHJgxznYA&indpubnum=3338919744720141&atk=1bb5147ts1a0t5jd","onmousedown":"indeed_clk(this,'9818');","jobkey":"b50bdf849d617a94","sponsored":false,"expired":false,"indeedApply":false,"formattedLocationFull":"Glendale, CA","formattedRelativeTime":"15 hours ago","stations":""},{"jobtitle":"Web Developer I **TS/SCI w/poly required","company":"FEDDATA","city":"Annapolis Junction","state":"MD","country":"US","formattedLocation":"Annapolis Junction, MD","source":"FEDDATA","date":"Mon, 13 Mar 2017 08:29:37 GMT","snippet":"<b>Java</b>, CGI, Visual Basic, HTML, XML) to create web page elements such as user interface features, site animation, special effects, databases, and e-business...","url":"http://www.indeed.com/viewjob?jk=340e76a8ee171439&qd=usoBPHMd3vYN69bRu-PQwcxBheEzuNOj46oJk2PU6yOs9RmphsZwXkpEhIV6Udnw30-4cI82QyB8ovHPH96abam1Aj3izkOw87NHJgxznYA&indpubnum=3338919744720141&atk=1bb5147ts1a0t5jd","onmousedown":"indeed_clk(this,'9818');","jobkey":"340e76a8ee171439","sponsored":false,"expired":false,"indeedApply":false,"formattedLocationFull":"Annapolis Junction, MD","formattedRelativeTime":"15 hours ago","stations":""},{"jobtitle":"Principle Software Developer","company":"Innoplex","city":"Columbia","state":"MD","country":"US","formattedLocation":"Columbia, MD","source":"Innoplex","date":"Mon, 13 Mar 2017 20:41:14 GMT","snippet":"<b>Java</b> development experience. Direct experience with middleware technolgies such as enterprise service bus (ESB), CORBA, or Internet Communications Engine (ICE)....","url":"http://www.indeed.com/viewjob?jk=f8f6a553742d53c7&qd=usoBPHMd3vYN69bRu-PQwcxBheEzuNOj46oJk2PU6yOs9RmphsZwXkpEhIV6Udnw30-4cI82QyB8ovHPH96abam1Aj3izkOw87NHJgxznYA&indpubnum=3338919744720141&atk=1bb5147ts1a0t5jd","onmousedown":"indeed_clk(this,'9818');","jobkey":"f8f6a553742d53c7","sponsored":false,"expired":false,"indeedApply":false,"formattedLocationFull":"Columbia, MD","formattedRelativeTime":"3 hours ago","stations":""},{"jobtitle":"Sr. Software Developer","company":"BlackBerry","city":"Boston","state":"MA","country":"US","formattedLocation":"Boston, MA","source":"BlackBerry","date":"Mon, 13 Mar 2017 15:19:47 GMT","snippet":"<b>Java</b> and C/C++ programming in a professional environment. At BlackBerry Corporation, we secure enterprise information and applications on today’s most popular...","url":"http://www.indeed.com/viewjob?jk=cf5b2063455be988&qd=usoBPHMd3vYN69bRu-PQwcxBheEzuNOj46oJk2PU6yOs9RmphsZwXkpEhIV6Udnw30-4cI82QyB8ovHPH96abam1Aj3izkOw87NHJgxznYA&indpubnum=3338919744720141&atk=1bb5147ts1a0t5jd","onmousedown":"indeed_clk(this,'9818');","jobkey":"cf5b2063455be988","sponsored":false,"expired":false,"indeedApply":false,"formattedLocationFull":"Boston, MA","formattedRelativeTime":"8 hours ago","stations":""},{"jobtitle":"Developer","company":"CastleBranch","city":"Wilmington","state":"NC","country":"US","formattedLocation":"Wilmington, NC","source":"Crunchboard","date":"Mon, 13 Mar 2017 18:35:46 GMT","snippet":"Suggested language proficiency in PHP, MySQL, <b>Java</b> or other object-oriented languages, HTML, XML. The Developer is responsible for programming and analysis...","url":"http://www.indeed.com/viewjob?jk=77f87d9cc577560b&qd=usoBPHMd3vYN69bRu-PQwcxBheEzuNOj46oJk2PU6yOs9RmphsZwXkpEhIV6Udnw30-4cI82QyB8ovHPH96abam1Aj3izkOw87NHJgxznYA&indpubnum=3338919744720141&atk=1bb5147ts1a0t5jd","onmousedown":"indeed_clk(this,'9818');","jobkey":"77f87d9cc577560b","sponsored":false,"expired":false,"indeedApply":false,"formattedLocationFull":"Wilmington, NC","formattedRelativeTime":"5 hours ago","stations":""},{"jobtitle":"Software Developer - UI/Full Stack","company":"Expedia","city":"Seattle","state":"WA","country":"US","formattedLocation":"Seattle, WA","source":"Expedia","date":"Mon, 13 Mar 2017 11:36:16 GMT","snippet":"Scala, <b>Java</b>, Javascript. Software Developer I – UI / Full Stack Position Description....","url":"http://www.indeed.com/viewjob?jk=21b76a7f7a4ef5f0&qd=usoBPHMd3vYN69bRu-PQwcxBheEzuNOj46oJk2PU6yOs9RmphsZwXkpEhIV6Udnw30-4cI82QyB8ovHPH96abam1Aj3izkOw87NHJgxznYA&indpubnum=3338919744720141&atk=1bb5147ts1a0t5jd","onmousedown":"indeed_clk(this,'9818');","jobkey":"21b76a7f7a4ef5f0","sponsored":false,"expired":false,"indeedApply":false,"formattedLocationFull":"Seattle, WA 98119","formattedRelativeTime":"12 hours ago","stations":""},{"jobtitle":"UI (Front End) Developer","company":"ABIS Solutions","city":"Albany","state":"NY","country":"US","formattedLocation":"Albany, NY","source":"ABIS Solutions","date":"Mon, 13 Mar 2017 21:43:45 GMT","snippet":"Familiarity with back-end languages such as <b>Java</b>, experience with <b>Java</b> development a plus. Front-end (UI) developers are responsible for creating a functional...","url":"http://www.indeed.com/viewjob?jk=e1f2a710b0a6c74e&qd=usoBPHMd3vYN69bRu-PQwcxBheEzuNOj46oJk2PU6yOs9RmphsZwXkpEhIV6Udnw30-4cI82QyB8ovHPH96abam1Aj3izkOw87NHJgxznYA&indpubnum=3338919744720141&atk=1bb5147ts1a0t5jd","onmousedown":"indeed_clk(this,'9818');","jobkey":"e1f2a710b0a6c74e","sponsored":false,"expired":false,"indeedApply":false,"formattedLocationFull":"Albany, NY","formattedRelativeTime":"2 hours ago","stations":""},{"jobtitle":"Software Development Engineer","company":"Amazon Corporate LLC","city":"Seattle","state":"WA","country":"US","formattedLocation":"Seattle, WA","source":"Amazon.com","date":"Mon, 13 Mar 2017 06:15:48 GMT","snippet":"Proficiency in, at least, one modern programming language such as C, C++, <b>Java</b>, or Perl. The AFT Automation Technologies team is developing state of the art IoT...","url":"http://www.indeed.com/viewjob?jk=0be939a31ee66e6d&qd=usoBPHMd3vYN69bRu-PQwcxBheEzuNOj46oJk2PU6yOs9RmphsZwXkpEhIV6Udnw30-4cI82QyB8ovHPH96abam1Aj3izkOw87NHJgxznYA&indpubnum=3338919744720141&atk=1bb5147ts1a0t5jd","onmousedown":"indeed_clk(this,'9818');","jobkey":"0be939a31ee66e6d","sponsored":false,"expired":false,"indeedApply":false,"formattedLocationFull":"Seattle, WA","formattedRelativeTime":"17 hours ago","stations":""},{"jobtitle":"Java Developer","company":"Pragmatics, Inc.","city":"Austin","state":"TX","country":"US","formattedLocation":"Austin, TX","source":"Indeed","date":"Mon, 13 Mar 2017 16:54:02 GMT","snippet":"Expert level knowledge of <b>Java</b> and related technologies:. As a <b>Java</b> Developer, you will be performing the following responsibilities:....","url":"http://www.indeed.com/viewjob?jk=a1837732ff01dc2e&qd=usoBPHMd3vYN69bRu-PQwcxBheEzuNOj46oJk2PU6yOs9RmphsZwXkpEhIV6Udnw30-4cI82QyB8ovHPH96abam1Aj3izkOw87NHJgxznYA&indpubnum=3338919744720141&atk=1bb5147ts1a0t5jd","onmousedown":"indeed_clk(this,'9818');","jobkey":"a1837732ff01dc2e","sponsored":false,"expired":false,"indeedApply":true,"formattedLocationFull":"Austin, TX","formattedRelativeTime":"6 hours ago","stations":""},{"jobtitle":"3M HIS Software Developer (Wallingford, CT)","company":"3M","city":"Wallingford","state":"CT","country":"US","formattedLocation":"Wallingford, CT","source":"3M","date":"Sun, 12 Mar 2017 08:17:02 GMT","snippet":"Minimum of one (1) year of experience developing in <b>Java</b> (can include course work). Participate in technical design sessions to formulate technical designs that...","url":"http://www.indeed.com/viewjob?jk=a03192cc5b40fe2b&qd=usoBPHMd3vYN69bRu-PQwcxBheEzuNOj46oJk2PU6yOs9RmphsZwXkpEhIV6Udnw30-4cI82QyB8ovHPH96abam1Aj3izkOw87NHJgxznYA&indpubnum=3338919744720141&atk=1bb5147ts1a0t5jd","onmousedown":"indeed_clk(this,'9818');","jobkey":"a03192cc5b40fe2b","sponsored":false,"expired":false,"indeedApply":false,"formattedLocationFull":"Wallingford, CT","formattedRelativeTime":"1 day ago","stations":""},{"jobtitle":"Agile Software Developer - SME","company":"Ops Tech Alliance","city":"Springfield","state":"VA","country":"US","formattedLocation":"Springfield, VA","source":"Ops Tech Alliance","date":"Sun, 12 Mar 2017 07:30:37 GMT","snippet":"C#, <b>Java</b>, .NET, Python., Perl, Ruby, or similar. 5-8 years’ experience minimum,....","url":"http://www.indeed.com/viewjob?jk=da1058e92344ab0f&qd=usoBPHMd3vYN69bRu-PQwcxBheEzuNOj46oJk2PU6yOs9RmphsZwXkpEhIV6Udnw30-4cI82QyB8ovHPH96abam1Aj3izkOw87NHJgxznYA&indpubnum=3338919744720141&atk=1bb5147ts1a0t5jd","onmousedown":"indeed_clk(this,'9818');","jobkey":"da1058e92344ab0f","sponsored":false,"expired":false,"indeedApply":false,"formattedLocationFull":"Springfield, VA","formattedRelativeTime":"1 day ago","stations":""},{"jobtitle":"Sr Software Developer","company":"Great-West","city":"Denver","state":"CO","country":"US","formattedLocation":"Denver, CO","source":"Great-West","date":"Sun, 12 Mar 2017 07:02:42 GMT","snippet":"Strong proficiency in <b>Java</b> coding (3+ years). Designs, codes, modifies, tests, debugs, integrates and documents applications from specifications dealing with...","url":"http://www.indeed.com/viewjob?jk=2a706218b34ab2f9&qd=usoBPHMd3vYN69bRu-PQwcxBheEzuNOj46oJk2PU6yOs9RmphsZwXkpEhIV6Udnw30-4cI82QyB8ovHPH96abam1Aj3izkOw87NHJgxznYA&indpubnum=3338919744720141&atk=1bb5147ts1a0t5jd","onmousedown":"indeed_clk(this,'9818');","jobkey":"2a706218b34ab2f9","sponsored":false,"expired":false,"indeedApply":false,"formattedLocationFull":"Denver, CO","formattedRelativeTime":"1 day ago","stations":""},{"jobtitle":"Engineer Software","company":"ISYS Technologies","city":"Schriever AFB","state":"CO","country":"US","formattedLocation":"Schriever AFB, CO","source":"ISYS Technologies","date":"Mon, 13 Mar 2017 16:58:22 GMT","snippet":"Missile defense domain, GPU Programming, CUDA, Open CL, <b>Java</b>, MySQL, modeling and simulation, or parallel computing Current DoD Secret clearance....","url":"http://www.indeed.com/viewjob?jk=6168fba0cce53024&qd=usoBPHMd3vYN69bRu-PQwcxBheEzuNOj46oJk2PU6yOs9RmphsZwXkpEhIV6Udnw30-4cI82QyB8ovHPH96abam1Aj3izkOw87NHJgxznYA&indpubnum=3338919744720141&atk=1bb5147ts1a0t5jd","onmousedown":"indeed_clk(this,'9818');","jobkey":"6168fba0cce53024","sponsored":false,"expired":false,"indeedApply":false,"formattedLocationFull":"Schriever AFB, CO","formattedRelativeTime":"6 hours ago","stations":""},{"jobtitle":"Developer (Front-End/UI/UX)","company":"1 Source Consulting","city":"Washington","state":"DC","country":"US","formattedLocation":"Washington, DC","source":"1 Source Consulting","date":"Sun, 12 Mar 2017 09:04:39 GMT","snippet":"Experience developing <b>Java</b> applications for Sun servers, Linux servers and Oracle databases is required. This person will be responsible for design, development...","url":"http://www.indeed.com/viewjob?jk=47fd0af9db41a043&qd=usoBPHMd3vYN69bRu-PQwcxBheEzuNOj46oJk2PU6yOs9RmphsZwXkpEhIV6Udnw30-4cI82QyB8ovHPH96abam1Aj3izkOw87NHJgxznYA&indpubnum=3338919744720141&atk=1bb5147ts1a0t5jd","onmousedown":"indeed_clk(this,'9818');","jobkey":"47fd0af9db41a043","sponsored":false,"expired":false,"indeedApply":false,"formattedLocationFull":"Washington, DC 20005","formattedRelativeTime":"1 day ago","stations":""},{"jobtitle":"Senior Software Engineer","company":"YapStone","city":"Walnut Creek","state":"CA","country":"US","formattedLocation":"Walnut Creek, CA","source":"Yapstone","date":"Mon, 13 Mar 2017 20:49:15 GMT","snippet":"Excellent <b>Java</b> coding skills. We are seeking a Senior Software Engineer for building <b>Java</b> and web services solutions that scale with YapStone’s rapid growth....","url":"http://www.indeed.com/viewjob?jk=4c9c717090a37f59&qd=usoBPHMd3vYN69bRu-PQwcxBheEzuNOj46oJk2PU6yOs9RmphsZwXkpEhIV6Udnw30-4cI82QyB8ovHPH96abam1Aj3izkOw87NHJgxznYA&indpubnum=3338919744720141&atk=1bb5147ts1a0t5jd","onmousedown":"indeed_clk(this,'9818');","jobkey":"4c9c717090a37f59","sponsored":false,"expired":false,"indeedApply":false,"formattedLocationFull":"Walnut Creek, CA 94596","formattedRelativeTime":"2 hours ago","stations":""},{"jobtitle":"Senior Software Developer, OneJef/ Corporate - Information Technology","company":"Jefferies & Company, Inc.","city":"Jersey City","state":"NJ","country":"US","formattedLocation":"Jersey City, NJ","source":"Jefferies & Company, Inc.","date":"Mon, 13 Mar 2017 17:15:55 GMT","snippet":"<b>Java</b>, C++,Python,Ruby or Smalltalk &gt; a plus. Jefferies, the global investment banking firm focused on serving clients for over 50 years, is a leader in...","url":"http://www.indeed.com/viewjob?jk=715b070c1e8ea6c4&qd=usoBPHMd3vYN69bRu-PQwcxBheEzuNOj46oJk2PU6yOs9RmphsZwXkpEhIV6Udnw30-4cI82QyB8ovHPH96abam1Aj3izkOw87NHJgxznYA&indpubnum=3338919744720141&atk=1bb5147ts1a0t5jd","onmousedown":"indeed_clk(this,'9818');","jobkey":"715b070c1e8ea6c4","sponsored":false,"expired":false,"indeedApply":false,"formattedLocationFull":"Jersey City, NJ 07302","formattedRelativeTime":"6 hours ago","stations":""},{"jobtitle":"Salesforce and Marketo Administrator","company":"Talkdesk","city":"San Francisco","state":"CA","country":"US","formattedLocation":"San Francisco, CA","source":"Talkdesk","date":"Mon, 13 Mar 2017 16:34:16 GMT","snippet":"Experience with SQL, Apex, <b>Java</b>, JSP and/or JavaScript is a plus. Would you like to join one of the fastest growing startups in the world?...","url":"http://www.indeed.com/viewjob?jk=e9d570c74927736f&qd=usoBPHMd3vYN69bRu-PQwcxBheEzuNOj46oJk2PU6yOs9RmphsZwXkpEhIV6Udnw30-4cI82QyB8ovHPH96abam1Aj3izkOw87NHJgxznYA&indpubnum=3338919744720141&atk=1bb5147ts1a0t5jd","onmousedown":"indeed_clk(this,'9818');","jobkey":"e9d570c74927736f","sponsored":false,"expired":false,"indeedApply":false,"formattedLocationFull":"San Francisco, CA","formattedRelativeTime":"7 hours ago","stations":""}]}