{"version":2,"query":"java","location":"","paginationPayload":"","dupefilter":true,"highlight":true,"totalResults":1192,"start":576,"end":600,"pageNumber":23,"results":[{"jobtitle":"Application Developer","company":"TEKSystems","city":"Champaign","state":"IL","country":"US","formattedLocation":"Champaign, IL","source":"TEKSystems","date":"Mon, 13 Mar 2017 17:04:43 GMT","snippet":"SSIS, <b>Java</b>, Web Services, SOAP, HTML, XML. API experience in finance applications, enterprise level applications, (Peoplesoft, Banner, Salesforce, etc) EDMS...","url":"http://www.indeed.com/viewjob?jk=3acbcdd9395ce023&qd=usoBPHMd3vYN69bRu-PQwcxBheEzuNOj46oJk2PU6yPPaaBuvSwk2ub69Dxr0mQTERp4f6wFZAqzeyPK_mKiS6m1Aj3izkOw87NHJgxznYA&indpubnum=3338919744720141&atk=1bb5148qo18gq2f1","onmousedown":"indeed_clk(this,'743');","jobkey":"3acbcdd9395ce023","sponsored":false,"expired":false,"indeedApply":false,"formattedLocationFull":"Champaign, IL","formattedRelativeTime":"6 hours ago","stations":""},{"jobtitle":"Ground Systems Software Engineer","company":"The Aerospace Corporation","city":"Chantilly","state":"VA","country":"US","formattedLocation":"Chantilly, VA","source":"The Aerospace Corporation","date":"Sun, 12 Mar 2017 14:03:15 GMT","snippet":"Requisition ID: 4621 All Locations: Chantilly, VA (Virginia) Responsibilities RESPONSIBILITIES We are looking for a Ground Systems Software Engineer to...","url":"http://www.indeed.com/viewjob?jk=96e5ee0433e51918&qd=usoBPHMd3vYN69bRu-PQwcxBheEzuNOj46oJk2PU6yPPaaBuvSwk2ub69Dxr0mQTERp4f6wFZAqzeyPK_mKiS6m1Aj3izkOw87NHJgxznYA&indpubnum=3338919744720141&atk=1bb5148qo18gq2f1","onmousedown":"indeed_clk(this,'743');","jobkey":"96e5ee0433e51918","sponsored":false,"expired":false,"indeedApply":false,"formattedLocationFull":"Chantilly, VA 20151","formattedRelativeTime":"1 day ago","stations":""},{"jobtitle":"Associate Ground Systems Software Engineer","company":"The Aerospace Corporation","city":"Chantilly","state":"VA","country":"US","formattedLocation":"Chantilly, VA","source":"The Aerospace Corporation","date":"Sun, 12 Mar 2017 14:03:14 GMT","snippet":"Requisition ID: 4601 All Locations: Chantilly, VA (Virginia) Responsibilities RESPONSIBILITIES Aerospace's Ground Computing and Technologies Department,...","url":"http://www.indeed.com/viewjob?jk=1d0314d6b43a8c3c&qd=usoBPHMd3vYN69bRu-PQwcxBheEzuNOj46oJk2PU6yPPaaBuvSwk2ub69Dxr0mQTERp4f6wFZAqzeyPK_mKiS6m1Aj3izkOw87NHJgxznYA&indpubnum=3338919744720141&atk=1bb5148qo18gq2f1","onmousedown":"indeed_clk(this,'743');","jobkey":"1d0314d6b43a8c3c","sponsored":false,"expired":false,"indeedApply":false,"formattedLocationFull":"Chantilly, VA 20151","formattedRelativeTime":"1 day ago","stations":""},{"jobtitle":"Senior Software Engineer in Quality","company":"Intuit","city":"Mountain View","state":"CA","country":"US","formattedLocation":"Mountain View, CA","source":"Intuit","date":"Mon, 13 Mar 2017 10:16:38 GMT","snippet":"At Profile and Customer (Data) products teams, we provide a cross-Intuit view of our customers &amp; relationships, for use by products, care, enterprise and...","url":"http://www.indeed.com/viewjob?jk=d42214808f710633&qd=usoBPHMd3vYN69bRu-PQwcxBheEzuNOj46oJk2PU6yPPaaBuvSwk2ub69Dxr0mQTERp4f6wFZAqzeyPK_mKiS6m1Aj3izkOw87NHJgxznYA&indpubnum=3338919744720141&atk=1bb5148qo18gq2f1","onmousedown":"indeed_clk(this,'743');","jobkey":"d42214808f710633","sponsored":false,"expired":false,"indeedApply":false,"formattedLocationFull":"Mountain View, CA 94039","formattedRelativeTime":"13 hours ago","stations":""},{"jobtitle":"Sr. Java Programmer / Solutions Architect - MA - 5533","company":"DB Healthcare, Inc.","city":"Quincy","state":"MA","country":"US","formattedLocation":"Quincy, MA","source":"Indeed","date":"Mon, 13 Mar 2017 22:36:53 GMT","snippet":"<b>Java</b> Programmer / Solutions Architect - MA. Strong background in <b>Java</b> / J2EE technologies. Hands on coding on tools using state of the art technologies such as...","url":"http://www.indeed.com/viewjob?jk=1b10487d78f376b0&qd=usoBPHMd3vYN69bRu-PQwcxBheEzuNOj46oJk2PU6yPPaaBuvSwk2ub69Dxr0mQTERp4f6wFZAqzeyPK_mKiS6m1Aj3izkOw87NHJgxznYA&indpubnum=3338919744720141&atk=1bb5148qo18gq2f1","onmousedown":"indeed_clk(this,'743');","jobkey":"1b10487d78f376b0","sponsored":false,"expired":false,"indeedApply":true,"formattedLocationFull":"Quincy, MA","formattedRelativeTime":"1 hour ago","stations":""},{"jobtitle":"Manager of Software Engineering","company":"CDK Global","city":"Seattle","state":"WA","country":"US","formattedLocation":"Seattle, WA","source":"CDK Global","date":"Sun, 12 Mar 2017 20:39:04 GMT","snippet":"Experience in multiple stacks is desirable with <b>Java</b>, Spring and at least one JavaScript framework essential....","url":"http://www.indeed.com/viewjob?jk=f1c706705b647fc2&qd=usoBPHMd3vYN69bRu-PQwcxBheEzuNOj46oJk2PU6yPPaaBuvSwk2ub69Dxr0mQTERp4f6wFZAqzeyPK_mKiS6m1Aj3izkOw87NHJgxznYA&indpubnum=3338919744720141&atk=1bb5148qo18gq2f1","onmousedown":"indeed_clk(this,'743');","jobkey":"f1c706705b647fc2","sponsored":false,"expired":false,"indeedApply":false,"formattedLocationFull":"Seattle, WA","formattedRelativeTime":"1 day ago","stations":""},{"jobtitle":"Software Engineer -063","company":"Technology Recruitment","city":"Cupertino","state":"CA","country":"US","formattedLocation":"Cupertino, CA","source":"Indeed","date":"Mon, 13 Mar 2017 23:24:41 GMT","snippet":"<b>Java</b> or Objective C or Swift:. Highly proficient in at least, one modern programming language such as <b>Java</b>, Objective-C, Swift. SOFTWARE ENGINEER -063....","url":"http://www.indeed.com/viewjob?jk=9ccf73e35426105b&qd=usoBPHMd3vYN69bRu-PQwcxBheEzuNOj46oJk2PU6yPPaaBuvSwk2ub69Dxr0mQTERp4f6wFZAqzeyPK_mKiS6m1Aj3izkOw87NHJgxznYA&indpubnum=3338919744720141&atk=1bb5148qo18gq2f1","onmousedown":"indeed_clk(this,'743');","jobkey":"9ccf73e35426105b","sponsored":false,"expired":false,"indeedApply":true,"formattedLocationFull":"Cupertino, CA","formattedRelativeTime":"23 minutes ago","stations":""},{"jobtitle":"Performance Systems Engineer","company":"ACI Federal","city":"Arlington","state":"VA","country":"US","formattedLocation":"Arlington, VA","source":"Indeed","date":"Mon, 13 Mar 2017 19:09:48 GMT","snippet":"3+ years’ experience architecting, implementing, configuring and integrating a performance testing tool enterprise solution (such as HP ALM Performance Center),...","url":"http://www.indeed.com/viewjob?jk=71cc488265090113&qd=usoBPHMd3vYN69bRu-PQwcxBheEzuNOj46oJk2PU6yPPaaBuvSwk2ub69Dxr0mQTERp4f6wFZAqzeyPK_mKiS6m1Aj3izkOw87NHJgxznYA&indpubnum=3338919744720141&atk=1bb5148qo18gq2f1","onmousedown":"indeed_clk(this,'743');","jobkey":"71cc488265090113","sponsored":false,"expired":false,"indeedApply":true,"formattedLocationFull":"Arlington, VA","formattedRelativeTime":"4 hours ago","stations":""},{"jobtitle":"Software Development Manager","company":"Kapsch TrafficCom USA","city":"Austin","state":"TX","country":"US","formattedLocation":"Austin, TX","source":"Kapsch TrafficCom USA","date":"Mon, 13 Mar 2017 15:58:15 GMT","snippet":"<b>Java</b>, C++, Mobile Applications (Tablets), Agile. Product customization architecture and implementation is maintainable and extendible to accommodate future...","url":"http://www.indeed.com/viewjob?jk=6191f53c9b0cc308&qd=usoBPHMd3vYN69bRu-PQwcxBheEzuNOj46oJk2PU6yPPaaBuvSwk2ub69Dxr0mQTERp4f6wFZAqzeyPK_mKiS6m1Aj3izkOw87NHJgxznYA&indpubnum=3338919744720141&atk=1bb5148qo18gq2f1","onmousedown":"indeed_clk(this,'743');","jobkey":"6191f53c9b0cc308","sponsored":false,"expired":false,"indeedApply":false,"formattedLocationFull":"Austin, TX","formattedRelativeTime":"7 hours ago","stations":""},{"jobtitle":"Sr. Java/Spring Developer","company":"System One","city":"Walnut Creek","state":"CA","country":"US","formattedLocation":"Walnut Creek, CA","source":"System One","date":"Mon, 13 Mar 2017 22:25:00 GMT","snippet":"Experience in implementing <b>Java</b> EE design patterns such as MVC, Singleton, Session Facade, DAO, DTO, and Business Delegate in the development of Multi-Tier...","url":"http://www.indeed.com/viewjob?jk=e1b524ea731dc0c8&qd=usoBPHMd3vYN69bRu-PQwcxBheEzuNOj46oJk2PU6yPPaaBuvSwk2ub69Dxr0mQTERp4f6wFZAqzeyPK_mKiS6m1Aj3izkOw87NHJgxznYA&indpubnum=3338919744720141&atk=1bb5148qo18gq2f1","onmousedown":"indeed_clk(this,'743');","jobkey":"e1b524ea731dc0c8","sponsored":false,"expired":false,"indeedApply":false,"formattedLocationFull":"Walnut Creek, CA","formattedRelativeTime":"1 hour ago","stations":""},{"jobtitle":"Back-end Java Developer (Java & Go Lang)","company":"MDI Group","city":"Dallas","state":"TX","country":"US","formattedLocation":"Dallas, TX","source":"MDI Group","date":"Mon, 13 Mar 2017 16:25:34 GMT","snippet":"Back-end <b>Java</b> Developer (<b>Java</b> &amp; Go Lang). Provide coding and core <b>Java</b> and ideally GoLang. MDI Group is a premier IT workforce solutions provider with more than...","url":"http://www.indeed.com/viewjob?jk=93b57ad5384833b4&qd=usoBPHMd3vYN69bRu-PQwcxBheEzuNOj46oJk2PU6yPPaaBuvSwk2ub69Dxr0mQTERp4f6wFZAqzeyPK_mKiS6m1Aj3izkOw87NHJgxznYA&indpubnum=3338919744720141&atk=1bb5148qo18gq2f1","onmousedown":"indeed_clk(this,'743');","jobkey":"93b57ad5384833b4","sponsored":false,"expired":false,"indeedApply":false,"formattedLocationFull":"Dallas, TX","formattedRelativeTime":"7 hours ago","stations":""},{"jobtitle":"Software Engineer in Test Automation","company":"Workbridge Associates","city":"Reston","state":"VA","country":"US","formattedLocation":"Reston, VA","source":"Workbridge Associates","date":"Mon, 13 Mar 2017 20:23:42 GMT","snippet":"Qualified candidates must have experience in Selenium WebDriver, <b>Java</b>, and Javascript. Selenium WebDriver, Javascript, <b>Java</b>, PhantomJS, NodeJS, Web API, Python,...","url":"http://www.indeed.com/viewjob?jk=c1ee395dfaf8800f&qd=usoBPHMd3vYN69bRu-PQwcxBheEzuNOj46oJk2PU6yPPaaBuvSwk2ub69Dxr0mQTERp4f6wFZAqzeyPK_mKiS6m1Aj3izkOw87NHJgxznYA&indpubnum=3338919744720141&atk=1bb5148qo18gq2f1","onmousedown":"indeed_clk(this,'743');","jobkey":"c1ee395dfaf8800f","sponsored":false,"expired":false,"indeedApply":true,"formattedLocationFull":"Reston, VA 20191","formattedRelativeTime":"3 hours ago","stations":""},{"jobtitle":"Sr. Software Engineer - Front-end","company":"Parallel HR","city":"Salt Lake City","state":"UT","country":"US","formattedLocation":"Salt Lake City, UT","source":"Parallel HR","date":"Mon, 13 Mar 2017 09:08:56 GMT","snippet":"Significant mastery of <b>Java</b> and C++ development. Develop GUI and other aspects of the application according to the standards of the platform in <b>Java</b>, Swift, and...","url":"http://www.indeed.com/viewjob?jk=b5b30213c8c90f9e&qd=usoBPHMd3vYN69bRu-PQwcxBheEzuNOj46oJk2PU6yPPaaBuvSwk2ub69Dxr0mQTERp4f6wFZAqzeyPK_mKiS6m1Aj3izkOw87NHJgxznYA&indpubnum=3338919744720141&atk=1bb5148qo18gq2f1","onmousedown":"indeed_clk(this,'743');","jobkey":"b5b30213c8c90f9e","sponsored":false,"expired":false,"indeedApply":false,"formattedLocationFull":"Salt Lake City, UT","formattedRelativeTime":"14 hours ago","stations":""},{"jobtitle":"Senior Software Engineer (Java)","company":"Workbridge Associates","city":"Radnor","state":"PA","country":"US","formattedLocation":"Radnor, PA","source":"Workbridge Associates","date":"Mon, 13 Mar 2017 20:23:40 GMT","snippet":"JVM, Clojure, <b>Java</b>. A company located in Radnor, PA is looking to fill a vacant a <b>java</b> developer role. The company works with both businesses and customers to...","url":"http://www.indeed.com/viewjob?jk=89900579a58add82&qd=usoBPHMd3vYN69bRu-PQwcxBheEzuNOj46oJk2PU6yPPaaBuvSwk2ub69Dxr0mQTERp4f6wFZAqzeyPK_mKiS6m1Aj3izkOw87NHJgxznYA&indpubnum=3338919744720141&atk=1bb5148qo18gq2f1","onmousedown":"indeed_clk(this,'743');","jobkey":"89900579a58add82","sponsored":false,"expired":false,"indeedApply":true,"formattedLocationFull":"Radnor, PA","formattedRelativeTime":"3 hours ago","stations":""},{"jobtitle":"Software Development Manager - Livonia, MI","company":"WorkForce Software","city":"Ann Arbor","state":"MI","country":"US","formattedLocation":"Ann Arbor, MI","source":"WorkForce Software","date":"Sun, 12 Mar 2017 20:39:00 GMT","snippet":"Experience working with <b>Java</b> and/or JavaScript a plus. At WorkForce Software you’ll be part of an Agile software development team that uses the latest <b>Java</b>...","url":"http://www.indeed.com/viewjob?jk=298ff9995b79aeac&qd=usoBPHMd3vYN69bRu-PQwcxBheEzuNOj46oJk2PU6yPPaaBuvSwk2ub69Dxr0mQTERp4f6wFZAqzeyPK_mKiS6m1Aj3izkOw87NHJgxznYA&indpubnum=3338919744720141&atk=1bb5148qo18gq2f1","onmousedown":"indeed_clk(this,'743');","jobkey":"298ff9995b79aeac","sponsored":false,"expired":false,"indeedApply":false,"formattedLocationFull":"Ann Arbor, MI 48104","formattedRelativeTime":"1 day ago","stations":""},{"jobtitle":"Associate Consultant, II","company":"Synopsys","city":"Bloomington","state":"IN","country":"US","formattedLocation":"Bloomington, IN","source":"Synopsys","date":"Mon, 13 Mar 2017 16:18:23 GMT","snippet":"Experience with C/C++, .NET, <b>Java</b>, multiple OS and RDBMS. As Cigital engages with clients in the application of our software security improvement methodologies,...","url":"http://www.indeed.com/viewjob?jk=1fdf95345478a671&qd=usoBPHMd3vYN69bRu-PQwcxBheEzuNOj46oJk2PU6yPPaaBuvSwk2ub69Dxr0mQTERp4f6wFZAqzeyPK_mKiS6m1Aj3izkOw87NHJgxznYA&indpubnum=3338919744720141&atk=1bb5148qo18gq2f1","onmousedown":"indeed_clk(this,'743');","jobkey":"1fdf95345478a671","sponsored":false,"expired":false,"indeedApply":false,"formattedLocationFull":"Bloomington, IN","formattedRelativeTime":"7 hours ago","stations":""},{"jobtitle":"Interface Analyst","company":"CGI","city":"Washington","state":"DC","country":"US","formattedLocation":"Washington, DC","source":"CGI","date":"Mon, 13 Mar 2017 19:33:45 GMT","snippet":"Knowledge of the ESB technology platform including JEE containers, Linux, and <b>Java</b> EE development. The Interface Analyst role will support the technical...","url":"http://www.indeed.com/viewjob?jk=3dd4b6aa70f3e1ee&qd=usoBPHMd3vYN69bRu-PQwcxBheEzuNOj46oJk2PU6yPPaaBuvSwk2ub69Dxr0mQTERp4f6wFZAqzeyPK_mKiS6m1Aj3izkOw87NHJgxznYA&indpubnum=3338919744720141&atk=1bb5148qo18gq2f1","onmousedown":"indeed_clk(this,'743');","jobkey":"3dd4b6aa70f3e1ee","sponsored":false,"expired":false,"indeedApply":false,"formattedLocationFull":"Washington, DC","formattedRelativeTime":"4 hours ago","stations":""},{"jobtitle":"Java API Specialist with Activity BPM","company":"Ambrosia Infotech","city":"West Mifflin","state":"PA","country":"US","formattedLocation":"West Mifflin, PA","source":"conrep","date":"Mon, 13 Mar 2017 16:01:29 GMT","snippet":"<b>JAVA</b> development, Spring MVC framework. <b>Java</b> API Specialist with Activity BPM. $/hr on C2C....","url":"http://www.indeed.com/viewjob?jk=015d15d26e265ae1&qd=usoBPHMd3vYN69bRu-PQwcxBheEzuNOj46oJk2PU6yPPaaBuvSwk2ub69Dxr0mQTERp4f6wFZAqzeyPK_mKiS6m1Aj3izkOw87NHJgxznYA&indpubnum=3338919744720141&atk=1bb5148qo18gq2f1","onmousedown":"indeed_clk(this,'743');","jobkey":"015d15d26e265ae1","sponsored":false,"expired":false,"indeedApply":true,"formattedLocationFull":"West Mifflin, PA 15122","formattedRelativeTime":"7 hours ago","stations":""},{"jobtitle":"Lead Java Developer","company":"Workbridge Associates","city":"Santa Clara","state":"CA","country":"US","formattedLocation":"Santa Clara, CA","source":"Workbridge Associates","date":"Mon, 13 Mar 2017 16:16:13 GMT","snippet":"5 years <b>Java</b> experience. Looking for a candidate with experience with <b>Java</b>, Restful API’s and AWS. A great opportunity leading a team that works on Norton Anti...","url":"http://www.indeed.com/viewjob?jk=6c1de65a21fc07fb&qd=usoBPHMd3vYN69bRu-PQwcxBheEzuNOj46oJk2PU6yPPaaBuvSwk2ub69Dxr0mQTERp4f6wFZAqzeyPK_mKiS6m1Aj3izkOw87NHJgxznYA&indpubnum=3338919744720141&atk=1bb5148qo18gq2f1","onmousedown":"indeed_clk(this,'743');","jobkey":"6c1de65a21fc07fb","sponsored":false,"expired":false,"indeedApply":true,"formattedLocationFull":"Santa Clara, CA 95054","formattedRelativeTime":"7 hours ago","stations":""},{"jobtitle":"Java Angular Full-Stack Engineer","company":"Anagh Technologies Inc.","city":"New York","state":"NY","country":"US","formattedLocation":"New York, NY","source":"conrep","date":"Mon, 13 Mar 2017 06:04:16 GMT","snippet":"⿢ 7+ Years of <b>Java</b>, Core <b>Java</b>, J2ee Experience. ⿢ 9+ Years of Software Development Experience....","url":"http://www.indeed.com/viewjob?jk=544ae6ed60f458cb&qd=usoBPHMd3vYN69bRu-PQwcxBheEzuNOj46oJk2PU6yPPaaBuvSwk2ub69Dxr0mQTERp4f6wFZAqzeyPK_mKiS6m1Aj3izkOw87NHJgxznYA&indpubnum=3338919744720141&atk=1bb5148qo18gq2f1","onmousedown":"indeed_clk(this,'743');","jobkey":"544ae6ed60f458cb","sponsored":false,"expired":false,"indeedApply":true,"formattedLocationFull":"New York, NY 10005","formattedRelativeTime":"17 hours ago","stations":""},{"jobtitle":"Javascript Engineer","company":"Anagh Technologies Inc.","city":"New York","state":"NY","country":"US","formattedLocation":"New York, NY","source":"conrep","date":"Mon, 13 Mar 2017 06:04:14 GMT","snippet":"⿢ Experience working with both <b>Java</b> and Javascript MVC frameworks. ⿢ Experience working with on Portal/Portlets, Web Services, <b>Java</b>, and Struts....","url":"http://www.indeed.com/viewjob?jk=8e6de4240d4d7dcc&qd=usoBPHMd3vYN69bRu-PQwcxBheEzuNOj46oJk2PU6yPPaaBuvSwk2ub69Dxr0mQTERp4f6wFZAqzeyPK_mKiS6m1Aj3izkOw87NHJgxznYA&indpubnum=3338919744720141&atk=1bb5148qo18gq2f1","onmousedown":"indeed_clk(this,'743');","jobkey":"8e6de4240d4d7dcc","sponsored":false,"expired":false,"indeedApply":true,"formattedLocationFull":"New York, NY 10005","formattedRelativeTime":"17 hours ago","stations":""},{"jobtitle":"3M HIS Technical Services Analyst (Murray, UT / Silver Spring, MD)","company":"3M","city":"Murray","state":"UT","country":"US","formattedLocation":"Murray, UT","source":"3M","date":"Sun, 12 Mar 2017 14:15:33 GMT","snippet":"Programming experience with Perl, JavaScript, <b>Java</b>, etc. or recent college graduate with co-op experience. 3M is seeking a Technical Services Analyst for the...","url":"http://www.indeed.com/viewjob?jk=c8b02a776e06df4c&qd=usoBPHMd3vYN69bRu-PQwcxBheEzuNOj46oJk2PU6yPPaaBuvSwk2ub69Dxr0mQTERp4f6wFZAqzeyPK_mKiS6m1Aj3izkOw87NHJgxznYA&indpubnum=3338919744720141&atk=1bb5148qo18gq2f1","onmousedown":"indeed_clk(this,'743');","jobkey":"c8b02a776e06df4c","sponsored":false,"expired":false,"indeedApply":false,"formattedLocationFull":"Murray, UT","formattedRelativeTime":"1 day ago","stations":""},{"jobtitle":"Development Team Lead","company":"Autodata Solutions","city":"Portland","state":"OR","country":"US","formattedLocation":"Portland, OR","source":"Autodata Solutions","date":"Mon, 13 Mar 2017 22:15:27 GMT","snippet":"<b>Java</b>, C#) and frameworks (ex. Recommend, research, code, schedule and deploy software improvements and upgrades in a <b>Java</b> centric environment....","url":"http://www.indeed.com/viewjob?jk=dbe0ed85def3b8f0&qd=usoBPHMd3vYN69bRu-PQwcxBheEzuNOj46oJk2PU6yPPaaBuvSwk2ub69Dxr0mQTERp4f6wFZAqzeyPK_mKiS6m1Aj3izkOw87NHJgxznYA&indpubnum=3338919744720141&atk=1bb5148qo18gq2f1","onmousedown":"indeed_clk(this,'743');","jobkey":"dbe0ed85def3b8f0","sponsored":false,"expired":false,"indeedApply":false,"formattedLocationFull":"Portland, OR 97232","formattedRelativeTime":"1 hour ago","stations":""},{"jobtitle":"Deep Learning Software Engineer/ Data Analyst","company":"Telular Corporation","city":"","state":"","country":"US","formattedLocation":"United States","source":"Telular Corporation","date":"Mon, 13 Mar 2017 18:48:49 GMT","snippet":"Experience with one or more general purpose programming languages, including but not limited to C/C++, Linux R, Python, <b>Java</b>, and MATLAB programming languages;...","url":"http://www.indeed.com/viewjob?jk=9f5d96d3b37e406d&qd=usoBPHMd3vYN69bRu-PQwcxBheEzuNOj46oJk2PU6yPPaaBuvSwk2ub69Dxr0mQTERp4f6wFZAqzeyPK_mKiS6m1Aj3izkOw87NHJgxznYA&indpubnum=3338919744720141&atk=1bb5148qo18gq2f1","onmousedown":"indeed_clk(this,'743');","jobkey":"9f5d96d3b37e406d","sponsored":false,"expired":false,"indeedApply":false,"formattedLocationFull":"United States","formattedRelativeTime":"4 hours ago","stations":""},{"jobtitle":"Coffeehouse Supervisor","company":"North Carolina State University","city":"Raleigh","state":"NC","country":"US","formattedLocation":"Raleigh, NC","source":"North Carolina State University","date":"Mon, 13 Mar 2017 16:44:43 GMT","snippet":"Essential duties include Training employees to follow all guidelines and procedures set by Port City <b>Java</b> and University Dining....","url":"http://www.indeed.com/viewjob?jk=4b37f188121418b1&qd=usoBPHMd3vYN69bRu-PQwcxBheEzuNOj46oJk2PU6yPPaaBuvSwk2ub69Dxr0mQTERp4f6wFZAqzeyPK_mKiS6m1Aj3izkOw87NHJgxznYA&indpubnum=3338919744720141&atk=1bb5148qo18gq2f1","onmousedown":"indeed_clk(this,'743');","jobkey":"4b37f188121418b1","sponsored":false,"expired":false,"indeedApply":false,"formattedLocationFull":"Raleigh, NC","formattedRelativeTime":"7 hours ago","stations":""}]}