{"version":2,"query":"java","location":"","paginationPayload":"","dupefilter":true,"highlight":true,"totalResults":1192,"start":151,"end":175,"pageNumber":6,"results":[{"jobtitle":"Java Developer","company":"TEKSystems","city":"Denver","state":"CO","country":"US","formattedLocation":"Denver, CO","source":"TEKSystems","date":"Mon, 13 Mar 2017 17:03:33 GMT","snippet":"TEKsystems in Denver, Colorado is looking for <b>Java</b> Developer. Have at least 5 years of experience developing applications with Eclipse in <b>Java</b> using the Spring...","url":"http://www.indeed.com/viewjob?jk=c685c33995a6c799&qd=usoBPHMd3vYN69bRu-PQwcxBheEzuNOj46oJk2PU6yPPaaBuvSwk2ub69Dxr0mQTERp4f6wFZAqzeyPK_mKiS6m1Aj3izkOw87NHJgxznYA&indpubnum=3338919744720141&atk=1bb5148oqa38icra","onmousedown":"indeed_clk(this,'680');","jobkey":"c685c33995a6c799","sponsored":false,"expired":false,"indeedApply":false,"formattedLocationFull":"Denver, CO","formattedRelativeTime":"6 hours ago","stations":""},{"jobtitle":"Associate Software Engineer","company":"InComm","city":"Atlanta","state":"GA","country":"US","formattedLocation":"Atlanta, GA","source":"InComm","date":"Mon, 13 Mar 2017 08:06:49 GMT","snippet":"Leveraging deep integrations into retailers’ point-of-sale systems, InComm provides connectivity to a variety of service providers that allow consumers to","url":"http://www.indeed.com/viewjob?jk=40d6bf22cd627e99&qd=usoBPHMd3vYN69bRu-PQwcxBheEzuNOj46oJk2PU6yPPaaBuvSwk2ub69Dxr0mQTERp4f6wFZAqzeyPK_mKiS6m1Aj3izkOw87NHJgxznYA&indpubnum=3338919744720141&atk=1bb5148oqa38icra","onmousedown":"indeed_clk(this,'680');","jobkey":"40d6bf22cd627e99","sponsored":false,"expired":false,"indeedApply":false,"formattedLocationFull":"Atlanta, GA","formattedRelativeTime":"15 hours ago","stations":""},{"jobtitle":"Core Java Developer","company":"EmployersBench","city":"San Jose","state":"CA","country":"US","formattedLocation":"San Jose, CA","source":"Indeed","date":"Mon, 13 Mar 2017 01:30:19 GMT","snippet":"Experience with <b>Java</b> application servers like Tomcat. Significant <b>Java</b> experience ( +7 yrs ) preferible in recent JDK versions ( JDK 1.7+ )....","url":"http://www.indeed.com/viewjob?jk=3ad4a86b6ca6e321&qd=usoBPHMd3vYN69bRu-PQwcxBheEzuNOj46oJk2PU6yPPaaBuvSwk2ub69Dxr0mQTERp4f6wFZAqzeyPK_mKiS6m1Aj3izkOw87NHJgxznYA&indpubnum=3338919744720141&atk=1bb5148oqa38icra","onmousedown":"indeed_clk(this,'680');","jobkey":"3ad4a86b6ca6e321","sponsored":false,"expired":false,"indeedApply":true,"formattedLocationFull":"San Jose, CA","formattedRelativeTime":"22 hours ago","stations":""},{"jobtitle":"Technical Lead","company":"Canadian Institute for Health Information","city":"","state":"CA","country":"US","formattedLocation":"California","source":"Canadian Institute for Health Information","date":"Mon, 13 Mar 2017 18:31:32 GMT","snippet":"Proven experience with <b>Java</b> 1.6, Spring Framework, Javascript, JEE, SQL, PL/SQL, JSP/JSTL, JBoss, MyBatis, XML, UNIX , ORACLE RDMS 10g, ORACLE JDeveloper,...","url":"http://www.indeed.com/viewjob?jk=26df58fb27d379ee&qd=usoBPHMd3vYN69bRu-PQwcxBheEzuNOj46oJk2PU6yPPaaBuvSwk2ub69Dxr0mQTERp4f6wFZAqzeyPK_mKiS6m1Aj3izkOw87NHJgxznYA&indpubnum=3338919744720141&atk=1bb5148oqa38icra","onmousedown":"indeed_clk(this,'680');","jobkey":"26df58fb27d379ee","sponsored":false,"expired":false,"indeedApply":true,"formattedLocationFull":"California","formattedRelativeTime":"5 hours ago","stations":""},{"jobtitle":"Applications Developer - Java","company":"JPMorgan Chase","city":"Tampa","state":"FL","country":"US","formattedLocation":"Tampa, FL","source":"JPMorgan Chase","date":"Mon, 13 Mar 2017 15:48:18 GMT","snippet":"Applications Developer - <b>Java</b>. As an Applications Developer you will be responsible for the design, development and deployment of enterprise software...","url":"http://www.indeed.com/viewjob?jk=388345ee39d5f1da&qd=usoBPHMd3vYN69bRu-PQwcxBheEzuNOj46oJk2PU6yPPaaBuvSwk2ub69Dxr0mQTERp4f6wFZAqzeyPK_mKiS6m1Aj3izkOw87NHJgxznYA&indpubnum=3338919744720141&atk=1bb5148oqa38icra","onmousedown":"indeed_clk(this,'680');","jobkey":"388345ee39d5f1da","sponsored":false,"expired":false,"indeedApply":false,"formattedLocationFull":"Tampa, FL","formattedRelativeTime":"7 hours ago","stations":""},{"jobtitle":"COMPUTER PROGRAMMER","company":"Onward Group","city":"","state":"","country":"US","formattedLocation":"United States","source":"Onward Group","date":"Mon, 13 Mar 2017 16:13:22 GMT","snippet":"&amp; existing applications in <b>Java</b>, Hibernate and Spring MVC. Sequelize, SourceTree, <b>Java</b> (J2EE), IntelliJ, Jenkins, XHTML, XML, REST WEB....","url":"http://www.indeed.com/viewjob?jk=c6430add42019205&qd=usoBPHMd3vYN69bRu-PQwcxBheEzuNOj46oJk2PU6yPPaaBuvSwk2ub69Dxr0mQTERp4f6wFZAqzeyPK_mKiS6m1Aj3izkOw87NHJgxznYA&indpubnum=3338919744720141&atk=1bb5148oqa38icra","onmousedown":"indeed_clk(this,'680');","jobkey":"c6430add42019205","sponsored":false,"expired":false,"indeedApply":false,"formattedLocationFull":"United States","formattedRelativeTime":"7 hours ago","stations":""},{"jobtitle":"Programmer","company":"Exceptional Software Strategies, Inc.","city":"Reston","state":"VA","country":"US","formattedLocation":"Reston, VA","source":"Exceptional Software Strategies, Inc.","date":"Mon, 13 Mar 2017 15:04:21 GMT","snippet":"Demonstrated on-the-job experience with <b>Java</b> and the Spring Framework including Spring MVC and Spring Security....","url":"http://www.indeed.com/viewjob?jk=906f0e130bed4312&qd=usoBPHMd3vYN69bRu-PQwcxBheEzuNOj46oJk2PU6yPPaaBuvSwk2ub69Dxr0mQTERp4f6wFZAqzeyPK_mKiS6m1Aj3izkOw87NHJgxznYA&indpubnum=3338919744720141&atk=1bb5148oqa38icra","onmousedown":"indeed_clk(this,'680');","jobkey":"906f0e130bed4312","sponsored":false,"expired":false,"indeedApply":false,"formattedLocationFull":"Reston, VA","formattedRelativeTime":"8 hours ago","stations":""},{"jobtitle":"Student Information Technology (Library Programmer)","company":"Oregon State University","city":"Corvallis","state":"OR","country":"US","formattedLocation":"Corvallis, OR","source":"Oregon State University","date":"Mon, 13 Mar 2017 09:11:25 GMT","snippet":"Solid programming skills in an object-oriented language such as <b>Java</b>, Ruby, PHP , Python or C++. This recruitment will be used to fill a part-time (a maximum of...","url":"http://www.indeed.com/viewjob?jk=38b02cebef66d735&qd=usoBPHMd3vYN69bRu-PQwcxBheEzuNOj46oJk2PU6yPPaaBuvSwk2ub69Dxr0mQTERp4f6wFZAqzeyPK_mKiS6m1Aj3izkOw87NHJgxznYA&indpubnum=3338919744720141&atk=1bb5148oqa38icra","onmousedown":"indeed_clk(this,'680');","jobkey":"38b02cebef66d735","sponsored":false,"expired":false,"indeedApply":false,"formattedLocationFull":"Corvallis, OR","formattedRelativeTime":"14 hours ago","stations":""},{"jobtitle":"Principal Engineer (integrations)","company":"Wavefront Inc.","city":"Palo Alto","state":"CA","country":"US","formattedLocation":"Palo Alto, CA","source":"Wavefront Inc.","date":"Mon, 13 Mar 2017 08:11:53 GMT","snippet":"Experience with <b>Java</b> application servers and JVM configuration. All of this capability is backed by an experienced enterprise team....","url":"http://www.indeed.com/viewjob?jk=2b856cd9b4d4d684&qd=usoBPHMd3vYN69bRu-PQwcxBheEzuNOj46oJk2PU6yPPaaBuvSwk2ub69Dxr0mQTERp4f6wFZAqzeyPK_mKiS6m1Aj3izkOw87NHJgxznYA&indpubnum=3338919744720141&atk=1bb5148oqa38icra","onmousedown":"indeed_clk(this,'680');","jobkey":"2b856cd9b4d4d684","sponsored":false,"expired":false,"indeedApply":true,"formattedLocationFull":"Palo Alto, CA 94306","formattedRelativeTime":"15 hours ago","stations":""},{"jobtitle":"Computer Programmer","company":"Sotera Defense Solutions, Inc.","city":"Quantico","state":"VA","country":"US","formattedLocation":"Quantico, VA","source":"Sotera Defense Solutions, Inc.","date":"Sun, 12 Mar 2017 09:27:32 GMT","snippet":"Sun Certified <b>Java</b> Programmer X.0. Oracle Certified <b>Java</b> EE 6 Web Services Developer (OCE WSD 6). Must have a working knowledge of C#, C++, <b>Java</b>, Android,...","url":"http://www.indeed.com/viewjob?jk=d40b61207702af09&qd=usoBPHMd3vYN69bRu-PQwcxBheEzuNOj46oJk2PU6yPPaaBuvSwk2ub69Dxr0mQTERp4f6wFZAqzeyPK_mKiS6m1Aj3izkOw87NHJgxznYA&indpubnum=3338919744720141&atk=1bb5148oqa38icra","onmousedown":"indeed_clk(this,'680');","jobkey":"d40b61207702af09","sponsored":false,"expired":false,"indeedApply":false,"formattedLocationFull":"Quantico, VA","formattedRelativeTime":"1 day ago","stations":""},{"jobtitle":"Programmer","company":"IRIS USA, Inc.","city":"Surprise","state":"AZ","country":"US","formattedLocation":"Surprise, AZ","source":"IRIS USA, Inc.","date":"Sun, 12 Mar 2017 07:08:16 GMT","snippet":"SQL, Visual Basic, <b>Java</b>, JSTL. Oversees and implements all aspects of the EDI system from the implementation of new customers through the maintenance of...","url":"http://www.indeed.com/viewjob?jk=3ecf71a238c4fd81&qd=usoBPHMd3vYN69bRu-PQwcxBheEzuNOj46oJk2PU6yPPaaBuvSwk2ub69Dxr0mQTERp4f6wFZAqzeyPK_mKiS6m1Aj3izkOw87NHJgxznYA&indpubnum=3338919744720141&atk=1bb5148oqa38icra","onmousedown":"indeed_clk(this,'680');","jobkey":"3ecf71a238c4fd81","sponsored":false,"expired":false,"indeedApply":false,"formattedLocationFull":"Surprise, AZ 85379","formattedRelativeTime":"1 day ago","stations":""},{"jobtitle":"System Programmer Web Applications","company":"SUNY Polytechnic","city":"Albany","state":"NY","country":"US","formattedLocation":"Albany, NY","source":"SUNY Polytechnic","date":"Sun, 12 Mar 2017 06:39:22 GMT","snippet":"Experience and proficiency with <b>Java</b>, JavaScript, JQuery, JSON, SQL, and UNIX command scripts, server and appliance operating systems, office automation...","url":"http://www.indeed.com/viewjob?jk=619244435c268990&qd=usoBPHMd3vYN69bRu-PQwcxBheEzuNOj46oJk2PU6yPPaaBuvSwk2ub69Dxr0mQTERp4f6wFZAqzeyPK_mKiS6m1Aj3izkOw87NHJgxznYA&indpubnum=3338919744720141&atk=1bb5148oqa38icra","onmousedown":"indeed_clk(this,'680');","jobkey":"619244435c268990","sponsored":false,"expired":false,"indeedApply":false,"formattedLocationFull":"Albany, NY","formattedRelativeTime":"1 day ago","stations":""},{"jobtitle":"Programmer/ Analyst 2( Digital Developer)","company":"Huntington","city":"Columbus","state":"OH","country":"US","formattedLocation":"Columbus, OH","source":"Huntington Bank","date":"Mon, 13 Mar 2017 15:38:07 GMT","snippet":"Huntington Bancshares Incorporated is a regional bank holding company headquartered in Columbus, Ohio, with $100 billion of assets and a network of 1,115","url":"http://www.indeed.com/viewjob?jk=80f7dec4e99c44cf&qd=usoBPHMd3vYN69bRu-PQwcxBheEzuNOj46oJk2PU6yPPaaBuvSwk2ub69Dxr0mQTERp4f6wFZAqzeyPK_mKiS6m1Aj3izkOw87NHJgxznYA&indpubnum=3338919744720141&atk=1bb5148oqa38icra","onmousedown":"indeed_clk(this,'680');","jobkey":"80f7dec4e99c44cf","sponsored":false,"expired":false,"indeedApply":false,"formattedLocationFull":"Columbus, OH","formattedRelativeTime":"8 hours ago","stations":""},{"jobtitle":"Application Engineer IV","company":"JASINT Technology","city":"Fort Meade","state":"MD","country":"US","formattedLocation":"Fort Meade, MD","source":"JASINT Technology","date":"Sun, 12 Mar 2017 07:13:22 GMT","snippet":"Must have <b>Java</b>, experience. JASINT is a Maryland based Defense Contractor that began its business operations and staffing in July 2007....","url":"http://www.indeed.com/viewjob?jk=9259cf7996d22546&qd=usoBPHMd3vYN69bRu-PQwcxBheEzuNOj46oJk2PU6yPPaaBuvSwk2ub69Dxr0mQTERp4f6wFZAqzeyPK_mKiS6m1Aj3izkOw87NHJgxznYA&indpubnum=3338919744720141&atk=1bb5148oqa38icra","onmousedown":"indeed_clk(this,'680');","jobkey":"9259cf7996d22546","sponsored":false,"expired":false,"indeedApply":false,"formattedLocationFull":"Fort Meade, MD","formattedRelativeTime":"1 day ago","stations":""},{"jobtitle":"Technical Architect","company":"Xenex","city":"San Antonio","state":"TX","country":"US","formattedLocation":"San Antonio, TX","source":"Xenex","date":"Sun, 12 Mar 2017 08:12:48 GMT","snippet":"Utilizing MS and <b>Java</b> technology to provide appropriate infrastructure cloud-based services (IaaS, PaaS, and SaaS), the Technical Architect possesses a broad...","url":"http://www.indeed.com/viewjob?jk=36b5a6c5bedd6f37&qd=usoBPHMd3vYN69bRu-PQwcxBheEzuNOj46oJk2PU6yPPaaBuvSwk2ub69Dxr0mQTERp4f6wFZAqzeyPK_mKiS6m1Aj3izkOw87NHJgxznYA&indpubnum=3338919744720141&atk=1bb5148oqa38icra","onmousedown":"indeed_clk(this,'680');","jobkey":"36b5a6c5bedd6f37","sponsored":false,"expired":false,"indeedApply":true,"formattedLocationFull":"San Antonio, TX","formattedRelativeTime":"1 day ago","stations":""},{"jobtitle":"Automation Programming Intern","company":"Casaplex, LLC","city":"Kensington","state":"MD","country":"US","formattedLocation":"Kensington, MD","source":"Casaplex, LLC","date":"Sun, 12 Mar 2017 08:13:00 GMT","snippet":"Familiarity with programming languages, C# or <b>Java</b> is a plus. Smart Building systems are programmed on the NiagaraAX framework - using <b>Java</b>....","url":"http://www.indeed.com/viewjob?jk=96b1330f8fc535a6&qd=usoBPHMd3vYN69bRu-PQwcxBheEzuNOj46oJk2PU6yPPaaBuvSwk2ub69Dxr0mQTERp4f6wFZAqzeyPK_mKiS6m1Aj3izkOw87NHJgxznYA&indpubnum=3338919744720141&atk=1bb5148oqa38icra","onmousedown":"indeed_clk(this,'680');","jobkey":"96b1330f8fc535a6","sponsored":false,"expired":false,"indeedApply":true,"formattedLocationFull":"Kensington, MD 20895","formattedRelativeTime":"1 day ago","stations":""},{"jobtitle":"Software Engineer","company":"Jana","city":"Boston","state":"MA","country":"US","formattedLocation":"Boston, MA","source":"Jana","date":"Sun, 12 Mar 2017 08:14:03 GMT","snippet":"Experience with Python or <b>Java</b>, our two main languages (or proven ability in at least two other modern languages)....","url":"http://www.indeed.com/viewjob?jk=8693acf4a1402c46&qd=usoBPHMd3vYN69bRu-PQwcxBheEzuNOj46oJk2PU6yPPaaBuvSwk2ub69Dxr0mQTERp4f6wFZAqzeyPK_mKiS6m1Aj3izkOw87NHJgxznYA&indpubnum=3338919744720141&atk=1bb5148oqa38icra","onmousedown":"indeed_clk(this,'680');","jobkey":"8693acf4a1402c46","sponsored":false,"expired":false,"indeedApply":true,"formattedLocationFull":"Boston, MA","formattedRelativeTime":"1 day ago","stations":""},{"jobtitle":"Full Stack Engineer, Product/Platform","company":"Vida","city":"San Francisco","state":"CA","country":"US","formattedLocation":"San Francisco, CA","source":"Vida","date":"Sun, 12 Mar 2017 08:12:55 GMT","snippet":"Extensive programming experience with <b>Java</b>, JavaScript, C/C++, C#, Objective-C, Swift, Python; 2+ years’ experience programming experience in <b>Java</b>, JavaScript,...","url":"http://www.indeed.com/viewjob?jk=fd8fd2251d355746&qd=usoBPHMd3vYN69bRu-PQwcxBheEzuNOj46oJk2PU6yPPaaBuvSwk2ub69Dxr0mQTERp4f6wFZAqzeyPK_mKiS6m1Aj3izkOw87NHJgxznYA&indpubnum=3338919744720141&atk=1bb5148oqa38icra","onmousedown":"indeed_clk(this,'680');","jobkey":"fd8fd2251d355746","sponsored":false,"expired":false,"indeedApply":true,"formattedLocationFull":"San Francisco, CA 94110","formattedRelativeTime":"1 day ago","stations":""},{"jobtitle":"Platform Software Engineer","company":"Jam City","city":"Culver City","state":"CA","country":"US","formattedLocation":"Culver City, CA","source":"Jam City","date":"Sun, 12 Mar 2017 08:12:43 GMT","snippet":"C/C++, C#, <b>Java</b>, and/or Python with strong OO skills. Jam City is on the hunt for the best and brightest Software Engineers to work on the platform side of our...","url":"http://www.indeed.com/viewjob?jk=21c4a70bb18959ba&qd=usoBPHMd3vYN69bRu-PQwcxBheEzuNOj46oJk2PU6yPPaaBuvSwk2ub69Dxr0mQTERp4f6wFZAqzeyPK_mKiS6m1Aj3izkOw87NHJgxznYA&indpubnum=3338919744720141&atk=1bb5148oqa38icra","onmousedown":"indeed_clk(this,'680');","jobkey":"21c4a70bb18959ba","sponsored":false,"expired":false,"indeedApply":true,"formattedLocationFull":"Culver City, CA","formattedRelativeTime":"1 day ago","stations":""},{"jobtitle":"Software Engineer: Core Application Security","company":"Instart Logic","city":"Palo Alto","state":"CA","country":"US","formattedLocation":"Palo Alto, CA","source":"Instart Logic","date":"Sun, 12 Mar 2017 08:13:54 GMT","snippet":"Language Skills (Javascript, <b>Java</b>, Node.js, Typescript, HTML5, CSS etc). Excellent development and debugging skills using <b>Java</b>, JavaScript and/or C/C++....","url":"http://www.indeed.com/viewjob?jk=097cf422c3c3a7d6&qd=usoBPHMd3vYN69bRu-PQwcxBheEzuNOj46oJk2PU6yPPaaBuvSwk2ub69Dxr0mQTERp4f6wFZAqzeyPK_mKiS6m1Aj3izkOw87NHJgxznYA&indpubnum=3338919744720141&atk=1bb5148oqa38icra","onmousedown":"indeed_clk(this,'680');","jobkey":"097cf422c3c3a7d6","sponsored":false,"expired":false,"indeedApply":true,"formattedLocationFull":"Palo Alto, CA 94306","formattedRelativeTime":"1 day ago","stations":""},{"jobtitle":"Machine Learning Engineer","company":"Diffbot","city":"Mountain View","state":"CA","country":"US","formattedLocation":"Mountain View, CA","source":"Diffbot","date":"Sun, 12 Mar 2017 08:13:00 GMT","snippet":"<b>Java</b>, Python, C++, CUDA. At Diffbot, we believe that access to structured information will be the critical resource for the coming wave of intelligent...","url":"http://www.indeed.com/viewjob?jk=588064b20aaf237d&qd=usoBPHMd3vYN69bRu-PQwcxBheEzuNOj46oJk2PU6yPPaaBuvSwk2ub69Dxr0mQTERp4f6wFZAqzeyPK_mKiS6m1Aj3izkOw87NHJgxznYA&indpubnum=3338919744720141&atk=1bb5148oqa38icra","onmousedown":"indeed_clk(this,'680');","jobkey":"588064b20aaf237d","sponsored":false,"expired":false,"indeedApply":true,"formattedLocationFull":"Mountain View, CA","formattedRelativeTime":"1 day ago","stations":""},{"jobtitle":"Software Engineer","company":"Circadence Corporation","city":"San Diego","state":"CA","country":"US","formattedLocation":"San Diego, CA","source":"Circadence Corporation","date":"Sun, 12 Mar 2017 08:13:05 GMT","snippet":"Job Title: Software Engineer Department: Engineering Job Purpose: Develop Software for Large Virtualized Cyber Test Environments About Circadence Corp.","url":"http://www.indeed.com/viewjob?jk=c70ba75be8043ff2&qd=usoBPHMd3vYN69bRu-PQwcxBheEzuNOj46oJk2PU6yPPaaBuvSwk2ub69Dxr0mQTERp4f6wFZAqzeyPK_mKiS6m1Aj3izkOw87NHJgxznYA&indpubnum=3338919744720141&atk=1bb5148oqa38icra","onmousedown":"indeed_clk(this,'680');","jobkey":"c70ba75be8043ff2","sponsored":false,"expired":false,"indeedApply":true,"formattedLocationFull":"San Diego, CA","formattedRelativeTime":"1 day ago","stations":""},{"jobtitle":"Platform Software Engineer","company":"Jam City","city":"San Francisco","state":"CA","country":"US","formattedLocation":"San Francisco, CA","source":"Jam City","date":"Sun, 12 Mar 2017 08:13:11 GMT","snippet":"C/C++, C#, <b>Java</b>, and/or Python with strong OO skills. Jam City is on the hunt for the best and brightest Software Engineers to work on the platform side of our...","url":"http://www.indeed.com/viewjob?jk=dd021dbc5760950b&qd=usoBPHMd3vYN69bRu-PQwcxBheEzuNOj46oJk2PU6yPPaaBuvSwk2ub69Dxr0mQTERp4f6wFZAqzeyPK_mKiS6m1Aj3izkOw87NHJgxznYA&indpubnum=3338919744720141&atk=1bb5148oqa38icra","onmousedown":"indeed_clk(this,'680');","jobkey":"dd021dbc5760950b","sponsored":false,"expired":false,"indeedApply":true,"formattedLocationFull":"San Francisco, CA","formattedRelativeTime":"1 day ago","stations":""},{"jobtitle":"Principal Software Engineer (SF Bay Area)","company":"Globant","city":"San Francisco","state":"CA","country":"US","formattedLocation":"San Francisco, CA","source":"Globant","date":"Sun, 12 Mar 2017 08:12:33 GMT","snippet":"<b>Java</b> or Node or Python or .NET web services engineering at scale using OOA/D/F principals and frameworks, OR. Do you have true passion for technology?...","url":"http://www.indeed.com/viewjob?jk=393360841677632f&qd=usoBPHMd3vYN69bRu-PQwcxBheEzuNOj46oJk2PU6yPPaaBuvSwk2ub69Dxr0mQTERp4f6wFZAqzeyPK_mKiS6m1Aj3izkOw87NHJgxznYA&indpubnum=3338919744720141&atk=1bb5148oqa38icra","onmousedown":"indeed_clk(this,'680');","jobkey":"393360841677632f","sponsored":false,"expired":false,"indeedApply":true,"formattedLocationFull":"San Francisco, CA","formattedRelativeTime":"1 day ago","stations":""},{"jobtitle":"Platform Engineer","company":"Plastiq","city":"San Francisco","state":"CA","country":"US","formattedLocation":"San Francisco, CA","source":"Plastiq","date":"Sun, 12 Mar 2017 08:11:21 GMT","snippet":"You have a strong background in <b>Java</b>, SQL, and Linux. Advanced knowledge of <b>JAVA</b>, JVM Runtime, JVM performance tuning....","url":"http://www.indeed.com/viewjob?jk=14bd01979ba48d21&qd=usoBPHMd3vYN69bRu-PQwcxBheEzuNOj46oJk2PU6yPPaaBuvSwk2ub69Dxr0mQTERp4f6wFZAqzeyPK_mKiS6m1Aj3izkOw87NHJgxznYA&indpubnum=3338919744720141&atk=1bb5148oqa38icra","onmousedown":"indeed_clk(this,'680');","jobkey":"14bd01979ba48d21","sponsored":false,"expired":false,"indeedApply":true,"formattedLocationFull":"San Francisco, CA","formattedRelativeTime":"1 day ago","stations":""}]}