{"version":2,"query":"java","location":"","paginationPayload":"","dupefilter":true,"highlight":true,"totalResults":1192,"start":676,"end":700,"pageNumber":27,"results":[{"jobtitle":"Analyst, Business Systems- Contractor","company":"Availity","city":"Indianapolis","state":"IN","country":"US","formattedLocation":"Indianapolis, IN","source":"Availity","date":"Mon, 13 Mar 2017 18:25:10 GMT","snippet":"Understanding of OOD (<b>Java</b>, HTML, XML, <b>Java</b> Script and Patterns) and impact to the development process a plus....","url":"http://www.indeed.com/viewjob?jk=96eadc2b93f226de&qd=usoBPHMd3vYN69bRu-PQwcxBheEzuNOj46oJk2PU6yPPaaBuvSwk2ub69Dxr0mQT30-4cI82QyB8ovHPH96abam1Aj3izkOw87NHJgxznYA&indpubnum=3338919744720141&atk=1bb5147ts1brr2qh","onmousedown":"indeed_clk(this,'9819');","jobkey":"96eadc2b93f226de","sponsored":false,"expired":false,"indeedApply":true,"formattedLocationFull":"Indianapolis, IN 46240","formattedRelativeTime":"5 hours ago","stations":""},{"jobtitle":"Lead Software Develop Engineer","company":"Allegis Global Solutions","city":"Raleigh","state":"NC","country":"US","formattedLocation":"Raleigh, NC","source":"Indeed","date":"Mon, 13 Mar 2017 21:34:58 GMT","snippet":"Enterprise Application Development (EAD) provides customer-centric global technology solutions tailored to meet the needs of businesses across the enterprise,...","url":"http://www.indeed.com/viewjob?jk=8bb74f5541e22fcb&qd=usoBPHMd3vYN69bRu-PQwcxBheEzuNOj46oJk2PU6yPPaaBuvSwk2ub69Dxr0mQT30-4cI82QyB8ovHPH96abam1Aj3izkOw87NHJgxznYA&indpubnum=3338919744720141&atk=1bb5147ts1brr2qh","onmousedown":"indeed_clk(this,'9819');","jobkey":"8bb74f5541e22fcb","sponsored":false,"expired":false,"indeedApply":true,"formattedLocationFull":"Raleigh, NC 27607","formattedRelativeTime":"2 hours ago","stations":""},{"jobtitle":"Senior Java/Spring Developer - 006190","company":"OUTSOURCE Consulting Services, Inc.","city":"Walnut Creek","state":"CA","country":"US","formattedLocation":"Walnut Creek, CA","source":"OUTSOURCE Consulting Services, Inc.","date":"Mon, 13 Mar 2017 21:31:14 GMT","snippet":"Experience in implementing <b>Java</b> EE design patterns such as MVC, Singleton, Session Facade, DAO, DTO, and Business Delegate in the development of Multi-Tier...","url":"http://www.indeed.com/viewjob?jk=264ef692df5ea6fd&qd=usoBPHMd3vYN69bRu-PQwcxBheEzuNOj46oJk2PU6yPPaaBuvSwk2ub69Dxr0mQT30-4cI82QyB8ovHPH96abam1Aj3izkOw87NHJgxznYA&indpubnum=3338919744720141&atk=1bb5147ts1brr2qh","onmousedown":"indeed_clk(this,'9819');","jobkey":"264ef692df5ea6fd","sponsored":false,"expired":false,"indeedApply":false,"formattedLocationFull":"Walnut Creek, CA","formattedRelativeTime":"2 hours ago","stations":""},{"jobtitle":"Watson Health Imaging - Software Engineer","company":"IBM","city":"San Jose","state":"CA","country":"US","formattedLocation":"San Jose, CA","source":"IBM","date":"Mon, 13 Mar 2017 21:56:47 GMT","snippet":"Strong <b>java</b> programming skills. Minimum 2 years’ experience developing in a <b>Java</b> environment and large code base systems....","url":"http://www.indeed.com/viewjob?jk=60fda83d21199593&qd=usoBPHMd3vYN69bRu-PQwcxBheEzuNOj46oJk2PU6yPPaaBuvSwk2ub69Dxr0mQT30-4cI82QyB8ovHPH96abam1Aj3izkOw87NHJgxznYA&indpubnum=3338919744720141&atk=1bb5147ts1brr2qh","onmousedown":"indeed_clk(this,'9819');","jobkey":"60fda83d21199593","sponsored":false,"expired":false,"indeedApply":false,"formattedLocationFull":"San Jose, CA","formattedRelativeTime":"1 hour ago","stations":""},{"jobtitle":"Sr. Developer","company":"Agile","city":"Alpharetta","state":"GA","country":"US","formattedLocation":"Alpharetta, GA","source":"Agile","date":"Mon, 13 Mar 2017 22:20:24 GMT","snippet":"A deep understanding of the .NET platform and/or <b>Java</b> Platform and experience with JEE technologies. Sr....","url":"http://www.indeed.com/viewjob?jk=9a017e770447a205&qd=usoBPHMd3vYN69bRu-PQwcxBheEzuNOj46oJk2PU6yPPaaBuvSwk2ub69Dxr0mQT30-4cI82QyB8ovHPH96abam1Aj3izkOw87NHJgxznYA&indpubnum=3338919744720141&atk=1bb5147ts1brr2qh","onmousedown":"indeed_clk(this,'9819');","jobkey":"9a017e770447a205","sponsored":false,"expired":false,"indeedApply":false,"formattedLocationFull":"Alpharetta, GA","formattedRelativeTime":"1 hour ago","stations":""},{"jobtitle":"Principal Information Systems Engineer","company":"Nationstar Mortgage","city":"Coppell","state":"TX","country":"US","formattedLocation":"Coppell, TX","source":"Nationstar Mortgage","date":"Mon, 13 Mar 2017 21:37:10 GMT","snippet":"You will apply your background in enterprise application development using <b>Java</b> and related frameworks to build services that integrate with traditional...","url":"http://www.indeed.com/viewjob?jk=370750805ccee91a&qd=usoBPHMd3vYN69bRu-PQwcxBheEzuNOj46oJk2PU6yPPaaBuvSwk2ub69Dxr0mQT30-4cI82QyB8ovHPH96abam1Aj3izkOw87NHJgxznYA&indpubnum=3338919744720141&atk=1bb5147ts1brr2qh","onmousedown":"indeed_clk(this,'9819');","jobkey":"370750805ccee91a","sponsored":false,"expired":false,"indeedApply":false,"formattedLocationFull":"Coppell, TX 75019","formattedRelativeTime":"2 hours ago","stations":""},{"jobtitle":"Technical Architect: Banking Big data - Hadoop, AWS, .Net","company":"Optima Connections","city":"Charlotte","state":"NC","country":"US","formattedLocation":"Charlotte, NC","source":"JobServe USA","date":"Mon, 13 Mar 2017 11:29:20 GMT","snippet":"Big Data, Hadoop, Hive, Spark, microservices, MVC, iOS, Android, Angular, Node, Cloud architecture and strategy (AWS, Azure etc) and Containers (Docker etc), C#...","url":"http://www.indeed.com/viewjob?jk=60a117aaa4744152&qd=usoBPHMd3vYN69bRu-PQwcxBheEzuNOj46oJk2PU6yPPaaBuvSwk2ub69Dxr0mQT30-4cI82QyB8ovHPH96abam1Aj3izkOw87NHJgxznYA&indpubnum=3338919744720141&atk=1bb5147ts1brr2qh","onmousedown":"indeed_clk(this,'9819');","jobkey":"60a117aaa4744152","sponsored":false,"expired":false,"indeedApply":false,"formattedLocationFull":"Charlotte, NC","formattedRelativeTime":"12 hours ago","stations":""},{"jobtitle":"Senior Software Engineer, Server-Side Java","company":"Resource Technology Partners","city":"Waltham","state":"MA","country":"US","formattedLocation":"Waltham, MA","source":"ReSource Technology Partners","date":"Sun, 12 Mar 2017 23:32:17 GMT","snippet":"Senior Software Engineer, Server-Side <b>Java</b>. Working knowledge of <b>Java</b> open source frameworks like Spring, Hibernate is a plus....","url":"http://www.indeed.com/viewjob?jk=842bfad30cdbe2cb&qd=usoBPHMd3vYN69bRu-PQwcxBheEzuNOj46oJk2PU6yPPaaBuvSwk2ub69Dxr0mQT30-4cI82QyB8ovHPH96abam1Aj3izkOw87NHJgxznYA&indpubnum=3338919744720141&atk=1bb5147ts1brr2qh","onmousedown":"indeed_clk(this,'9819');","jobkey":"842bfad30cdbe2cb","sponsored":false,"expired":false,"indeedApply":false,"formattedLocationFull":"Waltham, MA","formattedRelativeTime":"1 day ago","stations":""},{"jobtitle":"Senior Backend Engineer","company":"FR8Star","city":"Oakland","state":"CA","country":"US","formattedLocation":"Oakland, CA","source":"FR8Star","date":"Mon, 13 Mar 2017 22:58:09 GMT","snippet":"Either <b>Java</b> or JavaScript (Node.js). We are looking for a Senior Backend Engineer join us on our mission to revolutionize the trucking market....","url":"http://www.indeed.com/viewjob?jk=addc5bc5f1f7d410&qd=usoBPHMd3vYN69bRu-PQwcxBheEzuNOj46oJk2PU6yPPaaBuvSwk2ub69Dxr0mQT30-4cI82QyB8ovHPH96abam1Aj3izkOw87NHJgxznYA&indpubnum=3338919744720141&atk=1bb5147ts1brr2qh","onmousedown":"indeed_clk(this,'9819');","jobkey":"addc5bc5f1f7d410","sponsored":false,"expired":false,"indeedApply":true,"formattedLocationFull":"Oakland, CA","formattedRelativeTime":"49 minutes ago","stations":""},{"jobtitle":"Software Development Engineer (Mid to Senior level)","company":"scube software square system Inc","city":"Boston","state":"MA","country":"US","formattedLocation":"Boston, MA","source":"Indeed","date":"Mon, 13 Mar 2017 20:49:50 GMT","snippet":"4 to 10 + years coding experience with a modern programming language such as <b>Java</b>, C++, Python. Client can sponsor visa for this position and if someone is...","url":"http://www.indeed.com/viewjob?jk=9fba6642c83afb80&qd=usoBPHMd3vYN69bRu-PQwcxBheEzuNOj46oJk2PU6yPPaaBuvSwk2ub69Dxr0mQT30-4cI82QyB8ovHPH96abam1Aj3izkOw87NHJgxznYA&indpubnum=3338919744720141&atk=1bb5147ts1brr2qh","onmousedown":"indeed_clk(this,'9819');","jobkey":"9fba6642c83afb80","sponsored":false,"expired":false,"indeedApply":true,"formattedLocationFull":"Boston, MA","formattedRelativeTime":"2 hours ago","stations":""},{"jobtitle":"Senior Software Engineer (Ad Tech / Blockchain)","company":"MadHive","city":"New York","state":"NY","country":"US","formattedLocation":"New York, NY","source":"MadHive","date":"Mon, 13 Mar 2017 20:14:52 GMT","snippet":"Our prime technologies are in <b>java</b>, python, golang, javascript and ruby running on google cloud. Madhive // Blockchain + Ad Tech:....","url":"http://www.indeed.com/viewjob?jk=75da06dab94a0caf&qd=usoBPHMd3vYN69bRu-PQwcxBheEzuNOj46oJk2PU6yPPaaBuvSwk2ub69Dxr0mQT30-4cI82QyB8ovHPH96abam1Aj3izkOw87NHJgxznYA&indpubnum=3338919744720141&atk=1bb5147ts1brr2qh","onmousedown":"indeed_clk(this,'9819');","jobkey":"75da06dab94a0caf","sponsored":false,"expired":false,"indeedApply":true,"formattedLocationFull":"New York, NY","formattedRelativeTime":"3 hours ago","stations":""},{"jobtitle":"Senior Security Engineer","company":"Vision Technology Services","city":"Rockville","state":"MD","country":"US","formattedLocation":"Rockville, MD","source":"Indeed","date":"Mon, 13 Mar 2017 17:45:11 GMT","snippet":"Software &amp; Application Development ( .Net and <b>Java</b> ). Vision Technology Services (Vision) is a leading provider of IT talent and project management services to...","url":"http://www.indeed.com/viewjob?jk=344c491b4054fd95&qd=usoBPHMd3vYN69bRu-PQwcxBheEzuNOj46oJk2PU6yPPaaBuvSwk2ub69Dxr0mQT30-4cI82QyB8ovHPH96abam1Aj3izkOw87NHJgxznYA&indpubnum=3338919744720141&atk=1bb5147ts1brr2qh","onmousedown":"indeed_clk(this,'9819');","jobkey":"344c491b4054fd95","sponsored":false,"expired":false,"indeedApply":true,"formattedLocationFull":"Rockville, MD","formattedRelativeTime":"6 hours ago","stations":""},{"jobtitle":"Senior System Administrator","company":"RCJ Consulting, LLC","city":"Arlington","state":"VA","country":"US","formattedLocation":"Arlington, VA","source":"Indeed","date":"Mon, 13 Mar 2017 13:41:47 GMT","snippet":"Apply Security Technical Implementation Guides (STIGs) to RHEL 7.1, <b>Java</b>, Tomcat, and PostgreSQL software and services....","url":"http://www.indeed.com/viewjob?jk=bceaa81ac8b5549c&qd=usoBPHMd3vYN69bRu-PQwcxBheEzuNOj46oJk2PU6yPPaaBuvSwk2ub69Dxr0mQT30-4cI82QyB8ovHPH96abam1Aj3izkOw87NHJgxznYA&indpubnum=3338919744720141&atk=1bb5147ts1brr2qh","onmousedown":"indeed_clk(this,'9819');","jobkey":"bceaa81ac8b5549c","sponsored":false,"expired":false,"indeedApply":true,"formattedLocationFull":"Arlington, VA","formattedRelativeTime":"10 hours ago","stations":""},{"jobtitle":"Senior Software Engineer","company":"Quickbase","city":"Cambridge","state":"MA","country":"US","formattedLocation":"Cambridge, MA","source":"Quickbase","date":"Mon, 13 Mar 2017 19:06:40 GMT","snippet":"At least 5 years’ experience designing &amp; developing <b>Java</b> software for web apps and/or software as a service. You’ll be developing tools and templates to enable...","url":"http://www.indeed.com/viewjob?jk=6b44c98bae2bfdd2&qd=usoBPHMd3vYN69bRu-PQwcxBheEzuNOj46oJk2PU6yPPaaBuvSwk2ub69Dxr0mQT30-4cI82QyB8ovHPH96abam1Aj3izkOw87NHJgxznYA&indpubnum=3338919744720141&atk=1bb5147ts1brr2qh","onmousedown":"indeed_clk(this,'9819');","jobkey":"6b44c98bae2bfdd2","sponsored":false,"expired":false,"indeedApply":false,"formattedLocationFull":"Cambridge, MA 02140","formattedRelativeTime":"4 hours ago","stations":""},{"jobtitle":"Lead JAVA Devloper","company":"HUNTER Technical Resources","city":"Atlanta","state":"GA","country":"US","formattedLocation":"Atlanta, GA","source":"Hunter Technical Resources","date":"Mon, 13 Mar 2017 22:16:57 GMT","snippet":"Lead <b>JAVA</b> Developer. Extensive experience in the design of <b>Java</b> applications through all layers of an. A Senior/Lead <b>Java</b> Developer will be expected to work...","url":"http://www.indeed.com/viewjob?jk=4cb0e02d01881087&qd=usoBPHMd3vYN69bRu-PQwcxBheEzuNOj46oJk2PU6yPPaaBuvSwk2ub69Dxr0mQT30-4cI82QyB8ovHPH96abam1Aj3izkOw87NHJgxznYA&indpubnum=3338919744720141&atk=1bb5147ts1brr2qh","onmousedown":"indeed_clk(this,'9819');","jobkey":"4cb0e02d01881087","sponsored":false,"expired":false,"indeedApply":false,"formattedLocationFull":"Atlanta, GA 30328","formattedRelativeTime":"1 hour ago","stations":""},{"jobtitle":"Software Solutions Architect","company":"Blue Horizon Tek Solutions","city":"Dallas","state":"TX","country":"US","formattedLocation":"Dallas, TX","source":"Indeed","date":"Sun, 12 Mar 2017 12:20:27 GMT","snippet":"Architecture experience should include *.NET, <b>Java</b>, LAMP.*. RELOCATION ASSISTANCE WILL BE OFFERED IF OUT OF AREA\\*\\**....","url":"http://www.indeed.com/viewjob?jk=385abd64265d439b&qd=usoBPHMd3vYN69bRu-PQwcxBheEzuNOj46oJk2PU6yPPaaBuvSwk2ub69Dxr0mQT30-4cI82QyB8ovHPH96abam1Aj3izkOw87NHJgxznYA&indpubnum=3338919744720141&atk=1bb5147ts1brr2qh","onmousedown":"indeed_clk(this,'9819');","jobkey":"385abd64265d439b","sponsored":false,"expired":false,"indeedApply":true,"formattedLocationFull":"Dallas, TX","formattedRelativeTime":"1 day ago","stations":""},{"jobtitle":"Senior Software Engineer (NYC)","company":"Unified","city":"New York","state":"NY","country":"US","formattedLocation":"New York, NY","source":"Unified","date":"Sun, 12 Mar 2017 08:12:48 GMT","snippet":"You’d be working heavily in <b>Java</b> building an entirely new platform using a microservices-based architecture....","url":"http://www.indeed.com/viewjob?jk=3b4254c9c21e0349&qd=usoBPHMd3vYN69bRu-PQwcxBheEzuNOj46oJk2PU6yPPaaBuvSwk2ub69Dxr0mQT30-4cI82QyB8ovHPH96abam1Aj3izkOw87NHJgxznYA&indpubnum=3338919744720141&atk=1bb5147ts1brr2qh","onmousedown":"indeed_clk(this,'9819');","jobkey":"3b4254c9c21e0349","sponsored":false,"expired":false,"indeedApply":true,"formattedLocationFull":"New York, NY 10018","formattedRelativeTime":"1 day ago","stations":""},{"jobtitle":"Senior Software Engineer Uber Hacker","company":"Pegasus Solutions","city":"Century City","state":"CA","country":"US","formattedLocation":"Century City, CA","source":"Pegasus Solutions","date":"Sun, 12 Mar 2017 08:11:31 GMT","snippet":"Develop software in a variety of programming languages (C/C++, <b>Java</b>, Scala). Thousands of hotels rely on our scalable enterprise software, distribution, digital...","url":"http://www.indeed.com/viewjob?jk=c8678a37de4169c9&qd=usoBPHMd3vYN69bRu-PQwcxBheEzuNOj46oJk2PU6yPPaaBuvSwk2ub69Dxr0mQT30-4cI82QyB8ovHPH96abam1Aj3izkOw87NHJgxznYA&indpubnum=3338919744720141&atk=1bb5147ts1brr2qh","onmousedown":"indeed_clk(this,'9819');","jobkey":"c8678a37de4169c9","sponsored":false,"expired":false,"indeedApply":true,"formattedLocationFull":"Century City, CA","formattedRelativeTime":"1 day ago","stations":""},{"jobtitle":"Senior Full Stack Engineer","company":"Fingerprint","city":"San Francisco","state":"CA","country":"US","formattedLocation":"San Francisco, CA","source":"Fingerprint","date":"Sun, 12 Mar 2017 08:13:54 GMT","snippet":"Fingerprint has built a mobile technology platform that supports networks of linked apps, improving discoverability, monetization, and direct consumer","url":"http://www.indeed.com/viewjob?jk=f3841951e11a109b&qd=usoBPHMd3vYN69bRu-PQwcxBheEzuNOj46oJk2PU6yPPaaBuvSwk2ub69Dxr0mQT30-4cI82QyB8ovHPH96abam1Aj3izkOw87NHJgxznYA&indpubnum=3338919744720141&atk=1bb5147ts1brr2qh","onmousedown":"indeed_clk(this,'9819');","jobkey":"f3841951e11a109b","sponsored":false,"expired":false,"indeedApply":true,"formattedLocationFull":"San Francisco, CA","formattedRelativeTime":"1 day ago","stations":""},{"jobtitle":"Mid-Level Scala/Spark Big Data Software Engineer (Contract)","company":"Workbridge Associates","city":"San Jose","state":"CA","country":"US","formattedLocation":"San Jose, CA","source":"Workbridge Associates","date":"Mon, 13 Mar 2017 20:23:47 GMT","snippet":"2+ years of professional hands on <b>java</b> development experience. A profitable, stable SaaS Company located in the heart of Silicon Valley is in need of a Mid...","url":"http://www.indeed.com/viewjob?jk=c26f2830dc031a0a&qd=usoBPHMd3vYN69bRu-PQwcxBheEzuNOj46oJk2PU6yPPaaBuvSwk2ub69Dxr0mQT30-4cI82QyB8ovHPH96abam1Aj3izkOw87NHJgxznYA&indpubnum=3338919744720141&atk=1bb5147ts1brr2qh","onmousedown":"indeed_clk(this,'9819');","jobkey":"c26f2830dc031a0a","sponsored":false,"expired":false,"indeedApply":true,"formattedLocationFull":"San Jose, CA 95113","formattedRelativeTime":"3 hours ago","stations":""},{"jobtitle":"Senior Software Engineer – Back End","company":"Bidgely","city":"Silicon Valley","state":"CA","country":"US","formattedLocation":"Silicon Valley, CA","source":"Bidgely","date":"Sun, 12 Mar 2017 07:19:00 GMT","snippet":"Fluency in <b>Java</b>/ C++. Design and deliver scalable web services, APIs and backend data modules....","url":"http://www.indeed.com/viewjob?jk=ded88fb2c5defb2e&qd=usoBPHMd3vYN69bRu-PQwcxBheEzuNOj46oJk2PU6yPPaaBuvSwk2ub69Dxr0mQT30-4cI82QyB8ovHPH96abam1Aj3izkOw87NHJgxznYA&indpubnum=3338919744720141&atk=1bb5147ts1brr2qh","onmousedown":"indeed_clk(this,'9819');","jobkey":"ded88fb2c5defb2e","sponsored":false,"expired":false,"indeedApply":true,"formattedLocationFull":"Silicon Valley, CA","formattedRelativeTime":"1 day ago","stations":""},{"jobtitle":"UNIX/Linux Systems Lead","company":"DEPT OF INFO TECH & TELECOMM","city":"Brooklyn","state":"NY","country":"US","formattedLocation":"Brooklyn, NY","source":"NYC Careers","date":"Sun, 12 Mar 2017 11:00:24 GMT","snippet":"Sun <b>Java</b> Web Server, Weblogic &amp; Siebel Server; In-depth installation, configuration, administration and tuning enterprise class servers;...","url":"http://www.indeed.com/viewjob?jk=3aa1c25e5a3fcebc&qd=usoBPHMd3vYN69bRu-PQwcxBheEzuNOj46oJk2PU6yPPaaBuvSwk2ub69Dxr0mQT30-4cI82QyB8ovHPH96abam1Aj3izkOw87NHJgxznYA&indpubnum=3338919744720141&atk=1bb5147ts1brr2qh","onmousedown":"indeed_clk(this,'9819');","jobkey":"3aa1c25e5a3fcebc","sponsored":false,"expired":false,"indeedApply":false,"formattedLocationFull":"Brooklyn, NY","formattedRelativeTime":"1 day ago","stations":""},{"jobtitle":"Software Engineer","company":"Technology Partners","city":"St. Louis","state":"MO","country":"US","formattedLocation":"St. Louis, MO","source":"Technology Partners","date":"Mon, 13 Mar 2017 16:12:20 GMT","snippet":"<b>Java</b>, Scala, etc. Are you looking for a new and challenging opportunity?...","url":"http://www.indeed.com/viewjob?jk=56bc4ca75eab9e53&qd=usoBPHMd3vYN69bRu-PQwcxBheEzuNOj46oJk2PU6yPPaaBuvSwk2ub69Dxr0mQT30-4cI82QyB8ovHPH96abam1Aj3izkOw87NHJgxznYA&indpubnum=3338919744720141&atk=1bb5147ts1brr2qh","onmousedown":"indeed_clk(this,'9819');","jobkey":"56bc4ca75eab9e53","sponsored":false,"expired":false,"indeedApply":false,"formattedLocationFull":"St. Louis, MO","formattedRelativeTime":"7 hours ago","stations":""},{"jobtitle":"Senior Lecturer (JSOM)","company":"University of Texas at Dallas","city":"Richardson","state":"TX","country":"US","formattedLocation":"Richardson, TX","source":"University of Texas at Dallas","date":"Mon, 13 Mar 2017 18:50:40 GMT","snippet":"Proficiency in MySQL, PHP , <b>Java</b>, <b>Java</b> Script, CSS and HTML and in managing web servers based on Linux OS and Apache is required....","url":"http://www.indeed.com/viewjob?jk=ceccbfb4e0ae3f69&qd=usoBPHMd3vYN69bRu-PQwcxBheEzuNOj46oJk2PU6yPPaaBuvSwk2ub69Dxr0mQT30-4cI82QyB8ovHPH96abam1Aj3izkOw87NHJgxznYA&indpubnum=3338919744720141&atk=1bb5147ts1brr2qh","onmousedown":"indeed_clk(this,'9819');","jobkey":"ceccbfb4e0ae3f69","sponsored":false,"expired":false,"indeedApply":true,"formattedLocationFull":"Richardson, TX","formattedRelativeTime":"4 hours ago","stations":""},{"jobtitle":"Staff Data Engineer","company":"Intuit","city":"Mountain View","state":"CA","country":"US","formattedLocation":"Mountain View, CA","source":"Intuit","date":"Mon, 13 Mar 2017 10:16:39 GMT","snippet":"Advanced OOP programming skills in <b>Java</b>. Description Intuit QuickBooks is on a mission to transform small business lending through its QuickBooks Financing (QBF...","url":"http://www.indeed.com/viewjob?jk=0aa2fb85bef34c24&qd=usoBPHMd3vYN69bRu-PQwcxBheEzuNOj46oJk2PU6yPPaaBuvSwk2ub69Dxr0mQT30-4cI82QyB8ovHPH96abam1Aj3izkOw87NHJgxznYA&indpubnum=3338919744720141&atk=1bb5147ts1brr2qh","onmousedown":"indeed_clk(this,'9819');","jobkey":"0aa2fb85bef34c24","sponsored":false,"expired":false,"indeedApply":false,"formattedLocationFull":"Mountain View, CA 94039","formattedRelativeTime":"13 hours ago","stations":""}]}