{"version":2,"query":"java","location":"","paginationPayload":"","dupefilter":true,"highlight":true,"totalResults":1192,"start":776,"end":800,"pageNumber":31,"results":[{"jobtitle":"Data Scientist","company":"Digital Reasoning","city":"New York","state":"NY","country":"US","formattedLocation":"New York, NY","source":"Digital Reasoning","date":"Mon, 13 Mar 2017 17:03:32 GMT","snippet":"Programming experience in <b>Java</b>. As a Data Scientist, you’ll solve a wide range of unstructured data (text/NLP, audio, image) problems our customers have by...","url":"http://www.indeed.com/viewjob?jk=37acc766de674b75&qd=usoBPHMd3vYN69bRu-PQwcxBheEzuNOj46oJk2PU6yPPaaBuvSwk2ub69Dxr0mQTERp4f6wFZAqzeyPK_mKiS6m1Aj3izkOw87NHJgxznYA&indpubnum=3338919744720141&atk=1bb5148kuafgh868","onmousedown":"indeed_clk(this,'557');","jobkey":"37acc766de674b75","sponsored":false,"expired":false,"indeedApply":false,"formattedLocationFull":"New York, NY","formattedRelativeTime":"6 hours ago","stations":""},{"jobtitle":"Manager & Solutions Architect - Digital Content","company":"LifeWay Christian Resources","city":"Nashville","state":"TN","country":"US","formattedLocation":"Nashville, TN","source":"LifeWay Christian Resources","date":"Mon, 13 Mar 2017 03:55:21 GMT","snippet":"Design, deploy, and maintain automated event-driven process flows and content transformations to support the strategic and publishing processes of the division...","url":"http://www.indeed.com/viewjob?jk=b9468d9a8dae51f5&qd=usoBPHMd3vYN69bRu-PQwcxBheEzuNOj46oJk2PU6yPPaaBuvSwk2ub69Dxr0mQTERp4f6wFZAqzeyPK_mKiS6m1Aj3izkOw87NHJgxznYA&indpubnum=3338919744720141&atk=1bb5148kuafgh868","onmousedown":"indeed_clk(this,'557');","jobkey":"b9468d9a8dae51f5","sponsored":false,"expired":false,"indeedApply":false,"formattedLocationFull":"Nashville, TN","formattedRelativeTime":"19 hours ago","stations":""},{"jobtitle":"PHP Software Developer","company":"VantageLinks, LLC","city":"Chesterfield","state":"MO","country":"US","formattedLocation":"Chesterfield, MO","source":"VantageLinks, LLC","date":"Mon, 13 Mar 2017 22:40:10 GMT","snippet":"Knowledge of <b>Java</b> and C programming language,. VantageLinks is dedicated to Information Technology (IT) staffing through direct placements, contract-to-hire,...","url":"http://www.indeed.com/viewjob?jk=9deb91aade750b7d&qd=usoBPHMd3vYN69bRu-PQwcxBheEzuNOj46oJk2PU6yPPaaBuvSwk2ub69Dxr0mQTERp4f6wFZAqzeyPK_mKiS6m1Aj3izkOw87NHJgxznYA&indpubnum=3338919744720141&atk=1bb5148kuafgh868","onmousedown":"indeed_clk(this,'557');","jobkey":"9deb91aade750b7d","sponsored":false,"expired":false,"indeedApply":false,"formattedLocationFull":"Chesterfield, MO","formattedRelativeTime":"1 hour ago","stations":""},{"jobtitle":"Sr. Software Developer","company":"Brooksource","city":"Town and Country","state":"MO","country":"US","formattedLocation":"Town and Country, MO","source":"Brooksource","date":"Mon, 13 Mar 2017 21:55:21 GMT","snippet":"3+ years of <b>Java</b> experience. The ideal candidate will have at least 3 years of <b>Java</b> experience, at least 1 year of web services experience, and working...","url":"http://www.indeed.com/viewjob?jk=3d33a9b5f8ba2457&qd=usoBPHMd3vYN69bRu-PQwcxBheEzuNOj46oJk2PU6yPPaaBuvSwk2ub69Dxr0mQTERp4f6wFZAqzeyPK_mKiS6m1Aj3izkOw87NHJgxznYA&indpubnum=3338919744720141&atk=1bb5148kuafgh868","onmousedown":"indeed_clk(this,'557');","jobkey":"3d33a9b5f8ba2457","sponsored":false,"expired":false,"indeedApply":false,"formattedLocationFull":"Town and Country, MO","formattedRelativeTime":"1 hour ago","stations":""},{"jobtitle":"Technical Lead","company":"Potomac River Holdings","city":"Alexandria","state":"VA","country":"US","formattedLocation":"Alexandria, VA","source":"Indeed","date":"Mon, 13 Mar 2017 18:32:11 GMT","snippet":"Python, <b>Java</b>, GitHub, BitBucket, JIRA*. Potomac River Holdings is looking for a *Technical Lead*....","url":"http://www.indeed.com/viewjob?jk=c3d185f0531c0768&qd=usoBPHMd3vYN69bRu-PQwcxBheEzuNOj46oJk2PU6yPPaaBuvSwk2ub69Dxr0mQTERp4f6wFZAqzeyPK_mKiS6m1Aj3izkOw87NHJgxznYA&indpubnum=3338919744720141&atk=1bb5148kuafgh868","onmousedown":"indeed_clk(this,'557');","jobkey":"c3d185f0531c0768","sponsored":false,"expired":false,"indeedApply":true,"formattedLocationFull":"Alexandria, VA 22314","formattedRelativeTime":"5 hours ago","stations":""},{"jobtitle":"Mobile SW Engineer, Java, Objective-C, Swift","company":"Talent Merchants","city":"","state":"CA","country":"US","formattedLocation":"California","source":"Talent Merchants","date":"Mon, 13 Mar 2017 22:33:22 GMT","snippet":"Highly proficient in at least, one modern programming language such as <b>Java</b>, Objective-C, Swift. Information Technology - Internet / E-Commerce....","url":"http://www.indeed.com/viewjob?jk=0aa05e90a2315a18&qd=usoBPHMd3vYN69bRu-PQwcxBheEzuNOj46oJk2PU6yPPaaBuvSwk2ub69Dxr0mQTERp4f6wFZAqzeyPK_mKiS6m1Aj3izkOw87NHJgxznYA&indpubnum=3338919744720141&atk=1bb5148kuafgh868","onmousedown":"indeed_clk(this,'557');","jobkey":"0aa05e90a2315a18","sponsored":false,"expired":false,"indeedApply":true,"formattedLocationFull":"California","formattedRelativeTime":"1 hour ago","stations":""},{"jobtitle":"Software Engineer - Service Delivery Platform","company":"HERE","city":"Burlington","state":"MA","country":"US","formattedLocation":"Burlington, MA","source":"HERE","date":"Sun, 12 Mar 2017 08:00:56 GMT","snippet":"Exposure to at least one programming language, we're now using Go, Python, <b>Java</b>, and Javascript. Better outcomes - from helping a city manage its infrastructure...","url":"http://www.indeed.com/viewjob?jk=621e35656be4d6b1&qd=usoBPHMd3vYN69bRu-PQwcxBheEzuNOj46oJk2PU6yPPaaBuvSwk2ub69Dxr0mQTERp4f6wFZAqzeyPK_mKiS6m1Aj3izkOw87NHJgxznYA&indpubnum=3338919744720141&atk=1bb5148kuafgh868","onmousedown":"indeed_clk(this,'557');","jobkey":"621e35656be4d6b1","sponsored":false,"expired":false,"indeedApply":false,"formattedLocationFull":"Burlington, MA","formattedRelativeTime":"1 day ago","stations":""},{"jobtitle":"Identity Access Management (IAM) Developer","company":"The Aerospace Corporation","city":"El Segundo","state":"CA","country":"US","formattedLocation":"El Segundo, CA","source":"The Aerospace Corporation","date":"Mon, 13 Mar 2017 14:07:39 GMT","snippet":"Programming/scripting experience with SQL, Perl, <b>Java</b>, or PowerShell. Primary duties are to keep all IAM enterprise applications operational and return systems...","url":"http://www.indeed.com/viewjob?jk=ef73ac36ff23dd92&qd=usoBPHMd3vYN69bRu-PQwcxBheEzuNOj46oJk2PU6yPPaaBuvSwk2ub69Dxr0mQTERp4f6wFZAqzeyPK_mKiS6m1Aj3izkOw87NHJgxznYA&indpubnum=3338919744720141&atk=1bb5148kuafgh868","onmousedown":"indeed_clk(this,'557');","jobkey":"ef73ac36ff23dd92","sponsored":false,"expired":false,"indeedApply":false,"formattedLocationFull":"El Segundo, CA 90245","formattedRelativeTime":"9 hours ago","stations":""},{"jobtitle":"Programmer / Developer Lead - iOS Developer","company":"Capgemini","city":"South San Francisco","state":"CA","country":"US","formattedLocation":"South San Francisco, CA","source":"Capgemini","date":"Mon, 13 Mar 2017 17:25:09 GMT","snippet":"Write software programs using specific programming languages/platforms such as <b>Java</b> or MS .NET, and related tools, platform and environment....","url":"http://www.indeed.com/viewjob?jk=6bc1a63d2854660c&qd=usoBPHMd3vYN69bRu-PQwcxBheEzuNOj46oJk2PU6yPPaaBuvSwk2ub69Dxr0mQTERp4f6wFZAqzeyPK_mKiS6m1Aj3izkOw87NHJgxznYA&indpubnum=3338919744720141&atk=1bb5148kuafgh868","onmousedown":"indeed_clk(this,'557');","jobkey":"6bc1a63d2854660c","sponsored":false,"expired":false,"indeedApply":false,"formattedLocationFull":"South San Francisco, CA","formattedRelativeTime":"6 hours ago","stations":""},{"jobtitle":"Innovation Architect - BRM/BITS","company":"Caesars Enterprise Services","city":"Las Vegas","state":"NV","country":"US","formattedLocation":"Las Vegas, NV","source":"Caesars Entertainment","date":"Mon, 13 Mar 2017 21:19:03 GMT","snippet":"Knowledge of <b>Java</b>, Hadoop Stack (HDFS, Map Reduce, YARN, Hbase, Hive, Sqoop, Flume, Zookeeper etc.). Has an in-depth knowledge of applications at the enterprise...","url":"http://www.indeed.com/viewjob?jk=5d84a38a5ea332b9&qd=usoBPHMd3vYN69bRu-PQwcxBheEzuNOj46oJk2PU6yPPaaBuvSwk2ub69Dxr0mQTERp4f6wFZAqzeyPK_mKiS6m1Aj3izkOw87NHJgxznYA&indpubnum=3338919744720141&atk=1bb5148kuafgh868","onmousedown":"indeed_clk(this,'557');","jobkey":"5d84a38a5ea332b9","sponsored":false,"expired":false,"indeedApply":false,"formattedLocationFull":"Las Vegas, NV","formattedRelativeTime":"2 hours ago","stations":""},{"jobtitle":"Programmer Analyst III","company":"Suneratech","city":"Troy","state":"MI","country":"US","formattedLocation":"Troy, MI","source":"Suneratech","date":"Sun, 12 Mar 2017 07:29:18 GMT","snippet":"Oracle ADF, Weblogic, PL/SQL, Java, J2EE, XML, JavaScript...","url":"http://www.indeed.com/viewjob?jk=b4ea45c9a5a37b5f&qd=usoBPHMd3vYN69bRu-PQwcxBheEzuNOj46oJk2PU6yPPaaBuvSwk2ub69Dxr0mQTERp4f6wFZAqzeyPK_mKiS6m1Aj3izkOw87NHJgxznYA&indpubnum=3338919744720141&atk=1bb5148kuafgh868","onmousedown":"indeed_clk(this,'557');","jobkey":"b4ea45c9a5a37b5f","sponsored":false,"expired":false,"indeedApply":false,"formattedLocationFull":"Troy, MI","formattedRelativeTime":"1 day ago","stations":""},{"jobtitle":"Operations Analyst Staff","company":"Lockheed Martin","city":"Palmdale","state":"CA","country":"US","formattedLocation":"Palmdale, CA","source":"Lockheed Martin","date":"Sun, 12 Mar 2017 10:17:15 GMT","snippet":"Lockheed Martin is looking for world-class talent in Operations Analysis to join our historic Skunk Works team in Palmdale, CA. We are seeking a candidate who","url":"http://www.indeed.com/viewjob?jk=adeb2cff0c883a00&qd=usoBPHMd3vYN69bRu-PQwcxBheEzuNOj46oJk2PU6yPPaaBuvSwk2ub69Dxr0mQTERp4f6wFZAqzeyPK_mKiS6m1Aj3izkOw87NHJgxznYA&indpubnum=3338919744720141&atk=1bb5148kuafgh868","onmousedown":"indeed_clk(this,'557');","jobkey":"adeb2cff0c883a00","sponsored":false,"expired":false,"indeedApply":false,"formattedLocationFull":"Palmdale, CA 93599","formattedRelativeTime":"1 day ago","stations":""},{"jobtitle":"Senior Software Developer - Android","company":"Hulu","city":"Seattle","state":"WA","country":"US","formattedLocation":"Seattle, WA","source":"Hulu","date":"Sun, 12 Mar 2017 07:36:51 GMT","snippet":"3+ years experience developing on the Android platform, including <b>Java</b>, Android Studio, Gradle, adb, etc. Hulu is a premium streaming TV destination that seeks...","url":"http://www.indeed.com/viewjob?jk=206cfd2f6cf7bd26&qd=usoBPHMd3vYN69bRu-PQwcxBheEzuNOj46oJk2PU6yPPaaBuvSwk2ub69Dxr0mQTERp4f6wFZAqzeyPK_mKiS6m1Aj3izkOw87NHJgxznYA&indpubnum=3338919744720141&atk=1bb5148kuafgh868","onmousedown":"indeed_clk(this,'557');","jobkey":"206cfd2f6cf7bd26","sponsored":false,"expired":false,"indeedApply":false,"formattedLocationFull":"Seattle, WA","formattedRelativeTime":"1 day ago","stations":""},{"jobtitle":"Application Developer (Rosemont, IL)","company":"The Huntington Resource","city":"Chicago","state":"IL","country":"US","formattedLocation":"Chicago, IL","source":"Indeed","date":"Mon, 13 Mar 2017 19:54:13 GMT","snippet":"This is a Dot Net Developer working on all new applications with the latest and greatest Microsoft tools. Mid-Level Application Developer*....","url":"http://www.indeed.com/viewjob?jk=52d666962fce62e6&qd=usoBPHMd3vYN69bRu-PQwcxBheEzuNOj46oJk2PU6yPPaaBuvSwk2ub69Dxr0mQTERp4f6wFZAqzeyPK_mKiS6m1Aj3izkOw87NHJgxznYA&indpubnum=3338919744720141&atk=1bb5148kuafgh868","onmousedown":"indeed_clk(this,'557');","jobkey":"52d666962fce62e6","sponsored":false,"expired":false,"indeedApply":true,"formattedLocationFull":"Chicago, IL","formattedRelativeTime":"3 hours ago","stations":""},{"jobtitle":"Mobile Developer, AWS Management Console","company":"Amazon Corporate LLC","city":"Palo Alto","state":"CA","country":"US","formattedLocation":"Palo Alto, CA","source":"Amazon.com","date":"Mon, 13 Mar 2017 06:02:41 GMT","snippet":"Proficiency in, at least, one modern programming language such as <b>Java</b>, JavaScript, C++, or Objective-C, Ruby, or Python....","url":"http://www.indeed.com/viewjob?jk=7c1c299e6145791e&qd=usoBPHMd3vYN69bRu-PQwcxBheEzuNOj46oJk2PU6yPPaaBuvSwk2ub69Dxr0mQTERp4f6wFZAqzeyPK_mKiS6m1Aj3izkOw87NHJgxznYA&indpubnum=3338919744720141&atk=1bb5148kuafgh868","onmousedown":"indeed_clk(this,'557');","jobkey":"7c1c299e6145791e","sponsored":false,"expired":false,"indeedApply":false,"formattedLocationFull":"Palo Alto, CA","formattedRelativeTime":"17 hours ago","stations":""},{"jobtitle":"Senior Backend Engineer","company":"ZipCap","city":"San Diego","state":"CA","country":"US","formattedLocation":"San Diego, CA","source":"ZipCap","date":"Mon, 13 Mar 2017 10:56:07 GMT","snippet":"About Count Loyalty We are an exciting, humble and purpose driven company located in beautiful San Diego. With our unique loyalty lending platform, we are...","url":"http://www.indeed.com/viewjob?jk=cfc6f0ca07365013&qd=usoBPHMd3vYN69bRu-PQwcxBheEzuNOj46oJk2PU6yPPaaBuvSwk2ub69Dxr0mQTERp4f6wFZAqzeyPK_mKiS6m1Aj3izkOw87NHJgxznYA&indpubnum=3338919744720141&atk=1bb5148kuafgh868","onmousedown":"indeed_clk(this,'557');","jobkey":"cfc6f0ca07365013","sponsored":false,"expired":false,"indeedApply":true,"formattedLocationFull":"San Diego, CA","formattedRelativeTime":"12 hours ago","stations":""},{"jobtitle":"IT / Developer - Stage aux Etats Unis h/f","company":"DialERP","city":"","state":"","country":"US","formattedLocation":"United States","source":"BACPLUSDEUX.COM","date":"Mon, 13 Mar 2017 08:06:03 GMT","snippet":"Good knowledge of PhoneGap, <b>Java</b>, Android…. The developer will be creating from A to Z an innovative application for phone or tablet (Android-based application)...","url":"http://www.indeed.com/viewjob?jk=65c82f9428a353b8&qd=usoBPHMd3vYN69bRu-PQwcxBheEzuNOj46oJk2PU6yPPaaBuvSwk2ub69Dxr0mQTERp4f6wFZAqzeyPK_mKiS6m1Aj3izkOw87NHJgxznYA&indpubnum=3338919744720141&atk=1bb5148kuafgh868","onmousedown":"indeed_clk(this,'557');","jobkey":"65c82f9428a353b8","sponsored":false,"expired":false,"indeedApply":false,"formattedLocationFull":"United States","formattedRelativeTime":"15 hours ago","stations":""},{"jobtitle":"Controls Specialist - Level III","company":"MacDonald-Miller","city":"Seattle","state":"WA","country":"US","formattedLocation":"Seattle, WA","source":"MacDonald-Miller","date":"Mon, 13 Mar 2017 10:59:56 GMT","snippet":"Programming expert in SQL, VBA, VB, VB.NET, Jscript.NET, XML, HTML and <b>Java</b> languages. Write new or update existing code for SQL database, XML, <b>Java</b>, VBA, and...","url":"http://www.indeed.com/viewjob?jk=ee15a95f5aaa2487&qd=usoBPHMd3vYN69bRu-PQwcxBheEzuNOj46oJk2PU6yPPaaBuvSwk2ub69Dxr0mQTERp4f6wFZAqzeyPK_mKiS6m1Aj3izkOw87NHJgxznYA&indpubnum=3338919744720141&atk=1bb5148kuafgh868","onmousedown":"indeed_clk(this,'557');","jobkey":"ee15a95f5aaa2487","sponsored":false,"expired":false,"indeedApply":false,"formattedLocationFull":"Seattle, WA","formattedRelativeTime":"12 hours ago","stations":""},{"jobtitle":"Software Engineer II","company":"Preferred Systems Solutions, Inc.","city":"Annapolis Junction","state":"MD","country":"US","formattedLocation":"Annapolis Junction, MD","source":"Preferred Systems Solutions, Inc.","date":"Mon, 13 Mar 2017 05:49:55 GMT","snippet":"10 + years direct experience with <b>Java</b> development. Are you a talented SOFTWARE ENGINEER II looking for the next step in your career ?...","url":"http://www.indeed.com/viewjob?jk=5d1ddcea97c1abd5&qd=usoBPHMd3vYN69bRu-PQwcxBheEzuNOj46oJk2PU6yPPaaBuvSwk2ub69Dxr0mQTERp4f6wFZAqzeyPK_mKiS6m1Aj3izkOw87NHJgxznYA&indpubnum=3338919744720141&atk=1bb5148kuafgh868","onmousedown":"indeed_clk(this,'557');","jobkey":"5d1ddcea97c1abd5","sponsored":false,"expired":false,"indeedApply":false,"formattedLocationFull":"Annapolis Junction, MD","formattedRelativeTime":"17 hours ago","stations":""},{"jobtitle":"Library Technology Developer","company":"Villanova University","city":"Villanova","state":"PA","country":"US","formattedLocation":"Villanova, PA","source":"LatinosInHigherEd.Com","date":"Mon, 13 Mar 2017 02:19:21 GMT","snippet":"Collaborates with Central IT over administration and maintenance of public and staff workstations. Library Technology Developer....","url":"http://www.indeed.com/viewjob?jk=29fc6f191a886a0a&qd=usoBPHMd3vYN69bRu-PQwcxBheEzuNOj46oJk2PU6yPPaaBuvSwk2ub69Dxr0mQTERp4f6wFZAqzeyPK_mKiS6m1Aj3izkOw87NHJgxznYA&indpubnum=3338919744720141&atk=1bb5148kuafgh868","onmousedown":"indeed_clk(this,'557');","jobkey":"29fc6f191a886a0a","sponsored":false,"expired":false,"indeedApply":false,"formattedLocationFull":"Villanova, PA","formattedRelativeTime":"21 hours ago","stations":""},{"jobtitle":"Cloud Platform Engineer, Senior","company":"Booz Allen Hamilton","city":"Herndon","state":"VA","country":"US","formattedLocation":"Herndon, VA","source":"Booz Allen Hamilton","date":"Mon, 13 Mar 2017 22:26:38 GMT","snippet":"C, C++, <b>Java</b>, Perl, Python, Go, or scripting in Shell and Perl. Conduct systems analysis and programming activities for the development, maintenance, and...","url":"http://www.indeed.com/viewjob?jk=39e438993cc14ac7&qd=usoBPHMd3vYN69bRu-PQwcxBheEzuNOj46oJk2PU6yPPaaBuvSwk2ub69Dxr0mQTERp4f6wFZAqzeyPK_mKiS6m1Aj3izkOw87NHJgxznYA&indpubnum=3338919744720141&atk=1bb5148kuafgh868","onmousedown":"indeed_clk(this,'557');","jobkey":"39e438993cc14ac7","sponsored":false,"expired":false,"indeedApply":false,"formattedLocationFull":"Herndon, VA","formattedRelativeTime":"1 hour ago","stations":""},{"jobtitle":"Application Development Senior Specialist","company":"Cigna","city":"New York","state":"NY","country":"US","formattedLocation":"New York, NY","source":"Cigna","date":"Mon, 13 Mar 2017 18:11:59 GMT","snippet":"Teradata, DB2, Oracle, Python and <b>Java</b>. The aptitude to deliver enterprise or customer-facing. Cigna, a leading Health....","url":"http://www.indeed.com/viewjob?jk=2237c0d5ce80215d&qd=usoBPHMd3vYN69bRu-PQwcxBheEzuNOj46oJk2PU6yPPaaBuvSwk2ub69Dxr0mQTERp4f6wFZAqzeyPK_mKiS6m1Aj3izkOw87NHJgxznYA&indpubnum=3338919744720141&atk=1bb5148kuafgh868","onmousedown":"indeed_clk(this,'557');","jobkey":"2237c0d5ce80215d","sponsored":false,"expired":false,"indeedApply":false,"formattedLocationFull":"New York, NY","formattedRelativeTime":"5 hours ago","stations":""},{"jobtitle":"Network and Threat Support Specialist (Senior)","company":"Wood Consulting","city":"Fort Meade","state":"MD","country":"US","formattedLocation":"Fort Meade, MD","source":"Wood Consulting","date":"Mon, 13 Mar 2017 17:30:27 GMT","snippet":"Wireshark/Ethereal, Nessus, Snort, tcpdump, tcp wrapper, IDS (various), ISS scanner, eEye digital vulnerability scanner, , , , GCFIH, CNDA, DoD Forensic...","url":"http://www.indeed.com/viewjob?jk=e11ab78c3b5a2c56&qd=usoBPHMd3vYN69bRu-PQwcxBheEzuNOj46oJk2PU6yPPaaBuvSwk2ub69Dxr0mQTERp4f6wFZAqzeyPK_mKiS6m1Aj3izkOw87NHJgxznYA&indpubnum=3338919744720141&atk=1bb5148kuafgh868","onmousedown":"indeed_clk(this,'557');","jobkey":"e11ab78c3b5a2c56","sponsored":false,"expired":false,"indeedApply":false,"formattedLocationFull":"Fort Meade, MD","formattedRelativeTime":"6 hours ago","stations":""},{"jobtitle":"Senior IOS Engineer","company":"Verizon","city":"Denver","state":"CO","country":"US","formattedLocation":"Denver, CO","source":"Verizon","date":"Mon, 13 Mar 2017 15:49:18 GMT","snippet":"Experience with at least one modern object oriented language such as <b>Java</b>, C#, Objective-C. You're an engineer looking for a career where you'll be able to...","url":"http://www.indeed.com/viewjob?jk=1bf06a2f0e536707&qd=usoBPHMd3vYN69bRu-PQwcxBheEzuNOj46oJk2PU6yPPaaBuvSwk2ub69Dxr0mQTERp4f6wFZAqzeyPK_mKiS6m1Aj3izkOw87NHJgxznYA&indpubnum=3338919744720141&atk=1bb5148kuafgh868","onmousedown":"indeed_clk(this,'557');","jobkey":"1bf06a2f0e536707","sponsored":false,"expired":false,"indeedApply":false,"formattedLocationFull":"Denver, CO 80202","formattedRelativeTime":"7 hours ago","stations":""},{"jobtitle":"QA Automation Engineer, Senior","company":"PG&E","city":"San Francisco","state":"CA","country":"US","formattedLocation":"San Francisco, CA","source":"Pacific Gas and Electric Company","date":"Mon, 13 Mar 2017 12:43:33 GMT","snippet":"The Enterprise Mobility Center of Excellence (Digital Catalyst) is a new enterprise team that is responsible for workingcollaboratively with the lines of...","url":"http://www.indeed.com/viewjob?jk=ef6174a475452496&qd=usoBPHMd3vYN69bRu-PQwcxBheEzuNOj46oJk2PU6yPPaaBuvSwk2ub69Dxr0mQTERp4f6wFZAqzeyPK_mKiS6m1Aj3izkOw87NHJgxznYA&indpubnum=3338919744720141&atk=1bb5148kuafgh868","onmousedown":"indeed_clk(this,'557');","jobkey":"ef6174a475452496","sponsored":false,"expired":false,"indeedApply":false,"formattedLocationFull":"San Francisco, CA 94107","formattedRelativeTime":"11 hours ago","stations":""}]}