{"version":2,"query":"java","location":"","paginationPayload":"","dupefilter":true,"highlight":true,"totalResults":1177,"start":76,"end":100,"pageNumber":3,"results":[{"jobtitle":"Entry Level Java Developer","company":"Elite Tek Solutions, Inc.","city":"Kansas City","state":"MO","country":"US","formattedLocation":"Kansas City, MO","source":"Indeed","date":"Mon, 13 Mar 2017 20:24:16 GMT","snippet":"Our clients are looking for entry level <b>Java</b> Developers. DOE and position....","url":"http://www.indeed.com/viewjob?jk=4a315c56453f1f3f&qd=usoBPHMd3vYN69bRu-PQwcxBheEzuNOj46oJk2PU6yOs9RmphsZwXkpEhIV6Udnw30-4cI82QyB8ovHPH96abam1Aj3izkOw87NHJgxznYA&indpubnum=3338919744720141&atk=1bb5147s418hr3er","onmousedown":"indeed_clk(this,'9763');","jobkey":"4a315c56453f1f3f","sponsored":false,"expired":false,"indeedApply":true,"formattedLocationFull":"Kansas City, MO","formattedRelativeTime":"3 hours ago","stations":""},{"jobtitle":"UI Front end developer","company":"Prism Inc.","city":"Rensselaer","state":"NY","country":"US","formattedLocation":"Rensselaer, NY","source":"Indeed","date":"Mon, 13 Mar 2017 16:38:06 GMT","snippet":"Familiarity with back-end languages such as <b>Java</b>, experience with <b>Java</b> development a plus. Really need 5-8 years of experience!*....","url":"http://www.indeed.com/viewjob?jk=fbffd0515c924994&qd=usoBPHMd3vYN69bRu-PQwcxBheEzuNOj46oJk2PU6yOs9RmphsZwXkpEhIV6Udnw30-4cI82QyB8ovHPH96abam1Aj3izkOw87NHJgxznYA&indpubnum=3338919744720141&atk=1bb5147s418hr3er","onmousedown":"indeed_clk(this,'9763');","jobkey":"fbffd0515c924994","sponsored":false,"expired":false,"indeedApply":true,"formattedLocationFull":"Rensselaer, NY","formattedRelativeTime":"7 hours ago","stations":""},{"jobtitle":"Front End Developer","company":"RevZilla","city":"Philadelphia","state":"PA","country":"US","formattedLocation":"Philadelphia, PA","source":"Indeed","date":"Sun, 12 Mar 2017 21:26:32 GMT","snippet":"Proficiency in at least one mainstream compiled language (Elixir, Objective-C, C#, <b>Java</b>, etc.). RevZilla's Technology Team is looking for full stack engineers...","url":"http://www.indeed.com/viewjob?jk=e674b186eefcf1e2&qd=usoBPHMd3vYN69bRu-PQwcxBheEzuNOj46oJk2PU6yOs9RmphsZwXkpEhIV6Udnw30-4cI82QyB8ovHPH96abam1Aj3izkOw87NHJgxznYA&indpubnum=3338919744720141&atk=1bb5147s418hr3er","onmousedown":"indeed_clk(this,'9763');","jobkey":"e674b186eefcf1e2","sponsored":false,"expired":false,"indeedApply":true,"formattedLocationFull":"Philadelphia, PA 19112","formattedRelativeTime":"1 day ago","stations":""},{"jobtitle":"Software Developer","company":"J Carter Marketing, Inc.","city":"Hauppauge","state":"NY","country":"US","formattedLocation":"Hauppauge, NY","source":"Indeed","date":"Mon, 13 Mar 2017 15:57:52 GMT","snippet":"4 Years of development experience, with at least 3 years of <b>Java</b> experience. Maintenance, enhancement design, and implementation for ad serving technology....","url":"http://www.indeed.com/viewjob?jk=04347e79079f6b61&qd=usoBPHMd3vYN69bRu-PQwcxBheEzuNOj46oJk2PU6yOs9RmphsZwXkpEhIV6Udnw30-4cI82QyB8ovHPH96abam1Aj3izkOw87NHJgxznYA&indpubnum=3338919744720141&atk=1bb5147s418hr3er","onmousedown":"indeed_clk(this,'9763');","jobkey":"04347e79079f6b61","sponsored":false,"expired":false,"indeedApply":true,"formattedLocationFull":"Hauppauge, NY 11788","formattedRelativeTime":"7 hours ago","stations":""},{"jobtitle":"Software Engineer - Entry Level","company":"Netsmart Technologies","city":"Overland Park","state":"KS","country":"US","formattedLocation":"Overland Park, KS","source":"Netsmart Technologies","date":"Mon, 13 Mar 2017 19:59:13 GMT","snippet":"Basic programming experience using a modern object oriented language such as <b>Java</b>, C++, C#, etc. Are you looking for your ideas to change the health and human...","url":"http://www.indeed.com/viewjob?jk=86c349b8f72d9c92&qd=usoBPHMd3vYN69bRu-PQwcxBheEzuNOj46oJk2PU6yOs9RmphsZwXkpEhIV6Udnw30-4cI82QyB8ovHPH96abam1Aj3izkOw87NHJgxznYA&indpubnum=3338919744720141&atk=1bb5147s418hr3er","onmousedown":"indeed_clk(this,'9763');","jobkey":"86c349b8f72d9c92","sponsored":false,"expired":false,"indeedApply":false,"formattedLocationFull":"Overland Park, KS","formattedRelativeTime":"3 hours ago","stations":""},{"jobtitle":"Software Engineer - Entry Level","company":"Netsmart Technologies","city":"Great River","state":"NY","country":"US","formattedLocation":"Great River, NY","source":"Netsmart Technologies","date":"Mon, 13 Mar 2017 19:59:15 GMT","snippet":"Basic programming experience using a modern object oriented language such as <b>Java</b>, C++, C#, etc. Are you looking for your ideas to change the health and human...","url":"http://www.indeed.com/viewjob?jk=6fd51911df742d61&qd=usoBPHMd3vYN69bRu-PQwcxBheEzuNOj46oJk2PU6yOs9RmphsZwXkpEhIV6Udnw30-4cI82QyB8ovHPH96abam1Aj3izkOw87NHJgxznYA&indpubnum=3338919744720141&atk=1bb5147s418hr3er","onmousedown":"indeed_clk(this,'9763');","jobkey":"6fd51911df742d61","sponsored":false,"expired":false,"indeedApply":false,"formattedLocationFull":"Great River, NY","formattedRelativeTime":"3 hours ago","stations":""},{"jobtitle":"Entry-Level Software Engineer","company":"Lone Wolf Real Estate Technologies","city":"Dallas","state":"TX","country":"US","formattedLocation":"Dallas, TX","source":"Lone Wolf Real Estate Technologies","date":"Mon, 13 Mar 2017 06:08:57 GMT","snippet":"A thorough understanding of .Net, <b>Java</b> and SQL (any implementation:. Deliver reliable, scalable new features to the Lone Wolf Brokerage Platform using the...","url":"http://www.indeed.com/viewjob?jk=f9e63b53d7e16435&qd=usoBPHMd3vYN69bRu-PQwcxBheEzuNOj46oJk2PU6yOs9RmphsZwXkpEhIV6Udnw30-4cI82QyB8ovHPH96abam1Aj3izkOw87NHJgxznYA&indpubnum=3338919744720141&atk=1bb5147s418hr3er","onmousedown":"indeed_clk(this,'9763');","jobkey":"f9e63b53d7e16435","sponsored":false,"expired":false,"indeedApply":false,"formattedLocationFull":"Dallas, TX","formattedRelativeTime":"17 hours ago","stations":""},{"jobtitle":"Software Developer","company":"Freebird","city":"Cambridge","state":"MA","country":"US","formattedLocation":"Cambridge, MA","source":"Freebird","date":"Sun, 12 Mar 2017 08:13:22 GMT","snippet":"You’ll be working with our data scientists and Scala consultants to build and maintain Freebird’s enterprise software platform, APIs and devops infrastructure....","url":"http://www.indeed.com/viewjob?jk=f497890056720339&qd=usoBPHMd3vYN69bRu-PQwcxBheEzuNOj46oJk2PU6yOs9RmphsZwXkpEhIV6Udnw30-4cI82QyB8ovHPH96abam1Aj3izkOw87NHJgxznYA&indpubnum=3338919744720141&atk=1bb5147s418hr3er","onmousedown":"indeed_clk(this,'9763');","jobkey":"f497890056720339","sponsored":false,"expired":false,"indeedApply":true,"formattedLocationFull":"Cambridge, MA","formattedRelativeTime":"1 day ago","stations":""},{"jobtitle":"Application Developer","company":"Accenture","city":"Weehawken","state":"NJ","country":"US","formattedLocation":"Weehawken, NJ","source":"Accenture","date":"Mon, 13 Mar 2017 20:39:38 GMT","snippet":"Our client is looking for an Application Developer in Weehawken, NJ Required Skills: 4-6 years’ experience Java and Unix Participates in every aspect of","url":"http://www.indeed.com/viewjob?jk=53a654b74949caf6&qd=usoBPHMd3vYN69bRu-PQwcxBheEzuNOj46oJk2PU6yOs9RmphsZwXkpEhIV6Udnw30-4cI82QyB8ovHPH96abam1Aj3izkOw87NHJgxznYA&indpubnum=3338919744720141&atk=1bb5147s418hr3er","onmousedown":"indeed_clk(this,'9763');","jobkey":"53a654b74949caf6","sponsored":false,"expired":false,"indeedApply":false,"formattedLocationFull":"Weehawken, NJ","formattedRelativeTime":"3 hours ago","stations":""},{"jobtitle":"Application Developer","company":"Attain, LLC","city":"Rockville","state":"MD","country":"US","formattedLocation":"Rockville, MD","source":"Attain, LLC","date":"Mon, 13 Mar 2017 16:48:14 GMT","snippet":"Key Role: Attain's Federal Health Solutions practice has an extremely exciting opportunity to support one of our clients in accomplishing their mission to","url":"http://www.indeed.com/viewjob?jk=7c11fb313342958e&qd=usoBPHMd3vYN69bRu-PQwcxBheEzuNOj46oJk2PU6yOs9RmphsZwXkpEhIV6Udnw30-4cI82QyB8ovHPH96abam1Aj3izkOw87NHJgxznYA&indpubnum=3338919744720141&atk=1bb5147s418hr3er","onmousedown":"indeed_clk(this,'9763');","jobkey":"7c11fb313342958e","sponsored":false,"expired":false,"indeedApply":false,"formattedLocationFull":"Rockville, MD","formattedRelativeTime":"6 hours ago","stations":""},{"jobtitle":"UI developer","company":"Themesoft Inc.","city":"Pittsburgh","state":"PA","country":"US","formattedLocation":"Pittsburgh, PA","source":"Indeed","date":"Mon, 13 Mar 2017 22:09:07 GMT","snippet":"Must have Core <b>Java</b> development skills. 5+ years of true (UI) experience in a large corporate Oracle enterprise environment....","url":"http://www.indeed.com/viewjob?jk=1837a9e08417a93f&qd=usoBPHMd3vYN69bRu-PQwcxBheEzuNOj46oJk2PU6yOs9RmphsZwXkpEhIV6Udnw30-4cI82QyB8ovHPH96abam1Aj3izkOw87NHJgxznYA&indpubnum=3338919744720141&atk=1bb5147s418hr3er","onmousedown":"indeed_clk(this,'9763');","jobkey":"1837a9e08417a93f","sponsored":false,"expired":false,"indeedApply":true,"formattedLocationFull":"Pittsburgh, PA","formattedRelativeTime":"1 hour ago","stations":""},{"jobtitle":"New College Grads_Engineering","company":"Coupang","city":"San Jose","state":"CA","country":"US","formattedLocation":"San Jose, CA","source":"Coupang","date":"Mon, 13 Mar 2017 19:06:25 GMT","snippet":"3+ years of experience with <b>Java</b>, SQL, Scala and ideally some Python. Coupang is one of the largest and fastest growing e-commerce platforms on the planet....","url":"http://www.indeed.com/viewjob?jk=8d89c090927271ad&qd=usoBPHMd3vYN69bRu-PQwcxBheEzuNOj46oJk2PU6yOs9RmphsZwXkpEhIV6Udnw30-4cI82QyB8ovHPH96abam1Aj3izkOw87NHJgxznYA&indpubnum=3338919744720141&atk=1bb5147s418hr3er","onmousedown":"indeed_clk(this,'9763');","jobkey":"8d89c090927271ad","sponsored":false,"expired":false,"indeedApply":true,"formattedLocationFull":"San Jose, CA","formattedRelativeTime":"4 hours ago","stations":""},{"jobtitle":"Full Stack Engineer","company":"CrossChx","city":"Columbus","state":"OH","country":"US","formattedLocation":"Columbus, OH","source":"CrossChx","date":"Mon, 13 Mar 2017 17:56:50 GMT","snippet":"Development experience with <b>Java</b>, Groovy/Grails, .NET programming. Code and test <b>Java</b> and .NET applications in accordance to design specifications and standards...","url":"http://www.indeed.com/viewjob?jk=c54a9312f73c511f&qd=usoBPHMd3vYN69bRu-PQwcxBheEzuNOj46oJk2PU6yOs9RmphsZwXkpEhIV6Udnw30-4cI82QyB8ovHPH96abam1Aj3izkOw87NHJgxznYA&indpubnum=3338919744720141&atk=1bb5147s418hr3er","onmousedown":"indeed_clk(this,'9763');","jobkey":"c54a9312f73c511f","sponsored":false,"expired":false,"indeedApply":true,"formattedLocationFull":"Columbus, OH","formattedRelativeTime":"5 hours ago","stations":""},{"jobtitle":"Software Development Engineer in Test ~ Intern","company":"DataVisor","city":"Mountain View","state":"CA","country":"US","formattedLocation":"Mountain View, CA","source":"DataVisor","date":"Mon, 13 Mar 2017 20:18:20 GMT","snippet":"Must be able to code proficiently in <b>Java</b>. By the end of the internship you will know how to write commercial quality software in <b>Java</b>, as well as gain a...","url":"http://www.indeed.com/viewjob?jk=663e70c100b65e8c&qd=usoBPHMd3vYN69bRu-PQwcxBheEzuNOj46oJk2PU6yOs9RmphsZwXkpEhIV6Udnw30-4cI82QyB8ovHPH96abam1Aj3izkOw87NHJgxznYA&indpubnum=3338919744720141&atk=1bb5147s418hr3er","onmousedown":"indeed_clk(this,'9763');","jobkey":"663e70c100b65e8c","sponsored":false,"expired":false,"indeedApply":true,"formattedLocationFull":"Mountain View, CA","formattedRelativeTime":"3 hours ago","stations":""},{"jobtitle":"Junior JavaScript Developer","company":"PSI Pax","city":"Annapolis Junction","state":"MD","country":"US","formattedLocation":"Annapolis Junction, MD","source":"PSI Pax","date":"Mon, 13 Mar 2017 06:57:07 GMT","snippet":"Experience with WebS ervices and/or <b>Java</b> is desired. The Junior JavaScript Developer will d evelop application software on the ServiceNow platform primarily...","url":"http://www.indeed.com/viewjob?jk=67f28b3edf06c24b&qd=usoBPHMd3vYN69bRu-PQwcxBheEzuNOj46oJk2PU6yOs9RmphsZwXkpEhIV6Udnw30-4cI82QyB8ovHPH96abam1Aj3izkOw87NHJgxznYA&indpubnum=3338919744720141&atk=1bb5147s418hr3er","onmousedown":"indeed_clk(this,'9763');","jobkey":"67f28b3edf06c24b","sponsored":false,"expired":false,"indeedApply":false,"formattedLocationFull":"Annapolis Junction, MD","formattedRelativeTime":"16 hours ago","stations":""},{"jobtitle":"Associate Solution Engineer","company":"Appian Corporation","city":"Reston","state":"VA","country":"US","formattedLocation":"Reston, VA","source":"Appian Corporation","date":"Sun, 12 Mar 2017 06:53:17 GMT","snippet":"<b>Java</b> application server platforms (e.g. Appian delivers an enterprise platform for Business Process Management (BPM) and Case Management solutions....","url":"http://www.indeed.com/viewjob?jk=0c8313e2523d5ee0&qd=usoBPHMd3vYN69bRu-PQwcxBheEzuNOj46oJk2PU6yOs9RmphsZwXkpEhIV6Udnw30-4cI82QyB8ovHPH96abam1Aj3izkOw87NHJgxznYA&indpubnum=3338919744720141&atk=1bb5147s418hr3er","onmousedown":"indeed_clk(this,'9763');","jobkey":"0c8313e2523d5ee0","sponsored":false,"expired":false,"indeedApply":true,"formattedLocationFull":"Reston, VA","formattedRelativeTime":"1 day ago","stations":""},{"jobtitle":"Software Engineer in Test","company":"LiveIntent","city":"New York","state":"NY","country":"US","formattedLocation":"New York, NY","source":"LiveIntent","date":"Sun, 12 Mar 2017 06:52:35 GMT","snippet":"Our technology stack runs on a Linux foundation and includes <b>Java</b>, Scala, Play, Node, and Cassandra. About the Job:....","url":"http://www.indeed.com/viewjob?jk=45c1acc2cfdc79f7&qd=usoBPHMd3vYN69bRu-PQwcxBheEzuNOj46oJk2PU6yOs9RmphsZwXkpEhIV6Udnw30-4cI82QyB8ovHPH96abam1Aj3izkOw87NHJgxznYA&indpubnum=3338919744720141&atk=1bb5147s418hr3er","onmousedown":"indeed_clk(this,'9763');","jobkey":"45c1acc2cfdc79f7","sponsored":false,"expired":false,"indeedApply":true,"formattedLocationFull":"New York, NY","formattedRelativeTime":"1 day ago","stations":""},{"jobtitle":"Software Engineer","company":"LiveIntent","city":"New York","state":"NY","country":"US","formattedLocation":"New York, NY","source":"LiveIntent","date":"Sun, 12 Mar 2017 06:52:35 GMT","snippet":"Our tech stack runs on a linux foundation and includes Scala, <b>Java</b>, PHP, AngularJS, Node.js, Mongo, and MySQL....","url":"http://www.indeed.com/viewjob?jk=5dbfb555a9207b5e&qd=usoBPHMd3vYN69bRu-PQwcxBheEzuNOj46oJk2PU6yOs9RmphsZwXkpEhIV6Udnw30-4cI82QyB8ovHPH96abam1Aj3izkOw87NHJgxznYA&indpubnum=3338919744720141&atk=1bb5147s418hr3er","onmousedown":"indeed_clk(this,'9763');","jobkey":"5dbfb555a9207b5e","sponsored":false,"expired":false,"indeedApply":true,"formattedLocationFull":"New York, NY","formattedRelativeTime":"1 day ago","stations":""},{"jobtitle":"JavaScript FrontEnd Developer","company":"Microsoft","city":"Bellevue","state":"WA","country":"US","formattedLocation":"Bellevue, WA","source":"Microsoft","date":"Sun, 12 Mar 2017 20:02:00 GMT","snippet":"Proficiency with C#, <b>Java</b> or an equivalent OO language. What if your job description were simply “Make tomorrow better?” That’s the essence of roles within our...","url":"http://www.indeed.com/viewjob?jk=10da714d992a8fd8&qd=usoBPHMd3vYN69bRu-PQwcxBheEzuNOj46oJk2PU6yOs9RmphsZwXkpEhIV6Udnw30-4cI82QyB8ovHPH96abam1Aj3izkOw87NHJgxznYA&indpubnum=3338919744720141&atk=1bb5147s418hr3er","onmousedown":"indeed_clk(this,'9763');","jobkey":"10da714d992a8fd8","sponsored":false,"expired":false,"indeedApply":false,"formattedLocationFull":"Bellevue, WA","formattedRelativeTime":"1 day ago","stations":""},{"jobtitle":"Software Engineer, Server Development","company":"Turn","city":"Redwood City","state":"CA","country":"US","formattedLocation":"Redwood City, CA","source":"Turn","date":"Sun, 12 Mar 2017 08:14:01 GMT","snippet":"3-5+ years programming <b>Java</b> or similar object-oriented language (Senior Engineers). 0-3 years programming <b>Java</b> or similar object-oriented language (Entry to Mid...","url":"http://www.indeed.com/viewjob?jk=a58e6747b73f75e2&qd=usoBPHMd3vYN69bRu-PQwcxBheEzuNOj46oJk2PU6yOs9RmphsZwXkpEhIV6Udnw30-4cI82QyB8ovHPH96abam1Aj3izkOw87NHJgxznYA&indpubnum=3338919744720141&atk=1bb5147s418hr3er","onmousedown":"indeed_clk(this,'9763');","jobkey":"a58e6747b73f75e2","sponsored":false,"expired":false,"indeedApply":true,"formattedLocationFull":"Redwood City, CA 94063","formattedRelativeTime":"1 day ago","stations":""},{"jobtitle":"Software Consultant","company":"DevMynd","city":"Chicago","state":"IL","country":"US","formattedLocation":"Chicago, IL","source":"DevMynd","date":"Sun, 12 Mar 2017 08:33:06 GMT","snippet":"We occasionally have projects in the Python, <b>Java</b>, .NET, and Node ecosystems. Being a consultant at DevMynd is all about collaborating with clients to help them...","url":"http://www.indeed.com/viewjob?jk=81a9add1432915f3&qd=usoBPHMd3vYN69bRu-PQwcxBheEzuNOj46oJk2PU6yOs9RmphsZwXkpEhIV6Udnw30-4cI82QyB8ovHPH96abam1Aj3izkOw87NHJgxznYA&indpubnum=3338919744720141&atk=1bb5147s418hr3er","onmousedown":"indeed_clk(this,'9763');","jobkey":"81a9add1432915f3","sponsored":false,"expired":false,"indeedApply":true,"formattedLocationFull":"Chicago, IL","formattedRelativeTime":"1 day ago","stations":""},{"jobtitle":"Senior Programmer Analyst","company":"North Slope Borough, AK","city":"Barrow","state":"AK","country":"US","formattedLocation":"Barrow, AK","source":"North Slope Borough, AK","date":"Sun, 12 Mar 2017 07:18:01 GMT","snippet":"Troubleshoot software problems and work to prevent them from re-occurring through additional user training or maintenance programming when applicable....","url":"http://www.indeed.com/viewjob?jk=dd754daa64c54ab1&qd=usoBPHMd3vYN69bRu-PQwcxBheEzuNOj46oJk2PU6yOs9RmphsZwXkpEhIV6Udnw30-4cI82QyB8ovHPH96abam1Aj3izkOw87NHJgxznYA&indpubnum=3338919744720141&atk=1bb5147s418hr3er","onmousedown":"indeed_clk(this,'9763');","jobkey":"dd754daa64c54ab1","sponsored":false,"expired":false,"indeedApply":false,"formattedLocationFull":"Barrow, AK","formattedRelativeTime":"1 day ago","stations":""},{"jobtitle":"Senior Java Developer (6 Month Contract)","company":"Jobspring Partners","city":"Irvine","state":"CA","country":"US","formattedLocation":"Irvine, CA","source":"Jobspring Partners","date":"Mon, 13 Mar 2017 20:23:46 GMT","snippet":"As a <b>Java</b> Developer, you will be responsible for creation of applications using enterprise level services to create API’s that integrate with and ecommerce...","url":"http://www.indeed.com/viewjob?jk=500ab86c6ac8755d&qd=usoBPHMd3vYN69bRu-PQwcxBheEzuNOj46oJk2PU6yOs9RmphsZwXkpEhIV6Udnw30-4cI82QyB8ovHPH96abam1Aj3izkOw87NHJgxznYA&indpubnum=3338919744720141&atk=1bb5147s418hr3er","onmousedown":"indeed_clk(this,'9763');","jobkey":"500ab86c6ac8755d","sponsored":false,"expired":false,"indeedApply":true,"formattedLocationFull":"Irvine, CA 92614","formattedRelativeTime":"3 hours ago","stations":""},{"jobtitle":"Java Applications Developer - Large Application","company":"JPMorgan Chase","city":"Dallas","state":"TX","country":"US","formattedLocation":"Dallas, TX","source":"JPMorgan Chase","date":"Mon, 13 Mar 2017 22:34:22 GMT","snippet":"<b>Java</b> XML Parsing,Coding. EJB (Enterprise <b>Java</b> Beans). <b>Java</b> Applications Developer - Large Application. J.P....","url":"http://www.indeed.com/viewjob?jk=f7c90c29c7867757&qd=usoBPHMd3vYN69bRu-PQwcxBheEzuNOj46oJk2PU6yOs9RmphsZwXkpEhIV6Udnw30-4cI82QyB8ovHPH96abam1Aj3izkOw87NHJgxznYA&indpubnum=3338919744720141&atk=1bb5147s418hr3er","onmousedown":"indeed_clk(this,'9763');","jobkey":"f7c90c29c7867757","sponsored":false,"expired":false,"indeedApply":false,"formattedLocationFull":"Dallas, TX","formattedRelativeTime":"1 hour ago","stations":""},{"jobtitle":"Sr. Java Developer","company":"National Rural Utilities Cooperative Finance Corporation","city":"Dulles","state":"VA","country":"US","formattedLocation":"Dulles, VA","source":"National Rural Utilities Cooperative Finance Corporation","date":"Mon, 13 Mar 2017 22:33:10 GMT","snippet":"<b>Java</b> Developer, you will:. Design, develop, and test software solutions utilizing <b>Java</b> technologies. Sr....","url":"http://www.indeed.com/viewjob?jk=2b0991afc0ce6387&qd=usoBPHMd3vYN69bRu-PQwcxBheEzuNOj46oJk2PU6yOs9RmphsZwXkpEhIV6Udnw30-4cI82QyB8ovHPH96abam1Aj3izkOw87NHJgxznYA&indpubnum=3338919744720141&atk=1bb5147s418hr3er","onmousedown":"indeed_clk(this,'9763');","jobkey":"2b0991afc0ce6387","sponsored":false,"expired":false,"indeedApply":false,"formattedLocationFull":"Dulles, VA","formattedRelativeTime":"1 hour ago","stations":""}]}