{"version":2,"query":"java","location":"","paginationPayload":"","dupefilter":true,"highlight":true,"totalResults":1192,"start":701,"end":725,"pageNumber":28,"results":[{"jobtitle":"Staff Software Engineer, Big Data","company":"Intuit","city":"Mountain View","state":"CA","country":"US","formattedLocation":"Mountain View, CA","source":"Intuit","date":"Mon, 13 Mar 2017 10:16:39 GMT","snippet":"<b>Java</b>, C++, Scala, etc. We are driven to improve our customers’ financial lives so profoundly… they can’t imagine going back to the old way....","url":"http://www.indeed.com/viewjob?jk=dbad8904b99ad5da&qd=usoBPHMd3vYN69bRu-PQwcxBheEzuNOj46oJk2PU6yPPaaBuvSwk2ub69Dxr0mQTERp4f6wFZAqzeyPK_mKiS6m1Aj3izkOw87NHJgxznYA&indpubnum=3338919744720141&atk=1bb5148of1bqs7ni","onmousedown":"indeed_clk(this,'670');","jobkey":"dbad8904b99ad5da","sponsored":false,"expired":false,"indeedApply":false,"formattedLocationFull":"Mountain View, CA 94039","formattedRelativeTime":"13 hours ago","stations":""},{"jobtitle":"Digital Solutions Developer, Junior","company":"Booz Allen Hamilton","city":"Herndon","state":"VA","country":"US","formattedLocation":"Herndon, VA","source":"Booz Allen Hamilton","date":"Mon, 13 Mar 2017 22:26:12 GMT","snippet":"GoLang, <b>Java</b>, Spring, React.js, Node.js, or Angular.js. Booz Allen Hamilton has been at the forefront of strategy and technology for more than 100 years Today,...","url":"http://www.indeed.com/viewjob?jk=7524d1723b94370d&qd=usoBPHMd3vYN69bRu-PQwcxBheEzuNOj46oJk2PU6yPPaaBuvSwk2ub69Dxr0mQTERp4f6wFZAqzeyPK_mKiS6m1Aj3izkOw87NHJgxznYA&indpubnum=3338919744720141&atk=1bb5148of1bqs7ni","onmousedown":"indeed_clk(this,'670');","jobkey":"7524d1723b94370d","sponsored":false,"expired":false,"indeedApply":false,"formattedLocationFull":"Herndon, VA","formattedRelativeTime":"1 hour ago","stations":""},{"jobtitle":"Senior Software Engineer","company":"Jobspring Partners","city":"Chicago","state":"IL","country":"US","formattedLocation":"Chicago, IL","source":"Jobspring Partners","date":"Mon, 13 Mar 2017 16:16:12 GMT","snippet":"Someone who has experience setting up an integration server, building <b>Java</b> libraries, and has experience in a DevOps environment would be ideal....","url":"http://www.indeed.com/viewjob?jk=ce5981b2a563f000&qd=usoBPHMd3vYN69bRu-PQwcxBheEzuNOj46oJk2PU6yPPaaBuvSwk2ub69Dxr0mQTERp4f6wFZAqzeyPK_mKiS6m1Aj3izkOw87NHJgxznYA&indpubnum=3338919744720141&atk=1bb5148of1bqs7ni","onmousedown":"indeed_clk(this,'670');","jobkey":"ce5981b2a563f000","sponsored":false,"expired":false,"indeedApply":true,"formattedLocationFull":"Chicago, IL 60631","formattedRelativeTime":"7 hours ago","stations":""},{"jobtitle":"Automated QA Analyst ( HP ALM )","company":"Jack Henry and Associates, Inc.","city":"Birmingham","state":"AL","country":"US","formattedLocation":"Birmingham, AL","source":"Jack Henry and Associates, Inc.","date":"Mon, 13 Mar 2017 15:03:31 GMT","snippet":".Net / VB.Net/ VB6 / <b>Java</b> and HTML. The Commercial Lending Management System is an application developed and managed by the Lending Solutions Group (CLMS) and...","url":"http://www.indeed.com/viewjob?jk=2c3056634c05851a&qd=usoBPHMd3vYN69bRu-PQwcxBheEzuNOj46oJk2PU6yPPaaBuvSwk2ub69Dxr0mQTERp4f6wFZAqzeyPK_mKiS6m1Aj3izkOw87NHJgxznYA&indpubnum=3338919744720141&atk=1bb5148of1bqs7ni","onmousedown":"indeed_clk(this,'670');","jobkey":"2c3056634c05851a","sponsored":false,"expired":false,"indeedApply":false,"formattedLocationFull":"Birmingham, AL","formattedRelativeTime":"8 hours ago","stations":""},{"jobtitle":"Automated QA Analyst ( HP ALM )","company":"Jack Henry","city":"Birmingham","state":"AL","country":"US","formattedLocation":"Birmingham, AL","source":"Jack Henry","date":"Mon, 13 Mar 2017 14:36:03 GMT","snippet":".Net / VB.Net/ VB6 / <b>Java</b> and HTML. The Commercial Lending Management System is an application developed and managed by the Lending Solutions Group (CLMS) and...","url":"http://www.indeed.com/viewjob?jk=168a7dd123d61ee2&qd=usoBPHMd3vYN69bRu-PQwcxBheEzuNOj46oJk2PU6yPPaaBuvSwk2ub69Dxr0mQTERp4f6wFZAqzeyPK_mKiS6m1Aj3izkOw87NHJgxznYA&indpubnum=3338919744720141&atk=1bb5148of1bqs7ni","onmousedown":"indeed_clk(this,'670');","jobkey":"168a7dd123d61ee2","sponsored":false,"expired":false,"indeedApply":false,"formattedLocationFull":"Birmingham, AL 35203","formattedRelativeTime":"9 hours ago","stations":""},{"jobtitle":"Automated QA Analyst ( HP ALM )","company":"Jack Henry","city":"Hoover","state":"AL","country":"US","formattedLocation":"Hoover, AL","source":"Jack Henry","date":"Mon, 13 Mar 2017 14:35:59 GMT","snippet":".Net / VB.Net/ VB6 / <b>Java</b> and HTML. The Commercial Lending Management System is an application developed and managed by the Lending Solutions Group (CLMS) and...","url":"http://www.indeed.com/viewjob?jk=7c7897ed8df6cd08&qd=usoBPHMd3vYN69bRu-PQwcxBheEzuNOj46oJk2PU6yPPaaBuvSwk2ub69Dxr0mQTERp4f6wFZAqzeyPK_mKiS6m1Aj3izkOw87NHJgxznYA&indpubnum=3338919744720141&atk=1bb5148of1bqs7ni","onmousedown":"indeed_clk(this,'670');","jobkey":"7c7897ed8df6cd08","sponsored":false,"expired":false,"indeedApply":false,"formattedLocationFull":"Hoover, AL","formattedRelativeTime":"9 hours ago","stations":""},{"jobtitle":"IT - Quality Consultant - Highly Specilized","company":"InSys Consulting Services","city":"Eden Prairie","state":"MN","country":"US","formattedLocation":"Eden Prairie, MN","source":"InSys Consulting Services","date":"Mon, 13 Mar 2017 22:44:13 GMT","snippet":"Strong programming experience with <b>Java</b> and passion for testing. Minimum of 3 years' experience in Test Automation including planning, assessments, script...","url":"http://www.indeed.com/viewjob?jk=ebe8ca2dfd56d3dd&qd=usoBPHMd3vYN69bRu-PQwcxBheEzuNOj46oJk2PU6yPPaaBuvSwk2ub69Dxr0mQTERp4f6wFZAqzeyPK_mKiS6m1Aj3izkOw87NHJgxznYA&indpubnum=3338919744720141&atk=1bb5148of1bqs7ni","onmousedown":"indeed_clk(this,'670');","jobkey":"ebe8ca2dfd56d3dd","sponsored":false,"expired":false,"indeedApply":false,"formattedLocationFull":"Eden Prairie, MN","formattedRelativeTime":"1 hour ago","stations":""},{"jobtitle":"Software Engineer/Test Eng","company":"netPolarity","city":"Mountain View","state":"CA","country":"US","formattedLocation":"Mountain View, CA","source":"netPolarity","date":"Mon, 13 Mar 2017 22:11:13 GMT","snippet":"Knowledge of <b>Java</b>, Eclipse IDE and similar tools. Own and deliver design, development and maintenance of automated tests....","url":"http://www.indeed.com/viewjob?jk=a6bc257f9427d019&qd=usoBPHMd3vYN69bRu-PQwcxBheEzuNOj46oJk2PU6yPPaaBuvSwk2ub69Dxr0mQTERp4f6wFZAqzeyPK_mKiS6m1Aj3izkOw87NHJgxznYA&indpubnum=3338919744720141&atk=1bb5148of1bqs7ni","onmousedown":"indeed_clk(this,'670');","jobkey":"a6bc257f9427d019","sponsored":false,"expired":false,"indeedApply":false,"formattedLocationFull":"Mountain View, CA","formattedRelativeTime":"1 hour ago","stations":""},{"jobtitle":"Mobile Software Engineer II","company":"Horizontal Integration","city":"Redwoods","state":"CA","country":"US","formattedLocation":"Redwoods, CA","source":"Horizontal Integration","date":"Mon, 13 Mar 2017 20:46:56 GMT","snippet":"4+ years of professional C++, C#, <b>Java</b>, and/or Objective­ C software development ? Mobile Software Engineer II....","url":"http://www.indeed.com/viewjob?jk=f9453b54e92f6ee8&qd=usoBPHMd3vYN69bRu-PQwcxBheEzuNOj46oJk2PU6yPPaaBuvSwk2ub69Dxr0mQTERp4f6wFZAqzeyPK_mKiS6m1Aj3izkOw87NHJgxznYA&indpubnum=3338919744720141&atk=1bb5148of1bqs7ni","onmousedown":"indeed_clk(this,'670');","jobkey":"f9453b54e92f6ee8","sponsored":false,"expired":false,"indeedApply":false,"formattedLocationFull":"Redwoods, CA","formattedRelativeTime":"3 hours ago","stations":""},{"jobtitle":"Capital Markets Production Support Manager","company":"U.S. Bank","city":"Chicago","state":"IL","country":"US","formattedLocation":"Chicago, IL","source":"U.S. Bank","date":"Mon, 13 Mar 2017 21:26:11 GMT","snippet":"Knowledge of <b>Java</b>. O Contributes to the assessment of software maintenance needs, works with vendor and supply chain management to make sure software...","url":"http://www.indeed.com/viewjob?jk=1ef58fa1555c53a1&qd=usoBPHMd3vYN69bRu-PQwcxBheEzuNOj46oJk2PU6yPPaaBuvSwk2ub69Dxr0mQTERp4f6wFZAqzeyPK_mKiS6m1Aj3izkOw87NHJgxznYA&indpubnum=3338919744720141&atk=1bb5148of1bqs7ni","onmousedown":"indeed_clk(this,'670');","jobkey":"1ef58fa1555c53a1","sponsored":false,"expired":false,"indeedApply":false,"formattedLocationFull":"Chicago, IL","formattedRelativeTime":"2 hours ago","stations":""},{"jobtitle":"System Engineer-VMware","company":"TEKSystems","city":"Cincinnati","state":"OH","country":"US","formattedLocation":"Cincinnati, OH","source":"TEKSystems","date":"Mon, 13 Mar 2017 17:04:11 GMT","snippet":"Applications - <b>Java</b>, Tomcat, .NET, Oracle Weblogic. High Availability / Enterprise VMware configurations. Top Three Skills:....","url":"http://www.indeed.com/viewjob?jk=dbdaded03f30251b&qd=usoBPHMd3vYN69bRu-PQwcxBheEzuNOj46oJk2PU6yPPaaBuvSwk2ub69Dxr0mQTERp4f6wFZAqzeyPK_mKiS6m1Aj3izkOw87NHJgxznYA&indpubnum=3338919744720141&atk=1bb5148of1bqs7ni","onmousedown":"indeed_clk(this,'670');","jobkey":"dbdaded03f30251b","sponsored":false,"expired":false,"indeedApply":false,"formattedLocationFull":"Cincinnati, OH","formattedRelativeTime":"6 hours ago","stations":""},{"jobtitle":"Hadoop Engineer ( W2 Only )","company":"TEKSystems","city":"Jersey City","state":"NJ","country":"US","formattedLocation":"Jersey City, NJ","source":"TEKSystems","date":"Mon, 13 Mar 2017 17:04:09 GMT","snippet":"Hadoop Engineer Needed ( W2 Only ) Our Fortune 100 client is in need of a Hadoop engineer. This person will be working on application onboarding and multi","url":"http://www.indeed.com/viewjob?jk=138d4527898631df&qd=usoBPHMd3vYN69bRu-PQwcxBheEzuNOj46oJk2PU6yPPaaBuvSwk2ub69Dxr0mQTERp4f6wFZAqzeyPK_mKiS6m1Aj3izkOw87NHJgxznYA&indpubnum=3338919744720141&atk=1bb5148of1bqs7ni","onmousedown":"indeed_clk(this,'670');","jobkey":"138d4527898631df","sponsored":false,"expired":false,"indeedApply":false,"formattedLocationFull":"Jersey City, NJ","formattedRelativeTime":"6 hours ago","stations":""},{"jobtitle":"GTMS Sr. Applications Engineer- Nike Technology","company":"NIKE INC","city":"Beaverton","state":"OR","country":"US","formattedLocation":"Beaverton, OR","source":"Nike","date":"Sun, 12 Mar 2017 13:07:05 GMT","snippet":"However, we are looking for a candidate who also has strong experience building <b>Java</b> applications and can move seamlessly between UI and Backend work....","url":"http://www.indeed.com/viewjob?jk=90dfcf96d63e1ea4&qd=usoBPHMd3vYN69bRu-PQwcxBheEzuNOj46oJk2PU6yPPaaBuvSwk2ub69Dxr0mQTERp4f6wFZAqzeyPK_mKiS6m1Aj3izkOw87NHJgxznYA&indpubnum=3338919744720141&atk=1bb5148of1bqs7ni","onmousedown":"indeed_clk(this,'670');","jobkey":"90dfcf96d63e1ea4","sponsored":false,"expired":false,"indeedApply":false,"formattedLocationFull":"Beaverton, OR","formattedRelativeTime":"1 day ago","stations":""},{"jobtitle":"Software Engineer Intern (Master's)","company":"Symantec","city":"Culver City","state":"CA","country":"US","formattedLocation":"Culver City, CA","source":"Symantec","date":"Sun, 12 Mar 2017 09:37:36 GMT","snippet":"Work on tasks involving <b>Java</b> programming language. Loves to code in <b>Java</b> and experiment with new open source technologies. Symantec Corporation (NASDAQ:....","url":"http://www.indeed.com/viewjob?jk=b15b14ab5bdef3f9&qd=usoBPHMd3vYN69bRu-PQwcxBheEzuNOj46oJk2PU6yPPaaBuvSwk2ub69Dxr0mQTERp4f6wFZAqzeyPK_mKiS6m1Aj3izkOw87NHJgxznYA&indpubnum=3338919744720141&atk=1bb5148of1bqs7ni","onmousedown":"indeed_clk(this,'670');","jobkey":"b15b14ab5bdef3f9","sponsored":false,"expired":false,"indeedApply":false,"formattedLocationFull":"Culver City, CA","formattedRelativeTime":"1 day ago","stations":""},{"jobtitle":"SENIOR FULL-STACK DEVELOPER","company":"The Select Group","city":"Wilmington","state":"NC","country":"US","formattedLocation":"Wilmington, NC","source":"The Select Group","date":"Mon, 13 Mar 2017 16:12:40 GMT","snippet":"8+ years' experience as Full-Stack Software Developer, specifically SQL and <b>Java</b> development on the backend. Code utilizing <b>Java</b>, SQL, and JavaScript in order...","url":"http://www.indeed.com/viewjob?jk=791b8eb631b869fe&qd=usoBPHMd3vYN69bRu-PQwcxBheEzuNOj46oJk2PU6yPPaaBuvSwk2ub69Dxr0mQTERp4f6wFZAqzeyPK_mKiS6m1Aj3izkOw87NHJgxznYA&indpubnum=3338919744720141&atk=1bb5148of1bqs7ni","onmousedown":"indeed_clk(this,'670');","jobkey":"791b8eb631b869fe","sponsored":false,"expired":false,"indeedApply":true,"formattedLocationFull":"Wilmington, NC","formattedRelativeTime":"7 hours ago","stations":""},{"jobtitle":"Manager, Data Quality and Data Science","company":"Philips","city":"Alpharetta","state":"GA","country":"US","formattedLocation":"Alpharetta, GA","source":"Philips","date":"Mon, 13 Mar 2017 21:45:09 GMT","snippet":"Expert level in <b>Java</b> coding (coding experience). To provide leadership to Software and Hardware Designers and Engineers, on technological competence, while...","url":"http://www.indeed.com/viewjob?jk=086a165830edab2b&qd=usoBPHMd3vYN69bRu-PQwcxBheEzuNOj46oJk2PU6yPPaaBuvSwk2ub69Dxr0mQTERp4f6wFZAqzeyPK_mKiS6m1Aj3izkOw87NHJgxznYA&indpubnum=3338919744720141&atk=1bb5148of1bqs7ni","onmousedown":"indeed_clk(this,'670');","jobkey":"086a165830edab2b","sponsored":false,"expired":false,"indeedApply":false,"formattedLocationFull":"Alpharetta, GA","formattedRelativeTime":"2 hours ago","stations":""},{"jobtitle":"Software Engineer","company":"Binesta","city":"Bloomington","state":"MN","country":"US","formattedLocation":"Bloomington, MN","source":"Binesta","date":"Mon, 13 Mar 2017 06:24:39 GMT","snippet":"Experience with <b>java</b> scripting libraries jquery, d3js. As a Software Engineer &amp; Analyst, you will not only play a part in creating products that impact lives,...","url":"http://www.indeed.com/viewjob?jk=8f4698c152d64c64&qd=usoBPHMd3vYN69bRu-PQwcxBheEzuNOj46oJk2PU6yPPaaBuvSwk2ub69Dxr0mQTERp4f6wFZAqzeyPK_mKiS6m1Aj3izkOw87NHJgxznYA&indpubnum=3338919744720141&atk=1bb5148of1bqs7ni","onmousedown":"indeed_clk(this,'670');","jobkey":"8f4698c152d64c64","sponsored":false,"expired":false,"indeedApply":false,"formattedLocationFull":"Bloomington, MN","formattedRelativeTime":"17 hours ago","stations":""},{"jobtitle":"Software Engineer","company":"Synerfac","city":"Linthicum Heights","state":"MD","country":"US","formattedLocation":"Linthicum Heights, MD","source":"Synerfac","date":"Mon, 13 Mar 2017 06:32:20 GMT","snippet":"Â€¢ 4+ yearsâ€™ experience using <b>Java</b> and Eclipse. Â€¢ Debug <b>Java</b> code using the Eclipse IDE to understand current implementations,....","url":"http://www.indeed.com/viewjob?jk=7231cbb7f678886e&qd=usoBPHMd3vYN69bRu-PQwcxBheEzuNOj46oJk2PU6yPPaaBuvSwk2ub69Dxr0mQTERp4f6wFZAqzeyPK_mKiS6m1Aj3izkOw87NHJgxznYA&indpubnum=3338919744720141&atk=1bb5148of1bqs7ni","onmousedown":"indeed_clk(this,'670');","jobkey":"7231cbb7f678886e","sponsored":false,"expired":false,"indeedApply":false,"formattedLocationFull":"Linthicum Heights, MD","formattedRelativeTime":"17 hours ago","stations":""},{"jobtitle":"Software Engineer (Hadoop)","company":"Preferred Systems Solutions, Inc.","city":"Annapolis Junction","state":"MD","country":"US","formattedLocation":"Annapolis Junction, MD","source":"Preferred Systems Solutions, Inc.","date":"Mon, 13 Mar 2017 05:49:54 GMT","snippet":"Knowledge and understanding of common <b>java</b> deployment and configuration for J VMs. Are you a talented SOFTWARE ENGINEER looking for the next step in your career...","url":"http://www.indeed.com/viewjob?jk=9e73ec2a2dc30e18&qd=usoBPHMd3vYN69bRu-PQwcxBheEzuNOj46oJk2PU6yPPaaBuvSwk2ub69Dxr0mQTERp4f6wFZAqzeyPK_mKiS6m1Aj3izkOw87NHJgxznYA&indpubnum=3338919744720141&atk=1bb5148of1bqs7ni","onmousedown":"indeed_clk(this,'670');","jobkey":"9e73ec2a2dc30e18","sponsored":false,"expired":false,"indeedApply":false,"formattedLocationFull":"Annapolis Junction, MD","formattedRelativeTime":"17 hours ago","stations":""},{"jobtitle":"Java Engineer","company":"Resource Technology Partners","city":"Waltham","state":"MA","country":"US","formattedLocation":"Waltham, MA","source":"ReSource Technology Partners","date":"Mon, 13 Mar 2017 05:34:08 GMT","snippet":"They have a need for a Mid to SR <b>Java</b> Engineer that likes to work in core <b>Java</b>. My client has built a very complex, read time data intensive platform....","url":"http://www.indeed.com/viewjob?jk=ce5d87fd9e8e9684&qd=usoBPHMd3vYN69bRu-PQwcxBheEzuNOj46oJk2PU6yPPaaBuvSwk2ub69Dxr0mQTERp4f6wFZAqzeyPK_mKiS6m1Aj3izkOw87NHJgxznYA&indpubnum=3338919744720141&atk=1bb5148of1bqs7ni","onmousedown":"indeed_clk(this,'670');","jobkey":"ce5d87fd9e8e9684","sponsored":false,"expired":false,"indeedApply":false,"formattedLocationFull":"Waltham, MA","formattedRelativeTime":"18 hours ago","stations":""},{"jobtitle":"Java Software Engineer","company":"Resource Technology Partners","city":"Boston","state":"MA","country":"US","formattedLocation":"Boston, MA","source":"ReSource Technology Partners","date":"Sun, 12 Mar 2017 23:32:17 GMT","snippet":"<b>Java</b> Software Engineer. Good knowledge of <b>Java</b>, J2EE, and relational databases required. Currently we are seeking mid- to senior-level <b>Java</b> Software Engineers...","url":"http://www.indeed.com/viewjob?jk=6c91b9b3334fc80e&qd=usoBPHMd3vYN69bRu-PQwcxBheEzuNOj46oJk2PU6yPPaaBuvSwk2ub69Dxr0mQTERp4f6wFZAqzeyPK_mKiS6m1Aj3izkOw87NHJgxznYA&indpubnum=3338919744720141&atk=1bb5148of1bqs7ni","onmousedown":"indeed_clk(this,'670');","jobkey":"6c91b9b3334fc80e","sponsored":false,"expired":false,"indeedApply":false,"formattedLocationFull":"Boston, MA","formattedRelativeTime":"1 day ago","stations":""},{"jobtitle":"Cloud Development And Operations Engineer Skill Level 1","company":"Minerva Engineering","city":"Hanover","state":"MD","country":"US","formattedLocation":"Hanover, MD","source":"Minerva Engineering","date":"Mon, 13 Mar 2017 20:21:38 GMT","snippet":"Within the last five (5) years, a minimum of two (2) years experience programming with <b>Java</b> and deploying applications developed with <b>Java</b> - Demonstrated...","url":"http://www.indeed.com/viewjob?jk=4be1c8b7fc17bcd6&qd=usoBPHMd3vYN69bRu-PQwcxBheEzuNOj46oJk2PU6yPPaaBuvSwk2ub69Dxr0mQTERp4f6wFZAqzeyPK_mKiS6m1Aj3izkOw87NHJgxznYA&indpubnum=3338919744720141&atk=1bb5148of1bqs7ni","onmousedown":"indeed_clk(this,'670');","jobkey":"4be1c8b7fc17bcd6","sponsored":false,"expired":false,"indeedApply":false,"formattedLocationFull":"Hanover, MD","formattedRelativeTime":"3 hours ago","stations":""},{"jobtitle":"Software Test Analyst II for FIS Community Core Solution","company":"FIS","city":"Orlando","state":"FL","country":"US","formattedLocation":"Orlando, FL","source":"FIS","date":"Mon, 13 Mar 2017 16:27:33 GMT","snippet":"4 yr + User Interface testing experience - 4 yr + <b>Java</b> Business Logic application testing experience. FIS is seeking a Software Test Analyst II to join our...","url":"http://www.indeed.com/viewjob?jk=d5012ad6ee2f4623&qd=usoBPHMd3vYN69bRu-PQwcxBheEzuNOj46oJk2PU6yPPaaBuvSwk2ub69Dxr0mQTERp4f6wFZAqzeyPK_mKiS6m1Aj3izkOw87NHJgxznYA&indpubnum=3338919744720141&atk=1bb5148of1bqs7ni","onmousedown":"indeed_clk(this,'670');","jobkey":"d5012ad6ee2f4623","sponsored":false,"expired":false,"indeedApply":false,"formattedLocationFull":"Orlando, FL 32810","formattedRelativeTime":"7 hours ago","stations":""},{"jobtitle":"System Analyst II - Epic Environment Analyst","company":"University of Maryland Medical System","city":"Linthicum Heights","state":"MD","country":"US","formattedLocation":"Linthicum Heights, MD","source":"University of Maryland Medical System","date":"Mon, 13 Mar 2017 04:26:40 GMT","snippet":"UMMS is seeking a System Analyst to assist with downtime maintenance, data courier maintenance, 3rd party loads, and support of Epic’s data environment ....","url":"http://www.indeed.com/viewjob?jk=8cf9009fe97b77a3&qd=usoBPHMd3vYN69bRu-PQwcxBheEzuNOj46oJk2PU6yPPaaBuvSwk2ub69Dxr0mQTERp4f6wFZAqzeyPK_mKiS6m1Aj3izkOw87NHJgxznYA&indpubnum=3338919744720141&atk=1bb5148of1bqs7ni","onmousedown":"indeed_clk(this,'670');","jobkey":"8cf9009fe97b77a3","sponsored":false,"expired":false,"indeedApply":false,"formattedLocationFull":"Linthicum Heights, MD 21090","formattedRelativeTime":"19 hours ago","stations":""},{"jobtitle":"Manager Pricing & Valuation","company":"New York Mercantile Exchange, Inc.","city":"New York","state":"NY","country":"US","formattedLocation":"New York, NY","source":"CME Group","date":"Mon, 13 Mar 2017 06:34:45 GMT","snippet":"Bloomberg, Reuters, Matlab, Calypso, C-Sharp, C++, <b>Java</b>, SQL. The Manager Pricing &amp; Valuation develops, enhances, and maintains pricing methodologies....","url":"http://www.indeed.com/viewjob?jk=7c0d7581f0252c05&qd=usoBPHMd3vYN69bRu-PQwcxBheEzuNOj46oJk2PU6yPPaaBuvSwk2ub69Dxr0mQTERp4f6wFZAqzeyPK_mKiS6m1Aj3izkOw87NHJgxznYA&indpubnum=3338919744720141&atk=1bb5148of1bqs7ni","onmousedown":"indeed_clk(this,'670');","jobkey":"7c0d7581f0252c05","sponsored":false,"expired":false,"indeedApply":false,"formattedLocationFull":"New York, NY","formattedRelativeTime":"17 hours ago","stations":""}]}