{"version":2,"query":"java","location":"","paginationPayload":"","dupefilter":true,"highlight":true,"totalResults":1177,"start":501,"end":525,"pageNumber":20,"results":[{"jobtitle":"Cassandra Admin","company":"Themesoft Inc","city":"Philadelphia","state":"PA","country":"US","formattedLocation":"Philadelphia, PA","source":"Indeed","date":"Mon, 13 Mar 2017 20:19:23 GMT","snippet":"Excellent skills on <b>Java</b> or C++. Hands on experience in database administration in particularly no sql Cassandra and strong CQL knowledge....","url":"http://www.indeed.com/viewjob?jk=2dfabb4c5dc97ba3&qd=usoBPHMd3vYN69bRu-PQwcxBheEzuNOj46oJk2PU6yOs9RmphsZwXkpEhIV6UdnwERp4f6wFZAqzeyPK_mKiS6m1Aj3izkOw87NHJgxznYA&indpubnum=3338919744720141&atk=1bb5148v0a38ieb9","onmousedown":"indeed_clk(this,'878');","jobkey":"2dfabb4c5dc97ba3","sponsored":false,"expired":false,"indeedApply":true,"formattedLocationFull":"Philadelphia, PA","formattedRelativeTime":"3 hours ago","stations":""},{"jobtitle":"Genesys Architect - REMOTE","company":"PTP","city":"Gold River","state":"CA","country":"US","formattedLocation":"Gold River, CA","source":"PTP","date":"Sun, 12 Mar 2017 08:11:32 GMT","snippet":"Genesys Enterprise Routing solutions. We are a growing company with a solid customer base, excellent compensation and benefits, and a collaborative yet flexible...","url":"http://www.indeed.com/viewjob?jk=2378007655e93e24&qd=usoBPHMd3vYN69bRu-PQwcxBheEzuNOj46oJk2PU6yOs9RmphsZwXkpEhIV6UdnwERp4f6wFZAqzeyPK_mKiS6m1Aj3izkOw87NHJgxznYA&indpubnum=3338919744720141&atk=1bb5148v0a38ieb9","onmousedown":"indeed_clk(this,'878');","jobkey":"2378007655e93e24","sponsored":false,"expired":false,"indeedApply":true,"formattedLocationFull":"Gold River, CA","formattedRelativeTime":"1 day ago","stations":""},{"jobtitle":"Genesys Engineer - REMOTE","company":"PTP","city":"Gold River","state":"CA","country":"US","formattedLocation":"Gold River, CA","source":"PTP","date":"Sun, 12 Mar 2017 08:11:22 GMT","snippet":"Genesys Enterprise Routing solutions. Daily Operations and Maintenance. We are a growing company with a solid customer base, excellent compensation and benefits...","url":"http://www.indeed.com/viewjob?jk=471d4efa29fc46c8&qd=usoBPHMd3vYN69bRu-PQwcxBheEzuNOj46oJk2PU6yOs9RmphsZwXkpEhIV6UdnwERp4f6wFZAqzeyPK_mKiS6m1Aj3izkOw87NHJgxznYA&indpubnum=3338919744720141&atk=1bb5148v0a38ieb9","onmousedown":"indeed_clk(this,'878');","jobkey":"471d4efa29fc46c8","sponsored":false,"expired":false,"indeedApply":true,"formattedLocationFull":"Gold River, CA","formattedRelativeTime":"1 day ago","stations":""},{"jobtitle":"IT Lab Manager","company":"Hennepin County","city":"","state":"MN","country":"US","formattedLocation":"Hennepin County, MN","source":"Hennepin County","date":"Mon, 13 Mar 2017 20:38:56 GMT","snippet":"Support IT Enterprise Architecture with technology proof-of-concept efforts; Hennepin County's Information Technology (IT) Department is seeking an IT Lab...","url":"http://www.indeed.com/viewjob?jk=8cbd0f919a0e7d34&qd=usoBPHMd3vYN69bRu-PQwcxBheEzuNOj46oJk2PU6yOs9RmphsZwXkpEhIV6UdnwERp4f6wFZAqzeyPK_mKiS6m1Aj3izkOw87NHJgxznYA&indpubnum=3338919744720141&atk=1bb5148v0a38ieb9","onmousedown":"indeed_clk(this,'878');","jobkey":"8cbd0f919a0e7d34","sponsored":false,"expired":false,"indeedApply":false,"formattedLocationFull":"Hennepin County, MN","formattedRelativeTime":"3 hours ago","stations":""},{"jobtitle":"Front End Developer","company":"Applicant Insight","city":"New Port Richey","state":"FL","country":"US","formattedLocation":"New Port Richey, FL","source":"Indeed","date":"Mon, 13 Mar 2017 22:20:29 GMT","snippet":"Experience with <b>Java</b>, Eclipse, and TomCat a major plus. The Front end Software Developer will be part of an agile development team, building and working on...","url":"http://www.indeed.com/viewjob?jk=bfff89559a53e2be&qd=usoBPHMd3vYN69bRu-PQwcxBheEzuNOj46oJk2PU6yOs9RmphsZwXkpEhIV6UdnwERp4f6wFZAqzeyPK_mKiS6m1Aj3izkOw87NHJgxznYA&indpubnum=3338919744720141&atk=1bb5148v0a38ieb9","onmousedown":"indeed_clk(this,'878');","jobkey":"bfff89559a53e2be","sponsored":false,"expired":false,"indeedApply":true,"formattedLocationFull":"New Port Richey, FL 34652","formattedRelativeTime":"1 hour ago","stations":""},{"jobtitle":"Scientist, Plant Biology","company":"Inari Agriculture","city":"Medford","state":"MA","country":"US","formattedLocation":"Medford, MA","source":"Indeed","date":"Mon, 13 Mar 2017 13:37:46 GMT","snippet":"C, C++, <b>Java</b>, Scala, Julia, Go, R, Python). Inari Agriculture (Inari) is a Flagship Pioneering Company....","url":"http://www.indeed.com/viewjob?jk=0e42e21ab82fda04&qd=usoBPHMd3vYN69bRu-PQwcxBheEzuNOj46oJk2PU6yOs9RmphsZwXkpEhIV6UdnwERp4f6wFZAqzeyPK_mKiS6m1Aj3izkOw87NHJgxznYA&indpubnum=3338919744720141&atk=1bb5148v0a38ieb9","onmousedown":"indeed_clk(this,'878');","jobkey":"0e42e21ab82fda04","sponsored":false,"expired":false,"indeedApply":true,"formattedLocationFull":"Medford, MA","formattedRelativeTime":"10 hours ago","stations":""},{"jobtitle":"Sr Software Engineer (Python)","company":"HERE","city":"Chicago","state":"IL","country":"US","formattedLocation":"Chicago, IL","source":"HERE","date":"Sun, 12 Mar 2017 08:00:22 GMT","snippet":"Some experience with <b>Java</b>, Scala, C, C# or C++. Within HAD, the Acquisition and Processing Engineering team builds services designed to efficiently expose our...","url":"http://www.indeed.com/viewjob?jk=090e74927e444470&qd=usoBPHMd3vYN69bRu-PQwcxBheEzuNOj46oJk2PU6yOs9RmphsZwXkpEhIV6UdnwERp4f6wFZAqzeyPK_mKiS6m1Aj3izkOw87NHJgxznYA&indpubnum=3338919744720141&atk=1bb5148v0a38ieb9","onmousedown":"indeed_clk(this,'878');","jobkey":"090e74927e444470","sponsored":false,"expired":false,"indeedApply":false,"formattedLocationFull":"Chicago, IL","formattedRelativeTime":"1 day ago","stations":""},{"jobtitle":"Ph.D Researcher Inrern for Knowledge Representation and Reasoning","company":"Samsung Research America","city":"Mountain View","state":"CA","country":"US","formattedLocation":"Mountain View, CA","source":"Samsung Research America","date":"Mon, 13 Mar 2017 22:18:03 GMT","snippet":"<b>Java</b>, Python, C/C++. Samsung Research America (SRA) is located in Mountain View, California is currently recruiting world-class R&amp;D engineers who share our ...","url":"http://www.indeed.com/viewjob?jk=7332adbd6b6188f8&qd=usoBPHMd3vYN69bRu-PQwcxBheEzuNOj46oJk2PU6yOs9RmphsZwXkpEhIV6UdnwERp4f6wFZAqzeyPK_mKiS6m1Aj3izkOw87NHJgxznYA&indpubnum=3338919744720141&atk=1bb5148v0a38ieb9","onmousedown":"indeed_clk(this,'878');","jobkey":"7332adbd6b6188f8","sponsored":false,"expired":false,"indeedApply":false,"formattedLocationFull":"Mountain View, CA 94043","formattedRelativeTime":"1 hour ago","stations":""},{"jobtitle":"NLP - Machine Learning Researcher","company":"Verint Systems Inc.","city":"","state":"IL","country":"US","formattedLocation":"Illinois","source":"Verint Systems Inc.","date":"Mon, 13 Mar 2017 21:01:15 GMT","snippet":"Programming knowledge and experience (Python, C#, <b>Java</b>). NLP - Machine Learning Researcher - CES - 4066....","url":"http://www.indeed.com/viewjob?jk=2859d4bcd7b1b351&qd=usoBPHMd3vYN69bRu-PQwcxBheEzuNOj46oJk2PU6yOs9RmphsZwXkpEhIV6UdnwERp4f6wFZAqzeyPK_mKiS6m1Aj3izkOw87NHJgxznYA&indpubnum=3338919744720141&atk=1bb5148v0a38ieb9","onmousedown":"indeed_clk(this,'878');","jobkey":"2859d4bcd7b1b351","sponsored":false,"expired":false,"indeedApply":false,"formattedLocationFull":"Illinois","formattedRelativeTime":"2 hours ago","stations":""},{"jobtitle":"QA automation engineer","company":"TEKSystems","city":"Louisville","state":"KY","country":"US","formattedLocation":"Louisville, KY","source":"TEKSystems","date":"Mon, 13 Mar 2017 17:04:31 GMT","snippet":"API, <b>Java</b>, XML, Git, SQL. This person will be using Selenium automated testing suite for web applications across, They can have a testing background in .NET if...","url":"http://www.indeed.com/viewjob?jk=16bc53ee5e58afd4&qd=usoBPHMd3vYN69bRu-PQwcxBheEzuNOj46oJk2PU6yOs9RmphsZwXkpEhIV6UdnwERp4f6wFZAqzeyPK_mKiS6m1Aj3izkOw87NHJgxznYA&indpubnum=3338919744720141&atk=1bb5148v0a38ieb9","onmousedown":"indeed_clk(this,'878');","jobkey":"16bc53ee5e58afd4","sponsored":false,"expired":false,"indeedApply":false,"formattedLocationFull":"Louisville, KY 40220","formattedRelativeTime":"6 hours ago","stations":""},{"jobtitle":"Senior Systems Developer - Mobile - C#, JAVA","company":"Homecare Homebase","city":"Louisville","state":"KY","country":"US","formattedLocation":"Louisville, KY","source":"Homecare Homebase","date":"Mon, 13 Mar 2017 18:20:10 GMT","snippet":"6-10 years’ development experience in <b>Java</b> and/or C#. The position will work within a team environment, helping to create and maintain the mobile applications...","url":"http://www.indeed.com/viewjob?jk=048cda6c3dd633c8&qd=usoBPHMd3vYN69bRu-PQwcxBheEzuNOj46oJk2PU6yOs9RmphsZwXkpEhIV6UdnwERp4f6wFZAqzeyPK_mKiS6m1Aj3izkOw87NHJgxznYA&indpubnum=3338919744720141&atk=1bb5148v0a38ieb9","onmousedown":"indeed_clk(this,'878');","jobkey":"048cda6c3dd633c8","sponsored":false,"expired":false,"indeedApply":false,"formattedLocationFull":"Louisville, KY","formattedRelativeTime":"5 hours ago","stations":""},{"jobtitle":"Java Architect 3","company":"Full Potential Solutions","city":"Kansas City","state":"MO","country":"US","formattedLocation":"Kansas City, MO","source":"Full Potential Solutions","date":"Mon, 13 Mar 2017 10:43:59 GMT","snippet":"Demonstrates technical expertise in <b>Java</b> Enterprise development, REST, JSon, and general <b>Java</b> Design and Architecture....","url":"http://www.indeed.com/viewjob?jk=1412bd198e1ca2e6&qd=usoBPHMd3vYN69bRu-PQwcxBheEzuNOj46oJk2PU6yOs9RmphsZwXkpEhIV6UdnwERp4f6wFZAqzeyPK_mKiS6m1Aj3izkOw87NHJgxznYA&indpubnum=3338919744720141&atk=1bb5148v0a38ieb9","onmousedown":"indeed_clk(this,'878');","jobkey":"1412bd198e1ca2e6","sponsored":false,"expired":false,"indeedApply":false,"formattedLocationFull":"Kansas City, MO 64116","formattedRelativeTime":"13 hours ago","stations":""},{"jobtitle":"Software Engineer","company":"Lockheed Martin","city":"Boulder","state":"CO","country":"US","formattedLocation":"Boulder, CO","source":"Lockheed Martin","date":"Mon, 13 Mar 2017 10:18:43 GMT","snippet":"<b>Java</b> or C/C++ programming experience. This is an exciting time to join our team, we are transforming how OPIR intelligence is delivered to our customers and...","url":"http://www.indeed.com/viewjob?jk=94d387e31321d92c&qd=usoBPHMd3vYN69bRu-PQwcxBheEzuNOj46oJk2PU6yOs9RmphsZwXkpEhIV6UdnwERp4f6wFZAqzeyPK_mKiS6m1Aj3izkOw87NHJgxznYA&indpubnum=3338919744720141&atk=1bb5148v0a38ieb9","onmousedown":"indeed_clk(this,'878');","jobkey":"94d387e31321d92c","sponsored":false,"expired":false,"indeedApply":false,"formattedLocationFull":"Boulder, CO 80301","formattedRelativeTime":"13 hours ago","stations":""},{"jobtitle":"Test Automation Engineer/SDET","company":"CGI","city":"Herndon","state":"VA","country":"US","formattedLocation":"Herndon, VA","source":"CGI","date":"Mon, 13 Mar 2017 18:13:08 GMT","snippet":"<b>Java</b> development experience is a plus. Were currently hiring a Test Automation Engineer to join our financial services team in Herndon, VA....","url":"http://www.indeed.com/viewjob?jk=0999a4d677ed7880&qd=usoBPHMd3vYN69bRu-PQwcxBheEzuNOj46oJk2PU6yOs9RmphsZwXkpEhIV6UdnwERp4f6wFZAqzeyPK_mKiS6m1Aj3izkOw87NHJgxznYA&indpubnum=3338919744720141&atk=1bb5148v0a38ieb9","onmousedown":"indeed_clk(this,'878');","jobkey":"0999a4d677ed7880","sponsored":false,"expired":false,"indeedApply":false,"formattedLocationFull":"Herndon, VA","formattedRelativeTime":"5 hours ago","stations":""},{"jobtitle":"Systems Engineer (Games)","company":"Deluxe Innovation Studios","city":"Santa Monica","state":"CA","country":"US","formattedLocation":"Santa Monica, CA","source":"Deluxe Innovation Studios","date":"Mon, 13 Mar 2017 11:00:13 GMT","snippet":"Programming experience with at least one of Python, Bash, C/C++, <b>Java</b> or similar. Hollywood, California-based Deluxe Entertainment Services Group, a wholly...","url":"http://www.indeed.com/viewjob?jk=597be83698921735&qd=usoBPHMd3vYN69bRu-PQwcxBheEzuNOj46oJk2PU6yOs9RmphsZwXkpEhIV6UdnwERp4f6wFZAqzeyPK_mKiS6m1Aj3izkOw87NHJgxznYA&indpubnum=3338919744720141&atk=1bb5148v0a38ieb9","onmousedown":"indeed_clk(this,'878');","jobkey":"597be83698921735","sponsored":false,"expired":false,"indeedApply":true,"formattedLocationFull":"Santa Monica, CA","formattedRelativeTime":"12 hours ago","stations":""},{"jobtitle":"Java, BigData, Regulator Reporting System","company":"Choice Associates","city":"Jersey City","state":"NJ","country":"US","formattedLocation":"Jersey City, NJ","source":"Choice Associates","date":"Mon, 13 Mar 2017 10:59:16 GMT","snippet":"Write <b>Java</b> programs that solve business needs. String Core <b>Java</b>, Spring, SQL, MarkLogic or MongoDB. Senior Software Engineer, <b>Java</b> and BigData, Regulatory...","url":"http://www.indeed.com/viewjob?jk=64198653c439ad2a&qd=usoBPHMd3vYN69bRu-PQwcxBheEzuNOj46oJk2PU6yOs9RmphsZwXkpEhIV6UdnwERp4f6wFZAqzeyPK_mKiS6m1Aj3izkOw87NHJgxznYA&indpubnum=3338919744720141&atk=1bb5148v0a38ieb9","onmousedown":"indeed_clk(this,'878');","jobkey":"64198653c439ad2a","sponsored":false,"expired":false,"indeedApply":true,"formattedLocationFull":"Jersey City, NJ","formattedRelativeTime":"12 hours ago","stations":""},{"jobtitle":"Software Engineer, CTO","company":"TOPOLIO","city":"Ontario","state":"CA","country":"US","formattedLocation":"Ontario, CA","source":"TOPOLIO","date":"Mon, 13 Mar 2017 10:57:13 GMT","snippet":"Expert in Ruby on Rails and/or <b>Java</b>. Experience in designing and implementing enterprise grade software. We are looking for a talented full stack software...","url":"http://www.indeed.com/viewjob?jk=b25bab90fecd514e&qd=usoBPHMd3vYN69bRu-PQwcxBheEzuNOj46oJk2PU6yOs9RmphsZwXkpEhIV6UdnwERp4f6wFZAqzeyPK_mKiS6m1Aj3izkOw87NHJgxznYA&indpubnum=3338919744720141&atk=1bb5148v0a38ieb9","onmousedown":"indeed_clk(this,'878');","jobkey":"b25bab90fecd514e","sponsored":false,"expired":false,"indeedApply":true,"formattedLocationFull":"Ontario, CA","formattedRelativeTime":"12 hours ago","stations":""},{"jobtitle":"Android Software Engineer - Streaming Video SDK","company":"HiringCatalyst","city":"New York","state":"NY","country":"US","formattedLocation":"New York, NY","source":"HiringCatalyst","date":"Mon, 13 Mar 2017 10:56:23 GMT","snippet":"<b>Java</b>, Python, JavaScript, HTML, Git, Jenkins, C++. In a time where people are canceling their cable TV subscriptions in favor of online streaming media, there's...","url":"http://www.indeed.com/viewjob?jk=0ae2440e61eec846&qd=usoBPHMd3vYN69bRu-PQwcxBheEzuNOj46oJk2PU6yOs9RmphsZwXkpEhIV6UdnwERp4f6wFZAqzeyPK_mKiS6m1Aj3izkOw87NHJgxznYA&indpubnum=3338919744720141&atk=1bb5148v0a38ieb9","onmousedown":"indeed_clk(this,'878');","jobkey":"0ae2440e61eec846","sponsored":false,"expired":false,"indeedApply":true,"formattedLocationFull":"New York, NY","formattedRelativeTime":"12 hours ago","stations":""},{"jobtitle":"Mobile Engineer","company":"Binocular","city":"Austin","state":"TX","country":"US","formattedLocation":"Austin, TX","source":"Binocular","date":"Mon, 13 Mar 2017 10:55:16 GMT","snippet":"C++ , Swift, Objective C, OpenGL, <b>Java</b>. Familiarity with Android SDK, <b>Java</b> and Android IDEs including Android Studio or Eclipse....","url":"http://www.indeed.com/viewjob?jk=353ac5f2d856d008&qd=usoBPHMd3vYN69bRu-PQwcxBheEzuNOj46oJk2PU6yOs9RmphsZwXkpEhIV6UdnwERp4f6wFZAqzeyPK_mKiS6m1Aj3izkOw87NHJgxznYA&indpubnum=3338919744720141&atk=1bb5148v0a38ieb9","onmousedown":"indeed_clk(this,'878');","jobkey":"353ac5f2d856d008","sponsored":false,"expired":false,"indeedApply":true,"formattedLocationFull":"Austin, TX 78728","formattedRelativeTime":"12 hours ago","stations":""},{"jobtitle":"Back End Engineer","company":"LitBit, Co.","city":"San Jose","state":"CA","country":"US","formattedLocation":"San Jose, CA","source":"LitBit, Co.","date":"Mon, 13 Mar 2017 10:54:58 GMT","snippet":"Backend = Python, Scala / Akka, <b>Java</b>, C; You should have a passion for big data aggregation, analytics and mining, AI / machine learning, human+machine social...","url":"http://www.indeed.com/viewjob?jk=5cc64563125946d7&qd=usoBPHMd3vYN69bRu-PQwcxBheEzuNOj46oJk2PU6yOs9RmphsZwXkpEhIV6UdnwERp4f6wFZAqzeyPK_mKiS6m1Aj3izkOw87NHJgxznYA&indpubnum=3338919744720141&atk=1bb5148v0a38ieb9","onmousedown":"indeed_clk(this,'878');","jobkey":"5cc64563125946d7","sponsored":false,"expired":false,"indeedApply":true,"formattedLocationFull":"San Jose, CA","formattedRelativeTime":"12 hours ago","stations":""},{"jobtitle":"Senior Software Engineer, Innovation Studio","company":"UDig","city":"Richmond","state":"VA","country":"US","formattedLocation":"Richmond, VA","source":"UDig","date":"Mon, 13 Mar 2017 20:08:26 GMT","snippet":"<b>Java</b> Developer position include:. 5-7+ years of experience in Solution, Design and Development of applications using <b>Java</b>....","url":"http://www.indeed.com/viewjob?jk=e69e514c65bac1ec&qd=usoBPHMd3vYN69bRu-PQwcxBheEzuNOj46oJk2PU6yOs9RmphsZwXkpEhIV6UdnwERp4f6wFZAqzeyPK_mKiS6m1Aj3izkOw87NHJgxznYA&indpubnum=3338919744720141&atk=1bb5148v0a38ieb9","onmousedown":"indeed_clk(this,'878');","jobkey":"e69e514c65bac1ec","sponsored":false,"expired":false,"indeedApply":false,"formattedLocationFull":"Richmond, VA 23230","formattedRelativeTime":"3 hours ago","stations":""},{"jobtitle":"C# Engineer - Hedge Fund/ Trading Systems","company":"Triangle Workforce","city":"New York","state":"NY","country":"US","formattedLocation":"New York, NY","source":"Indeed","date":"Mon, 13 Mar 2017 12:25:40 GMT","snippet":"Experience with .NET framework (or <b>Java</b>) and involved technologies. Looking for a highly motivated software engineer to play a key role developing and...","url":"http://www.indeed.com/viewjob?jk=c6df108471707ea5&qd=usoBPHMd3vYN69bRu-PQwcxBheEzuNOj46oJk2PU6yOs9RmphsZwXkpEhIV6UdnwERp4f6wFZAqzeyPK_mKiS6m1Aj3izkOw87NHJgxznYA&indpubnum=3338919744720141&atk=1bb5148v0a38ieb9","onmousedown":"indeed_clk(this,'878');","jobkey":"c6df108471707ea5","sponsored":false,"expired":false,"indeedApply":true,"formattedLocationFull":"New York, NY","formattedRelativeTime":"11 hours ago","stations":""},{"jobtitle":"Senior Java Developer","company":"Ferguson Enterprises, Inc.","city":"Newport News","state":"VA","country":"US","formattedLocation":"Newport News, VA","source":"Ferguson Enterprises, Inc.","date":"Mon, 13 Mar 2017 18:34:13 GMT","snippet":"In Computer Science or related field and 6 years of experience in job offered or related position in <b>Java</b> development....","url":"http://www.indeed.com/viewjob?jk=fa876bdc65881094&qd=usoBPHMd3vYN69bRu-PQwcxBheEzuNOj46oJk2PU6yOs9RmphsZwXkpEhIV6UdnwERp4f6wFZAqzeyPK_mKiS6m1Aj3izkOw87NHJgxznYA&indpubnum=3338919744720141&atk=1bb5148v0a38ieb9","onmousedown":"indeed_clk(this,'878');","jobkey":"fa876bdc65881094","sponsored":false,"expired":false,"indeedApply":false,"formattedLocationFull":"Newport News, VA","formattedRelativeTime":"5 hours ago","stations":""},{"jobtitle":"Cobol Developer- Seattle Washington","company":"Protege","city":"Seattle","state":"WA","country":"US","formattedLocation":"Seattle, WA","source":"PROTEGE","date":"Mon, 13 Mar 2017 16:11:12 GMT","snippet":"RPG/Free Baby/36 Baby/400 Lattice RPG CPF SSP OS/400 IBM i OS/VS1 z/OS DOS/VSE VSE/SP VSE/ESA z/VSE VS/9 PRIMOS OpenVMS AI Linu RPG assembly language C C++...","url":"http://www.indeed.com/viewjob?jk=c985e507e0ae5636&qd=usoBPHMd3vYN69bRu-PQwcxBheEzuNOj46oJk2PU6yOs9RmphsZwXkpEhIV6UdnwERp4f6wFZAqzeyPK_mKiS6m1Aj3izkOw87NHJgxznYA&indpubnum=3338919744720141&atk=1bb5148v0a38ieb9","onmousedown":"indeed_clk(this,'878');","jobkey":"c985e507e0ae5636","sponsored":false,"expired":false,"indeedApply":true,"formattedLocationFull":"Seattle, WA 98109","formattedRelativeTime":"7 hours ago","stations":""},{"jobtitle":"University - 2017 Summer Intern - CMD","company":"Booz Allen Hamilton","city":"McLean","state":"VA","country":"US","formattedLocation":"McLean, VA","source":"Booz Allen Hamilton","date":"Mon, 13 Mar 2017 22:25:28 GMT","snippet":"Perform object–oriented software development in <b>Java</b>, C++, and C# and embedded software development in C and Assembly, including for wireless communications....","url":"http://www.indeed.com/viewjob?jk=692835017bbd06df&qd=usoBPHMd3vYN69bRu-PQwcxBheEzuNOj46oJk2PU6yOs9RmphsZwXkpEhIV6UdnwERp4f6wFZAqzeyPK_mKiS6m1Aj3izkOw87NHJgxznYA&indpubnum=3338919744720141&atk=1bb5148v0a38ieb9","onmousedown":"indeed_clk(this,'878');","jobkey":"692835017bbd06df","sponsored":false,"expired":false,"indeedApply":false,"formattedLocationFull":"McLean, VA","formattedRelativeTime":"1 hour ago","stations":""}]}