{"version":2,"query":"java","location":"","paginationPayload":"","dupefilter":true,"highlight":true,"totalResults":1177,"start":101,"end":125,"pageNumber":4,"results":[{"jobtitle":"FID1 Java / Perl / Sybase Developer","company":"Morgan Stanley","city":"New York","state":"NY","country":"US","formattedLocation":"New York, NY","source":"Morgan Stanley","date":"Mon, 13 Mar 2017 21:58:32 GMT","snippet":"<b>Java</b>, Spring, Hibernate. Requires demonstrated experience with Object Oriented design, use of design patterns and strong <b>Java</b> development experience;...","url":"http://www.indeed.com/viewjob?jk=436f06116349c1b8&qd=usoBPHMd3vYN69bRu-PQwcxBheEzuNOj46oJk2PU6yOs9RmphsZwXkpEhIV6UdnwERp4f6wFZAqzeyPK_mKiS6m1Aj3izkOw87NHJgxznYA&indpubnum=3338919744720141&atk=1bb51482u1brb3qn","onmousedown":"indeed_clk(this,'9981');","jobkey":"436f06116349c1b8","sponsored":false,"expired":false,"indeedApply":false,"formattedLocationFull":"New York, NY 10032","formattedRelativeTime":"1 hour ago","stations":""},{"jobtitle":"Sr Java Developer","company":"Avani Tech Solutions","city":"Spring Valley","state":"NY","country":"US","formattedLocation":"Spring Valley, NY","source":"Avani Tech Solutions","date":"Mon, 13 Mar 2017 21:44:04 GMT","snippet":"Responsible for defining, planning, and monitoring all application support activities for IT applications including trouble shooting, performance monitoring,...","url":"http://www.indeed.com/viewjob?jk=f05895e0aa916134&qd=usoBPHMd3vYN69bRu-PQwcxBheEzuNOj46oJk2PU6yOs9RmphsZwXkpEhIV6UdnwERp4f6wFZAqzeyPK_mKiS6m1Aj3izkOw87NHJgxznYA&indpubnum=3338919744720141&atk=1bb51482u1brb3qn","onmousedown":"indeed_clk(this,'9981');","jobkey":"f05895e0aa916134","sponsored":false,"expired":false,"indeedApply":false,"formattedLocationFull":"Spring Valley, NY","formattedRelativeTime":"2 hours ago","stations":""},{"jobtitle":"Java/JBPM developer","company":"Networkers","city":"Dallas","state":"TX","country":"US","formattedLocation":"Dallas, TX","source":"Networkers","date":"Mon, 13 Mar 2017 21:42:51 GMT","snippet":"Design and Development of complex Web and Desktop Applications in <b>Java</b>. Senior Java/jBPM Developer....","url":"http://www.indeed.com/viewjob?jk=7e4f6a0718738c1e&qd=usoBPHMd3vYN69bRu-PQwcxBheEzuNOj46oJk2PU6yOs9RmphsZwXkpEhIV6UdnwERp4f6wFZAqzeyPK_mKiS6m1Aj3izkOw87NHJgxznYA&indpubnum=3338919744720141&atk=1bb51482u1brb3qn","onmousedown":"indeed_clk(this,'9981');","jobkey":"7e4f6a0718738c1e","sponsored":false,"expired":false,"indeedApply":false,"formattedLocationFull":"Dallas, TX","formattedRelativeTime":"2 hours ago","stations":""},{"jobtitle":"Mid Level Java Developer","company":"Tri-Cor Industries","city":"","state":"VT","country":"US","formattedLocation":"Vermont","source":"Tri-Cor Industries","date":"Mon, 13 Mar 2017 17:18:35 GMT","snippet":"Mid Level <b>Java</b> Developer. Designing and developing solutions with <b>Java</b> Platform Enterprise Edition (J2EE) in an Agile Software Development environment....","url":"http://www.indeed.com/viewjob?jk=93d83c28a4f3180f&qd=usoBPHMd3vYN69bRu-PQwcxBheEzuNOj46oJk2PU6yOs9RmphsZwXkpEhIV6UdnwERp4f6wFZAqzeyPK_mKiS6m1Aj3izkOw87NHJgxznYA&indpubnum=3338919744720141&atk=1bb51482u1brb3qn","onmousedown":"indeed_clk(this,'9981');","jobkey":"93d83c28a4f3180f","sponsored":false,"expired":false,"indeedApply":false,"formattedLocationFull":"Vermont","formattedRelativeTime":"6 hours ago","stations":""},{"jobtitle":"Java Web Application Developer","company":"Caterpillar","city":"Mossville","state":"IL","country":"US","formattedLocation":"Mossville, IL","source":"Caterpillar","date":"Mon, 13 Mar 2017 16:25:34 GMT","snippet":"<b>Java</b> Web Application Developer. RAD/ Eclipse experience for <b>Java</b> Web applications. This <b>Java</b> Web Application Developer position working within Caterpillar's...","url":"http://www.indeed.com/viewjob?jk=9cd46fb015cc01af&qd=usoBPHMd3vYN69bRu-PQwcxBheEzuNOj46oJk2PU6yOs9RmphsZwXkpEhIV6UdnwERp4f6wFZAqzeyPK_mKiS6m1Aj3izkOw87NHJgxznYA&indpubnum=3338919744720141&atk=1bb51482u1brb3qn","onmousedown":"indeed_clk(this,'9981');","jobkey":"9cd46fb015cc01af","sponsored":false,"expired":false,"indeedApply":false,"formattedLocationFull":"Mossville, IL 61552","formattedRelativeTime":"7 hours ago","stations":""},{"jobtitle":"Developer – Javascript and Java","company":"Fidessa Group","city":"Summer","state":"NC","country":"US","formattedLocation":"Summer, NC","source":"Fidessa Group","date":"Mon, 13 Mar 2017 16:23:32 GMT","snippet":"Predominantly this will involve writing Javascript, but can also involve <b>Java</b> on Tomcat. Experience with the other technologies that we use (JQuery, JQuery UI,...","url":"http://www.indeed.com/viewjob?jk=e8f165d25b0ab017&qd=usoBPHMd3vYN69bRu-PQwcxBheEzuNOj46oJk2PU6yOs9RmphsZwXkpEhIV6UdnwERp4f6wFZAqzeyPK_mKiS6m1Aj3izkOw87NHJgxznYA&indpubnum=3338919744720141&atk=1bb51482u1brb3qn","onmousedown":"indeed_clk(this,'9981');","jobkey":"e8f165d25b0ab017","sponsored":false,"expired":false,"indeedApply":false,"formattedLocationFull":"Summer, NC","formattedRelativeTime":"7 hours ago","stations":""},{"jobtitle":"Software Maintenance Engineer I","company":"COED Group | KAPLI","city":"Phoenix","state":"AZ","country":"US","formattedLocation":"Phoenix, AZ","source":"Indeed","date":"Mon, 13 Mar 2017 21:16:51 GMT","snippet":"Experience in CSS, HTML, JavaScript, jQuery, <b>Java</b>. This position is to lead and assist in the implementation, design and maintenance of the firm's client...","url":"http://www.indeed.com/viewjob?jk=99d08a35e36c1d85&qd=usoBPHMd3vYN69bRu-PQwcxBheEzuNOj46oJk2PU6yOs9RmphsZwXkpEhIV6UdnwERp4f6wFZAqzeyPK_mKiS6m1Aj3izkOw87NHJgxznYA&indpubnum=3338919744720141&atk=1bb51482u1brb3qn","onmousedown":"indeed_clk(this,'9981');","jobkey":"99d08a35e36c1d85","sponsored":false,"expired":false,"indeedApply":true,"formattedLocationFull":"Phoenix, AZ","formattedRelativeTime":"2 hours ago","stations":""},{"jobtitle":"Sr Java8 J2EE with java util packages _ Sunnyvale, CA","company":"IKCON","city":"Sunnyvale","state":"CA","country":"US","formattedLocation":"Sunnyvale, CA","source":"Indeed","date":"Mon, 13 Mar 2017 20:09:54 GMT","snippet":"<b>Java</b> 8/ J2EE:. VERY STRONG <b>JAVA</b> 8 KNOWLEDGE*. COMPLETELY FAMILIAR WITH <b>JAVA</b> UTIL PACKAGE*. Sr Java8 J2EE with <b>java</b> util packages*....","url":"http://www.indeed.com/viewjob?jk=9c3379c18d2041e4&qd=usoBPHMd3vYN69bRu-PQwcxBheEzuNOj46oJk2PU6yOs9RmphsZwXkpEhIV6UdnwERp4f6wFZAqzeyPK_mKiS6m1Aj3izkOw87NHJgxznYA&indpubnum=3338919744720141&atk=1bb51482u1brb3qn","onmousedown":"indeed_clk(this,'9981');","jobkey":"9c3379c18d2041e4","sponsored":false,"expired":false,"indeedApply":true,"formattedLocationFull":"Sunnyvale, CA","formattedRelativeTime":"3 hours ago","stations":""},{"jobtitle":"Sr Java with NOSQL _ Sunnyvale, CA","company":"IKCON","city":"Sunnyvale","state":"CA","country":"US","formattedLocation":"Sunnyvale, CA","source":"Indeed","date":"Mon, 13 Mar 2017 20:06:34 GMT","snippet":"Sr <b>Java</b> with NOSQL*. Strong <b>Java</b> / J2EE skills and a good understanding of databasesVery good in Core <b>Java</b> – specifically Collections , Multithreading , Design...","url":"http://www.indeed.com/viewjob?jk=e93646f0dfe12943&qd=usoBPHMd3vYN69bRu-PQwcxBheEzuNOj46oJk2PU6yOs9RmphsZwXkpEhIV6UdnwERp4f6wFZAqzeyPK_mKiS6m1Aj3izkOw87NHJgxznYA&indpubnum=3338919744720141&atk=1bb51482u1brb3qn","onmousedown":"indeed_clk(this,'9981');","jobkey":"e93646f0dfe12943","sponsored":false,"expired":false,"indeedApply":true,"formattedLocationFull":"Sunnyvale, CA","formattedRelativeTime":"3 hours ago","stations":""},{"jobtitle":"Software Engineer III","company":"Information Technology Center","city":"Hackensack","state":"NJ","country":"US","formattedLocation":"Hackensack, NJ","source":"Indeed","date":"Mon, 13 Mar 2017 00:57:23 GMT","snippet":"10+ years of experience in software development in <b>Java</b>. Develop prototypes and full-featured internal and client-facing web applications using <b>Java</b>, JSP, HTML,...","url":"http://www.indeed.com/viewjob?jk=4b92e0161244dac7&qd=usoBPHMd3vYN69bRu-PQwcxBheEzuNOj46oJk2PU6yOs9RmphsZwXkpEhIV6UdnwERp4f6wFZAqzeyPK_mKiS6m1Aj3izkOw87NHJgxznYA&indpubnum=3338919744720141&atk=1bb51482u1brb3qn","onmousedown":"indeed_clk(this,'9981');","jobkey":"4b92e0161244dac7","sponsored":false,"expired":false,"indeedApply":true,"formattedLocationFull":"Hackensack, NJ","formattedRelativeTime":"22 hours ago","stations":""},{"jobtitle":"Software Engineer","company":"TriStar Recruitment","city":"New York","state":"NY","country":"US","formattedLocation":"New York, NY","source":"Indeed","date":"Sun, 12 Mar 2017 21:55:09 GMT","snippet":"Alternatively, a full-stack <b>Java</b> 8 Web Developer would be the next best alternative. Software Engineer - New York City*....","url":"http://www.indeed.com/viewjob?jk=691d12fc9122213e&qd=usoBPHMd3vYN69bRu-PQwcxBheEzuNOj46oJk2PU6yOs9RmphsZwXkpEhIV6UdnwERp4f6wFZAqzeyPK_mKiS6m1Aj3izkOw87NHJgxznYA&indpubnum=3338919744720141&atk=1bb51482u1brb3qn","onmousedown":"indeed_clk(this,'9981');","jobkey":"691d12fc9122213e","sponsored":false,"expired":false,"indeedApply":true,"formattedLocationFull":"New York, NY","formattedRelativeTime":"1 day ago","stations":""},{"jobtitle":"Application Developer Specialist Java - Information Technology Special","company":"IBM","city":"Baton Rouge","state":"LA","country":"US","formattedLocation":"Baton Rouge, LA","source":"IBM","date":"Sun, 12 Mar 2017 09:45:35 GMT","snippet":"7 years - <b>Java</b> Developer, J2EE, EJB, Javascript, Jquery, JDBC. Our clients are some of the world’s leading companies and you will be part of challenging...","url":"http://www.indeed.com/viewjob?jk=68ac03b47635784f&qd=usoBPHMd3vYN69bRu-PQwcxBheEzuNOj46oJk2PU6yOs9RmphsZwXkpEhIV6UdnwERp4f6wFZAqzeyPK_mKiS6m1Aj3izkOw87NHJgxznYA&indpubnum=3338919744720141&atk=1bb51482u1brb3qn","onmousedown":"indeed_clk(this,'9981');","jobkey":"68ac03b47635784f","sponsored":false,"expired":false,"indeedApply":false,"formattedLocationFull":"Baton Rouge, LA","formattedRelativeTime":"1 day ago","stations":""},{"jobtitle":"Experienced Java Developer (Enterprise CRM and IVR focused)","company":"Principal Financial Group","city":"Des Moines","state":"IA","country":"US","formattedLocation":"Des Moines, IA","source":"Principal Financial Group","date":"Sun, 12 Mar 2017 08:29:49 GMT","snippet":"The Enterprise Data &amp; Applications (EDA) area is looking for an experienced <b>Java</b> developer to join our agile team that helps deliver on our “Customer First”...","url":"http://www.indeed.com/viewjob?jk=697fa23fa876d112&qd=usoBPHMd3vYN69bRu-PQwcxBheEzuNOj46oJk2PU6yOs9RmphsZwXkpEhIV6UdnwERp4f6wFZAqzeyPK_mKiS6m1Aj3izkOw87NHJgxznYA&indpubnum=3338919744720141&atk=1bb51482u1brb3qn","onmousedown":"indeed_clk(this,'9981');","jobkey":"697fa23fa876d112","sponsored":false,"expired":false,"indeedApply":false,"formattedLocationFull":"Des Moines, IA","formattedRelativeTime":"1 day ago","stations":""},{"jobtitle":"Sr. Java/Spring Developer","company":"Loginsoft Consulting LLC","city":"Walnut Creek","state":"CA","country":"US","formattedLocation":"Walnut Creek, CA","source":"Loginsoft Consulting LLC","date":"Mon, 13 Mar 2017 23:00:19 GMT","snippet":"Experience in implementing <b>Java</b> EE design patterns such as MVC, Singleton, Session Facade, DAO, DTO, and Business Delegate in the development of Multi-Tier...","url":"http://www.indeed.com/viewjob?jk=cf6c65d6a5c92eea&qd=usoBPHMd3vYN69bRu-PQwcxBheEzuNOj46oJk2PU6yOs9RmphsZwXkpEhIV6UdnwERp4f6wFZAqzeyPK_mKiS6m1Aj3izkOw87NHJgxznYA&indpubnum=3338919744720141&atk=1bb51482u1brb3qn","onmousedown":"indeed_clk(this,'9981');","jobkey":"cf6c65d6a5c92eea","sponsored":false,"expired":false,"indeedApply":true,"formattedLocationFull":"Walnut Creek, CA","formattedRelativeTime":"47 minutes ago","stations":""},{"jobtitle":"Sr Java Developer fullstack","company":"Vega Consulting","city":"Bellevue","state":"WA","country":"US","formattedLocation":"Bellevue, WA","source":"Indeed","date":"Mon, 13 Mar 2017 21:39:05 GMT","snippet":"Proficient in <b>Java</b>, and Javascript. We are looking for a full stack <b>Java</b> SDE but most of the work will be front end design pattern implementations....","url":"http://www.indeed.com/viewjob?jk=dd782e960cb4596d&qd=usoBPHMd3vYN69bRu-PQwcxBheEzuNOj46oJk2PU6yOs9RmphsZwXkpEhIV6UdnwERp4f6wFZAqzeyPK_mKiS6m1Aj3izkOw87NHJgxznYA&indpubnum=3338919744720141&atk=1bb51482u1brb3qn","onmousedown":"indeed_clk(this,'9981');","jobkey":"dd782e960cb4596d","sponsored":false,"expired":false,"indeedApply":true,"formattedLocationFull":"Bellevue, WA 98004","formattedRelativeTime":"2 hours ago","stations":""},{"jobtitle":"Sr. Java Cloud Developer, Java AWS Developer","company":"Excelgens, Inc.","city":"Montrose","state":"VA","country":"US","formattedLocation":"Montrose, VA","source":"Indeed","date":"Mon, 13 Mar 2017 21:16:50 GMT","snippet":"Strong <b>Java</b> Development experience. Only looking for W2 Candidates, 1 Men corp will also work....","url":"http://www.indeed.com/viewjob?jk=160ecc9d0373d28f&qd=usoBPHMd3vYN69bRu-PQwcxBheEzuNOj46oJk2PU6yOs9RmphsZwXkpEhIV6UdnwERp4f6wFZAqzeyPK_mKiS6m1Aj3izkOw87NHJgxznYA&indpubnum=3338919744720141&atk=1bb51482u1brb3qn","onmousedown":"indeed_clk(this,'9981');","jobkey":"160ecc9d0373d28f","sponsored":false,"expired":false,"indeedApply":true,"formattedLocationFull":"Montrose, VA","formattedRelativeTime":"2 hours ago","stations":""},{"jobtitle":"Java Developer","company":"RCM Technologies","city":"Bloomington","state":"MN","country":"US","formattedLocation":"Bloomington, MN","source":"Indeed","date":"Mon, 13 Mar 2017 15:49:17 GMT","snippet":"<b>Java</b> web developer with a customer service focus and passion for the job. The ideal candidate will have web application development experience using <b>Java</b> 8,...","url":"http://www.indeed.com/viewjob?jk=c350ca13dbd88571&qd=usoBPHMd3vYN69bRu-PQwcxBheEzuNOj46oJk2PU6yOs9RmphsZwXkpEhIV6UdnwERp4f6wFZAqzeyPK_mKiS6m1Aj3izkOw87NHJgxznYA&indpubnum=3338919744720141&atk=1bb51482u1brb3qn","onmousedown":"indeed_clk(this,'9981');","jobkey":"c350ca13dbd88571","sponsored":false,"expired":false,"indeedApply":true,"formattedLocationFull":"Bloomington, MN","formattedRelativeTime":"7 hours ago","stations":""},{"jobtitle":"Sr. Java Developer - AAD","company":"RIIS","city":"Ann Arbor","state":"MI","country":"US","formattedLocation":"Ann Arbor, MI","source":"RIIS","date":"Mon, 13 Mar 2017 16:11:27 GMT","snippet":"Strong understanding <b>Java</b> and JUnit. Strong understanding and demonstrated use of Design Patterns and Patterns of Enterprise Application Architecture....","url":"http://www.indeed.com/viewjob?jk=f6cddc10134d2172&qd=usoBPHMd3vYN69bRu-PQwcxBheEzuNOj46oJk2PU6yOs9RmphsZwXkpEhIV6UdnwERp4f6wFZAqzeyPK_mKiS6m1Aj3izkOw87NHJgxznYA&indpubnum=3338919744720141&atk=1bb51482u1brb3qn","onmousedown":"indeed_clk(this,'9981');","jobkey":"f6cddc10134d2172","sponsored":false,"expired":false,"indeedApply":true,"formattedLocationFull":"Ann Arbor, MI","formattedRelativeTime":"7 hours ago","stations":""},{"jobtitle":"Lead Java Developer","company":"Nationwide Mutual Insurance Company","city":"Columbus","state":"OH","country":"US","formattedLocation":"Columbus, OH","source":"Nationwide Mutual Insurance Company","date":"Mon, 13 Mar 2017 22:39:00 GMT","snippet":"This role will require financial services background to come up to speed quickly and be able to jump into full stack development across angular, <b>java</b> based API...","url":"http://www.indeed.com/viewjob?jk=43d8db8293f1ff9d&qd=usoBPHMd3vYN69bRu-PQwcxBheEzuNOj46oJk2PU6yOs9RmphsZwXkpEhIV6UdnwERp4f6wFZAqzeyPK_mKiS6m1Aj3izkOw87NHJgxznYA&indpubnum=3338919744720141&atk=1bb51482u1brb3qn","onmousedown":"indeed_clk(this,'9981');","jobkey":"43d8db8293f1ff9d","sponsored":false,"expired":false,"indeedApply":false,"formattedLocationFull":"Columbus, OH","formattedRelativeTime":"1 hour ago","stations":""},{"jobtitle":"Software Developer","company":"G3 Technologies, Inc.","city":"New Providence","state":"NJ","country":"US","formattedLocation":"New Providence, NJ","source":"G3 Technologies, Inc.","date":"Sun, 12 Mar 2017 08:08:21 GMT","snippet":"Strong knowledge of <b>Java</b> and C++ as well as higher order languages such as Python. 219 South Street....","url":"http://www.indeed.com/viewjob?jk=2dfaea2cb316dc30&qd=usoBPHMd3vYN69bRu-PQwcxBheEzuNOj46oJk2PU6yOs9RmphsZwXkpEhIV6UdnwERp4f6wFZAqzeyPK_mKiS6m1Aj3izkOw87NHJgxznYA&indpubnum=3338919744720141&atk=1bb51482u1brb3qn","onmousedown":"indeed_clk(this,'9981');","jobkey":"2dfaea2cb316dc30","sponsored":false,"expired":false,"indeedApply":true,"formattedLocationFull":"New Providence, NJ 07974","formattedRelativeTime":"1 day ago","stations":""},{"jobtitle":"Sr Java Developer","company":"AJACE","city":"Harrisburg","state":"PA","country":"US","formattedLocation":"Harrisburg, PA","source":"Indeed","date":"Mon, 13 Mar 2017 17:25:09 GMT","snippet":"Participate in the full SDLC process (including coding) of Mobile Application solutions using <b>Java</b>, Javascript, HTML5, CSS3, JSON, XML, JDBC, SQL, web services,...","url":"http://www.indeed.com/viewjob?jk=4e821daaa8aacfad&qd=usoBPHMd3vYN69bRu-PQwcxBheEzuNOj46oJk2PU6yOs9RmphsZwXkpEhIV6UdnwERp4f6wFZAqzeyPK_mKiS6m1Aj3izkOw87NHJgxznYA&indpubnum=3338919744720141&atk=1bb51482u1brb3qn","onmousedown":"indeed_clk(this,'9981');","jobkey":"4e821daaa8aacfad","sponsored":false,"expired":false,"indeedApply":true,"formattedLocationFull":"Harrisburg, PA","formattedRelativeTime":"6 hours ago","stations":""},{"jobtitle":"Developer","company":"BAE Systems","city":"Dulles","state":"VA","country":"US","formattedLocation":"Dulles, VA","source":"BAE Systems","date":"Sun, 12 Mar 2017 18:41:45 GMT","snippet":"Our pride and dedication shows in everything we do—from intelligence analysis, cyber operations and IT expertise to systems development, systems integration,...","url":"http://www.indeed.com/viewjob?jk=f578ce6fcf61c175&qd=usoBPHMd3vYN69bRu-PQwcxBheEzuNOj46oJk2PU6yOs9RmphsZwXkpEhIV6UdnwERp4f6wFZAqzeyPK_mKiS6m1Aj3izkOw87NHJgxznYA&indpubnum=3338919744720141&atk=1bb51482u1brb3qn","onmousedown":"indeed_clk(this,'9981');","jobkey":"f578ce6fcf61c175","sponsored":false,"expired":false,"indeedApply":false,"formattedLocationFull":"Dulles, VA","formattedRelativeTime":"1 day ago","stations":""},{"jobtitle":"Junior Software Developer","company":"TMC Technologies of West Virginia Corp.","city":"Washington","state":"DC","country":"US","formattedLocation":"Washington, DC","source":"TMC Technologies of West Virginia Corp.","date":"Mon, 13 Mar 2017 20:48:25 GMT","snippet":"<b>Java</b> Platform Enterprise Edition (JEE). To perform O&amp;M responsibilities, the contractor shall possess experience with MicroStrategy, <b>Java</b>, JBOSS, and Database...","url":"http://www.indeed.com/viewjob?jk=58005853924a0b6e&qd=usoBPHMd3vYN69bRu-PQwcxBheEzuNOj46oJk2PU6yOs9RmphsZwXkpEhIV6UdnwERp4f6wFZAqzeyPK_mKiS6m1Aj3izkOw87NHJgxznYA&indpubnum=3338919744720141&atk=1bb51482u1brb3qn","onmousedown":"indeed_clk(this,'9981');","jobkey":"58005853924a0b6e","sponsored":false,"expired":false,"indeedApply":false,"formattedLocationFull":"Washington, DC","formattedRelativeTime":"2 hours ago","stations":""},{"jobtitle":"Lead Solr / Fusion / Java Developer","company":"RAYMOND JAMES FINANCIAL","city":"Saint Petersburg","state":"FL","country":"US","formattedLocation":"Saint Petersburg, FL","source":"Raymond James","date":"Sun, 12 Mar 2017 06:09:38 GMT","snippet":"Understanding and knowledge of <b>Java</b> plugin with SOLR. <b>Java</b>, JavaScript, JQuery, JSON, Rest API Services experience preferred....","url":"http://www.indeed.com/viewjob?jk=22d10ab5cdcbe3f3&qd=usoBPHMd3vYN69bRu-PQwcxBheEzuNOj46oJk2PU6yOs9RmphsZwXkpEhIV6UdnwERp4f6wFZAqzeyPK_mKiS6m1Aj3izkOw87NHJgxznYA&indpubnum=3338919744720141&atk=1bb51482u1brb3qn","onmousedown":"indeed_clk(this,'9981');","jobkey":"22d10ab5cdcbe3f3","sponsored":false,"expired":false,"indeedApply":false,"formattedLocationFull":"Saint Petersburg, FL","formattedRelativeTime":"1 day ago","stations":""},{"jobtitle":"Java Server Side Developer","company":"Pamten","city":"Salt Lake City","state":"UT","country":"US","formattedLocation":"Salt Lake City, UT","source":"pamten","date":"Mon, 13 Mar 2017 21:53:37 GMT","snippet":"<b>Java</b> Server Side Developer. <b>Java</b> with asynchronous event based, multithreading &amp; concurrency Programming. Our client is looking for good resource for the below...","url":"http://www.indeed.com/viewjob?jk=7c5eb5fb40f49317&qd=usoBPHMd3vYN69bRu-PQwcxBheEzuNOj46oJk2PU6yOs9RmphsZwXkpEhIV6UdnwERp4f6wFZAqzeyPK_mKiS6m1Aj3izkOw87NHJgxznYA&indpubnum=3338919744720141&atk=1bb51482u1brb3qn","onmousedown":"indeed_clk(this,'9981');","jobkey":"7c5eb5fb40f49317","sponsored":false,"expired":false,"indeedApply":false,"formattedLocationFull":"Salt Lake City, UT","formattedRelativeTime":"1 hour ago","stations":""}]}