{"version":2,"query":"java","location":"","paginationPayload":"","dupefilter":true,"highlight":true,"totalResults":1177,"start":376,"end":400,"pageNumber":15,"results":[{"jobtitle":"Sr. Software Engineer - Android","company":"Copper Mobile, Inc.","city":"Dallas","state":"TX","country":"US","formattedLocation":"Dallas, TX","source":"Indeed","date":"Mon, 13 Mar 2017 22:19:37 GMT","snippet":"Strong in <b>Java</b> programming and OOPS fundamentals. Our developers have been building enterprise apps since the first iOS SDK release....","url":"http://www.indeed.com/viewjob?jk=b269954a62f1a4f5&qd=usoBPHMd3vYN69bRu-PQwcxBheEzuNOj46oJk2PU6yOs9RmphsZwXkpEhIV6UdnwjPTrbQKUpbrpDEu0vxwq5Km1Aj3izkOw87NHJgxznYA&indpubnum=3338919744720141&atk=1bb5148vg1btb7nh","onmousedown":"indeed_clk(this,'895');","jobkey":"b269954a62f1a4f5","sponsored":false,"expired":false,"indeedApply":true,"formattedLocationFull":"Dallas, TX","formattedRelativeTime":"1 hour ago","stations":""},{"jobtitle":"Apps Dev Sr. Programmer Analyst","company":"Citi","city":"Irving","state":"TX","country":"US","formattedLocation":"Irving, TX","source":"Citi","date":"Sun, 12 Mar 2017 11:39:42 GMT","snippet":"Experience with <b>Java</b> 8, Gemfire, HTML5, CSS3, javascript, and Responsive Web Design. Yes, 10 % of the Time....","url":"http://www.indeed.com/viewjob?jk=b1d9bfa1475f04c8&qd=usoBPHMd3vYN69bRu-PQwcxBheEzuNOj46oJk2PU6yOs9RmphsZwXkpEhIV6UdnwjPTrbQKUpbrpDEu0vxwq5Km1Aj3izkOw87NHJgxznYA&indpubnum=3338919744720141&atk=1bb5148vg1btb7nh","onmousedown":"indeed_clk(this,'895');","jobkey":"b1d9bfa1475f04c8","sponsored":false,"expired":false,"indeedApply":false,"formattedLocationFull":"Irving, TX","formattedRelativeTime":"1 day ago","stations":""},{"jobtitle":"Software Developer II (Stallion)","company":"Epsilon Systems Solutions, Inc.","city":"San Diego","state":"CA","country":"US","formattedLocation":"San Diego, CA","source":"Epsilon Systems Solutions, Inc.","date":"Mon, 13 Mar 2017 17:56:02 GMT","snippet":"One to five (1-5) years programming experience with object-oriented analysis, design and programming using <b>Java</b>, Servlets, and JavaScript....","url":"http://www.indeed.com/viewjob?jk=52f4ec6a18da8b92&qd=usoBPHMd3vYN69bRu-PQwcxBheEzuNOj46oJk2PU6yOs9RmphsZwXkpEhIV6UdnwjPTrbQKUpbrpDEu0vxwq5Km1Aj3izkOw87NHJgxznYA&indpubnum=3338919744720141&atk=1bb5148vg1btb7nh","onmousedown":"indeed_clk(this,'895');","jobkey":"52f4ec6a18da8b92","sponsored":false,"expired":false,"indeedApply":false,"formattedLocationFull":"San Diego, CA 92123","formattedRelativeTime":"5 hours ago","stations":""},{"jobtitle":"Java Software Developer","company":"Providence Partners","city":"Bee Cave","state":"TX","country":"US","formattedLocation":"Bee Cave, TX","source":"Providence Partners","date":"Mon, 13 Mar 2017 06:46:44 GMT","snippet":"Combined experience with <b>Java</b>, Scala, Clojure, Go. We are currently looking for a <b>Java</b> Software Developer in Austin, TX who will be responsible for designing...","url":"http://www.indeed.com/viewjob?jk=dd65366b4cb6aed6&qd=usoBPHMd3vYN69bRu-PQwcxBheEzuNOj46oJk2PU6yOs9RmphsZwXkpEhIV6UdnwjPTrbQKUpbrpDEu0vxwq5Km1Aj3izkOw87NHJgxznYA&indpubnum=3338919744720141&atk=1bb5148vg1btb7nh","onmousedown":"indeed_clk(this,'895');","jobkey":"dd65366b4cb6aed6","sponsored":false,"expired":false,"indeedApply":false,"formattedLocationFull":"Bee Cave, TX 78738","formattedRelativeTime":"17 hours ago","stations":""},{"jobtitle":"Salesforce Technical Architect Remote","company":"Synaptic Advisory Partners","city":"","state":"","country":"US","formattedLocation":"United States","source":"Synaptic Advisory Partners","date":"Sun, 12 Mar 2017 06:54:14 GMT","snippet":"A C-based language(preferably <b>Java</b>), SQL, HTML, CSS, Javascript (any popular framework). What you will do....","url":"http://www.indeed.com/viewjob?jk=4244bd13bce4ce86&qd=usoBPHMd3vYN69bRu-PQwcxBheEzuNOj46oJk2PU6yOs9RmphsZwXkpEhIV6UdnwjPTrbQKUpbrpDEu0vxwq5Km1Aj3izkOw87NHJgxznYA&indpubnum=3338919744720141&atk=1bb5148vg1btb7nh","onmousedown":"indeed_clk(this,'895');","jobkey":"4244bd13bce4ce86","sponsored":false,"expired":false,"indeedApply":false,"formattedLocationFull":"United States","formattedRelativeTime":"1 day ago","stations":""},{"jobtitle":"Data Scientist Intern","company":"Disruptor Beam","city":"Framingham","state":"MA","country":"US","formattedLocation":"Framingham, MA","source":"Disruptor Beam","date":"Mon, 13 Mar 2017 15:04:48 GMT","snippet":"Good programming skills in some language such as python, C++, <b>Java</b> or Ruby. Disruptor Beam is building a new generation of games for every screen, based on...","url":"http://www.indeed.com/viewjob?jk=4b99dc3bd0145974&qd=usoBPHMd3vYN69bRu-PQwcxBheEzuNOj46oJk2PU6yOs9RmphsZwXkpEhIV6UdnwjPTrbQKUpbrpDEu0vxwq5Km1Aj3izkOw87NHJgxznYA&indpubnum=3338919744720141&atk=1bb5148vg1btb7nh","onmousedown":"indeed_clk(this,'895');","jobkey":"4b99dc3bd0145974","sponsored":false,"expired":false,"indeedApply":true,"formattedLocationFull":"Framingham, MA","formattedRelativeTime":"8 hours ago","stations":""},{"jobtitle":"Sr. Oracle Financials Applications Developer(Local F2F: GC/Citizen)","company":"ONS Interactive Pvt Ltd","city":"Rancho Cordova","state":"CA","country":"US","formattedLocation":"Rancho Cordova, CA","source":"Indeed","date":"Mon, 13 Mar 2017 21:28:22 GMT","snippet":"3+ years hands-on experience with <b>Java</b> development conforming to the J2EE standard; The position manages all phases of full life-cycle system development...","url":"http://www.indeed.com/viewjob?jk=dec1a3134ac0b73a&qd=usoBPHMd3vYN69bRu-PQwcxBheEzuNOj46oJk2PU6yOs9RmphsZwXkpEhIV6UdnwjPTrbQKUpbrpDEu0vxwq5Km1Aj3izkOw87NHJgxznYA&indpubnum=3338919744720141&atk=1bb5148vg1btb7nh","onmousedown":"indeed_clk(this,'895');","jobkey":"dec1a3134ac0b73a","sponsored":false,"expired":false,"indeedApply":true,"formattedLocationFull":"Rancho Cordova, CA","formattedRelativeTime":"2 hours ago","stations":""},{"jobtitle":"Database Application Developer","company":"Caterpillar","city":"Mossville","state":"IL","country":"US","formattedLocation":"Mossville, IL","source":"Caterpillar","date":"Mon, 13 Mar 2017 16:25:37 GMT","snippet":"This Database Application Developer position will be responsible for developing/supporting Oracle 11+ databases for critical <b>Java</b> Web applications....","url":"http://www.indeed.com/viewjob?jk=f5b527396ca67a29&qd=usoBPHMd3vYN69bRu-PQwcxBheEzuNOj46oJk2PU6yOs9RmphsZwXkpEhIV6UdnwjPTrbQKUpbrpDEu0vxwq5Km1Aj3izkOw87NHJgxznYA&indpubnum=3338919744720141&atk=1bb5148vg1btb7nh","onmousedown":"indeed_clk(this,'895');","jobkey":"f5b527396ca67a29","sponsored":false,"expired":false,"indeedApply":false,"formattedLocationFull":"Mossville, IL 61552","formattedRelativeTime":"7 hours ago","stations":""},{"jobtitle":"Full Stack Developer","company":"Flexton Inc.","city":"San Francisco","state":"CA","country":"US","formattedLocation":"San Francisco, CA","source":"Indeed","date":"Sun, 12 Mar 2017 16:20:28 GMT","snippet":"<b>Java</b> / Rest API:. Need strong candidate who can do both Backend <b>Java</b> API and Front end on React JS platform....","url":"http://www.indeed.com/viewjob?jk=051e8a91d30e4863&qd=usoBPHMd3vYN69bRu-PQwcxBheEzuNOj46oJk2PU6yOs9RmphsZwXkpEhIV6UdnwjPTrbQKUpbrpDEu0vxwq5Km1Aj3izkOw87NHJgxznYA&indpubnum=3338919744720141&atk=1bb5148vg1btb7nh","onmousedown":"indeed_clk(this,'895');","jobkey":"051e8a91d30e4863","sponsored":false,"expired":false,"indeedApply":true,"formattedLocationFull":"San Francisco, CA","formattedRelativeTime":"1 day ago","stations":""},{"jobtitle":"Sr. Software Engineer, Cloud Installer","company":"Medallia Inc","city":"Palo Alto","state":"CA","country":"US","formattedLocation":"Palo Alto, CA","source":"Medallia Inc","date":"Mon, 13 Mar 2017 07:02:25 GMT","snippet":"5+ years of demonstrated experience with <b>Java</b> or C++ (or another high-level object oriented language). Medallia is the global leader in Customer Experience...","url":"http://www.indeed.com/viewjob?jk=5b2748400b6690e6&qd=usoBPHMd3vYN69bRu-PQwcxBheEzuNOj46oJk2PU6yOs9RmphsZwXkpEhIV6UdnwjPTrbQKUpbrpDEu0vxwq5Km1Aj3izkOw87NHJgxznYA&indpubnum=3338919744720141&atk=1bb5148vg1btb7nh","onmousedown":"indeed_clk(this,'895');","jobkey":"5b2748400b6690e6","sponsored":false,"expired":false,"indeedApply":true,"formattedLocationFull":"Palo Alto, CA 94306","formattedRelativeTime":"16 hours ago","stations":""},{"jobtitle":"2017 Schwab Intern Academy - Technology Track","company":"Charles Schwab","city":"Lone Tree","state":"CO","country":"US","formattedLocation":"Lone Tree, CO","source":"Charles Schwab","date":"Mon, 13 Mar 2017 10:12:55 GMT","snippet":"UNIX and Windows, VB, .NET, <b>Java</b>, SQL, XML, database technologies, network security, software development, testing and implementation as well as Main Frame...","url":"http://www.indeed.com/viewjob?jk=ae56eb1bd1a8cca2&qd=usoBPHMd3vYN69bRu-PQwcxBheEzuNOj46oJk2PU6yOs9RmphsZwXkpEhIV6UdnwjPTrbQKUpbrpDEu0vxwq5Km1Aj3izkOw87NHJgxznYA&indpubnum=3338919744720141&atk=1bb5148vg1btb7nh","onmousedown":"indeed_clk(this,'895');","jobkey":"ae56eb1bd1a8cca2","sponsored":false,"expired":false,"indeedApply":false,"formattedLocationFull":"Lone Tree, CO 80124","formattedRelativeTime":"13 hours ago","stations":""},{"jobtitle":"Information Technology Programmer/Analyst P11","company":"State of Michigan","city":"Dimondale","state":"MI","country":"US","formattedLocation":"Dimondale, MI","source":"State of Michigan","date":"Mon, 13 Mar 2017 17:49:14 GMT","snippet":"Experience with client server programming languages such as VB.net, Delphi, C#, <b>Java</b>, SQL, or Terradata SQL....","url":"http://www.indeed.com/viewjob?jk=5ac00d60972be13c&qd=usoBPHMd3vYN69bRu-PQwcxBheEzuNOj46oJk2PU6yOs9RmphsZwXkpEhIV6UdnwjPTrbQKUpbrpDEu0vxwq5Km1Aj3izkOw87NHJgxznYA&indpubnum=3338919744720141&atk=1bb5148vg1btb7nh","onmousedown":"indeed_clk(this,'895');","jobkey":"5ac00d60972be13c","sponsored":false,"expired":false,"indeedApply":false,"formattedLocationFull":"Dimondale, MI","formattedRelativeTime":"5 hours ago","stations":""},{"jobtitle":"Programmer Analyst II","company":"Texas Tech University","city":"Lubbock","state":"TX","country":"US","formattedLocation":"Lubbock, TX","source":"Texas Tech University","date":"Mon, 13 Mar 2017 15:36:22 GMT","snippet":"Experience with Banner, <b>java</b>, oracle, active directory, networking knowledge, content management system, framework/stack experience, php, html, css, and <b>java</b>...","url":"http://www.indeed.com/viewjob?jk=6197ac2efc622a9a&qd=usoBPHMd3vYN69bRu-PQwcxBheEzuNOj46oJk2PU6yOs9RmphsZwXkpEhIV6UdnwjPTrbQKUpbrpDEu0vxwq5Km1Aj3izkOw87NHJgxznYA&indpubnum=3338919744720141&atk=1bb5148vg1btb7nh","onmousedown":"indeed_clk(this,'895');","jobkey":"6197ac2efc622a9a","sponsored":false,"expired":false,"indeedApply":false,"formattedLocationFull":"Lubbock, TX","formattedRelativeTime":"8 hours ago","stations":""},{"jobtitle":"SR LEAD SOFTWARE DEVELOPER","company":"CenturyLink","city":"St. Louis","state":"MO","country":"US","formattedLocation":"St. Louis, MO","source":"CenturyLink","date":"Mon, 13 Mar 2017 22:33:12 GMT","snippet":"Developer, Consulting, Cloud, <b>Java</b>, Linux, Technology. ¥ 5 years’ experience with a modern programming language like <b>Java</b>, C#, Node.js, GO, Python or similar....","url":"http://www.indeed.com/viewjob?jk=91c42fbdc2ca764c&qd=usoBPHMd3vYN69bRu-PQwcxBheEzuNOj46oJk2PU6yOs9RmphsZwXkpEhIV6UdnwjPTrbQKUpbrpDEu0vxwq5Km1Aj3izkOw87NHJgxznYA&indpubnum=3338919744720141&atk=1bb5148vg1btb7nh","onmousedown":"indeed_clk(this,'895');","jobkey":"91c42fbdc2ca764c","sponsored":false,"expired":false,"indeedApply":false,"formattedLocationFull":"St. Louis, MO 63141","formattedRelativeTime":"1 hour ago","stations":""},{"jobtitle":"Android System Software Lead","company":"CNH Industrial","city":"Burr Ridge","state":"IL","country":"US","formattedLocation":"Burr Ridge, IL","source":"CNH Industrial","date":"Mon, 13 Mar 2017 20:07:25 GMT","snippet":"<b>Java</b> and C/C++ programming background. Through its people and brands, CNH Industrial delivers power, technology and innovation to farmers, builders and drivers...","url":"http://www.indeed.com/viewjob?jk=6ab4587d78ff367f&qd=usoBPHMd3vYN69bRu-PQwcxBheEzuNOj46oJk2PU6yOs9RmphsZwXkpEhIV6UdnwjPTrbQKUpbrpDEu0vxwq5Km1Aj3izkOw87NHJgxznYA&indpubnum=3338919744720141&atk=1bb5148vg1btb7nh","onmousedown":"indeed_clk(this,'895');","jobkey":"6ab4587d78ff367f","sponsored":false,"expired":false,"indeedApply":false,"formattedLocationFull":"Burr Ridge, IL 60527","formattedRelativeTime":"3 hours ago","stations":""},{"jobtitle":"Junior/Mid-Level Software Engineer","company":"JLG Technologies","city":"Framingham","state":"MA","country":"US","formattedLocation":"Framingham, MA","source":"JLG Technologies","date":"Mon, 13 Mar 2017 19:34:42 GMT","snippet":"The Junior/Mid-level Software Engineer contributes to all facets of the development, maintenance, and support of JLG Technologies products and integration with...","url":"http://www.indeed.com/viewjob?jk=9c59bda770ce7b82&qd=usoBPHMd3vYN69bRu-PQwcxBheEzuNOj46oJk2PU6yOs9RmphsZwXkpEhIV6UdnwjPTrbQKUpbrpDEu0vxwq5Km1Aj3izkOw87NHJgxznYA&indpubnum=3338919744720141&atk=1bb5148vg1btb7nh","onmousedown":"indeed_clk(this,'895');","jobkey":"9c59bda770ce7b82","sponsored":false,"expired":false,"indeedApply":true,"formattedLocationFull":"Framingham, MA","formattedRelativeTime":"4 hours ago","stations":""},{"jobtitle":"Senior Embedded Software Architect","company":"EZEN COMPUTER SERVICES INC","city":"Novi","state":"MI","country":"US","formattedLocation":"Novi, MI","source":"Indeed","date":"Mon, 13 Mar 2017 13:27:34 GMT","snippet":"Strong in C/C++, basic shell scripting, <b>Java</b> is a plus. Senior Embedded Software Architect*....","url":"http://www.indeed.com/viewjob?jk=905a5b5672b9b7db&qd=usoBPHMd3vYN69bRu-PQwcxBheEzuNOj46oJk2PU6yOs9RmphsZwXkpEhIV6UdnwjPTrbQKUpbrpDEu0vxwq5Km1Aj3izkOw87NHJgxznYA&indpubnum=3338919744720141&atk=1bb5148vg1btb7nh","onmousedown":"indeed_clk(this,'895');","jobkey":"905a5b5672b9b7db","sponsored":false,"expired":false,"indeedApply":true,"formattedLocationFull":"Novi, MI","formattedRelativeTime":"10 hours ago","stations":""},{"jobtitle":"Senior Programmer","company":"Broward County Public Schools","city":"Fort Lauderdale","state":"FL","country":"US","formattedLocation":"Fort Lauderdale, FL","source":"Teachers-Teachers.com","date":"Sun, 12 Mar 2017 13:15:49 GMT","snippet":"We are currently seeking a Senior Programmer, for our Business Applications Department, with experience in ASP.NET, VB.NET, <b>Java</b>, JavaScript, C#, Visual Studio,...","url":"http://www.indeed.com/viewjob?jk=2791aad1c51bcb25&qd=usoBPHMd3vYN69bRu-PQwcxBheEzuNOj46oJk2PU6yOs9RmphsZwXkpEhIV6UdnwjPTrbQKUpbrpDEu0vxwq5Km1Aj3izkOw87NHJgxznYA&indpubnum=3338919744720141&atk=1bb5148vg1btb7nh","onmousedown":"indeed_clk(this,'895');","jobkey":"2791aad1c51bcb25","sponsored":false,"expired":false,"indeedApply":false,"formattedLocationFull":"Fort Lauderdale, FL","formattedRelativeTime":"1 day ago","stations":""},{"jobtitle":"Manager - Data Manager","company":"University of Texas at Austin","city":"Austin","state":"TX","country":"US","formattedLocation":"Austin, TX","source":"University of Texas at Austin","date":"Mon, 13 Mar 2017 22:38:59 GMT","snippet":"Programming in SQL, <b>Java</b> or C++. Manage and respond to internal and external data needs, including coordinating data requests, understanding the purpose of the...","url":"http://www.indeed.com/viewjob?jk=46e1ea1f62315c65&qd=usoBPHMd3vYN69bRu-PQwcxBheEzuNOj46oJk2PU6yOs9RmphsZwXkpEhIV6UdnwjPTrbQKUpbrpDEu0vxwq5Km1Aj3izkOw87NHJgxznYA&indpubnum=3338919744720141&atk=1bb5148vg1btb7nh","onmousedown":"indeed_clk(this,'895');","jobkey":"46e1ea1f62315c65","sponsored":false,"expired":false,"indeedApply":false,"formattedLocationFull":"Austin, TX","formattedRelativeTime":"1 hour ago","stations":""},{"jobtitle":"Senior Java developer with strong Core Java -PP ID 755","company":"Starpoint Solutions","city":"Wilmington","state":"DE","country":"US","formattedLocation":"Wilmington, DE","source":"Starpoint Solutions","date":"Mon, 13 Mar 2017 22:29:40 GMT","snippet":"Strong <b>Java</b> knowledge. Some han ds on experience in writing MapReduce jobs in <b>Java</b>, Pig, or Hive. Worked in a Hadoop environment as a Developer....","url":"http://www.indeed.com/viewjob?jk=a8d8a42af9a06ce1&qd=usoBPHMd3vYN69bRu-PQwcxBheEzuNOj46oJk2PU6yOs9RmphsZwXkpEhIV6UdnwjPTrbQKUpbrpDEu0vxwq5Km1Aj3izkOw87NHJgxznYA&indpubnum=3338919744720141&atk=1bb5148vg1btb7nh","onmousedown":"indeed_clk(this,'895');","jobkey":"a8d8a42af9a06ce1","sponsored":false,"expired":false,"indeedApply":false,"formattedLocationFull":"Wilmington, DE 19801","formattedRelativeTime":"1 hour ago","stations":""},{"jobtitle":"Web Sphere/LDAP Administrator - W5053","company":"Dept of Social Services","city":"Richmond","state":"VA","country":"US","formattedLocation":"Richmond, VA","source":"Virginia Jobs","date":"Sun, 12 Mar 2017 10:41:57 GMT","snippet":"IBM WebSphere Application Server (WAS), IBM WebSphere Enterprise Service Bus (WESB), IBM WAS Network Deployment (ND), building and deploying Enterprise Archives...","url":"http://www.indeed.com/viewjob?jk=3b33422145cf80e4&qd=usoBPHMd3vYN69bRu-PQwcxBheEzuNOj46oJk2PU6yOs9RmphsZwXkpEhIV6UdnwjPTrbQKUpbrpDEu0vxwq5Km1Aj3izkOw87NHJgxznYA&indpubnum=3338919744720141&atk=1bb5148vg1btb7nh","onmousedown":"indeed_clk(this,'895');","jobkey":"3b33422145cf80e4","sponsored":false,"expired":false,"indeedApply":false,"formattedLocationFull":"Richmond, VA","formattedRelativeTime":"1 day ago","stations":""},{"jobtitle":"Senior Backend Engineer - Data Engineering","company":"Unity Technologies","city":"San Francisco","state":"CA","country":"US","formattedLocation":"San Francisco, CA","source":"Unity Technologies","date":"Mon, 13 Mar 2017 21:52:26 GMT","snippet":"5 years professional programming experience in <b>Java</b>. You love data science, and have done some work in <b>Java</b> and Hadoop to help build and/or maintain systems in...","url":"http://www.indeed.com/viewjob?jk=dfbb5059060324ab&qd=usoBPHMd3vYN69bRu-PQwcxBheEzuNOj46oJk2PU6yOs9RmphsZwXkpEhIV6UdnwjPTrbQKUpbrpDEu0vxwq5Km1Aj3izkOw87NHJgxznYA&indpubnum=3338919744720141&atk=1bb5148vg1btb7nh","onmousedown":"indeed_clk(this,'895');","jobkey":"dfbb5059060324ab","sponsored":false,"expired":false,"indeedApply":true,"formattedLocationFull":"San Francisco, CA","formattedRelativeTime":"1 hour ago","stations":""},{"jobtitle":"Sr Java/J2ee Developer","company":"DivIHN Integration, Inc","city":"Lemont","state":"IL","country":"US","formattedLocation":"Lemont, IL","source":"Indeed","date":"Mon, 13 Mar 2017 16:59:49 GMT","snippet":"Sr <b>Java</b>/ J2ee Developer*. Contractor will develop web applications in Oracle Fusion middleware, <b>Java</b> Spring MVC framework, and <b>Java</b> web services....","url":"http://www.indeed.com/viewjob?jk=d98d266c968bd237&qd=usoBPHMd3vYN69bRu-PQwcxBheEzuNOj46oJk2PU6yOs9RmphsZwXkpEhIV6UdnwjPTrbQKUpbrpDEu0vxwq5Km1Aj3izkOw87NHJgxznYA&indpubnum=3338919744720141&atk=1bb5148vg1btb7nh","onmousedown":"indeed_clk(this,'895');","jobkey":"d98d266c968bd237","sponsored":false,"expired":false,"indeedApply":true,"formattedLocationFull":"Lemont, IL","formattedRelativeTime":"6 hours ago","stations":""},{"jobtitle":"Automation Quality Engineer, Entry Level","company":"Nexient","city":"Ann Arbor","state":"MI","country":"US","formattedLocation":"Ann Arbor, MI","source":"Nexient","date":"Mon, 13 Mar 2017 21:53:54 GMT","snippet":"Proficiency with <b>Java</b>, and/or JavaScript, C#/.NET, or C++” with the ability to do basic programming. Nexient is the largest domestic IT services provider, with...","url":"http://www.indeed.com/viewjob?jk=eff683a621d6dd99&qd=usoBPHMd3vYN69bRu-PQwcxBheEzuNOj46oJk2PU6yOs9RmphsZwXkpEhIV6UdnwjPTrbQKUpbrpDEu0vxwq5Km1Aj3izkOw87NHJgxznYA&indpubnum=3338919744720141&atk=1bb5148vg1btb7nh","onmousedown":"indeed_clk(this,'895');","jobkey":"eff683a621d6dd99","sponsored":false,"expired":false,"indeedApply":true,"formattedLocationFull":"Ann Arbor, MI","formattedRelativeTime":"1 hour ago","stations":""},{"jobtitle":"Application Support Analyst","company":"NSI AMERICA","city":"Township of Warren","state":"NJ","country":"US","formattedLocation":"Township of Warren, NJ","source":"Indeed","date":"Mon, 13 Mar 2017 18:50:45 GMT","snippet":"(Core <b>Java</b>, JSP, Servlet, EJB, MDB:.  Mid level knowledge and experience in <b>Java</b>/J2EE related technologies (Core <b>Java</b>, JSP, Servlet, EJB, MDB)....","url":"http://www.indeed.com/viewjob?jk=2fe64f819a9a96a4&qd=usoBPHMd3vYN69bRu-PQwcxBheEzuNOj46oJk2PU6yOs9RmphsZwXkpEhIV6UdnwjPTrbQKUpbrpDEu0vxwq5Km1Aj3izkOw87NHJgxznYA&indpubnum=3338919744720141&atk=1bb5148vg1btb7nh","onmousedown":"indeed_clk(this,'895');","jobkey":"2fe64f819a9a96a4","sponsored":false,"expired":false,"indeedApply":true,"formattedLocationFull":"Township of Warren, NJ","formattedRelativeTime":"4 hours ago","stations":""}]}