{"version":2,"query":"java","location":"","paginationPayload":"","dupefilter":true,"highlight":true,"totalResults":1192,"start":451,"end":475,"pageNumber":18,"results":[{"jobtitle":"DevOps Engineer - Cloud Focus (West)","company":"SDHR Consulting","city":"Los Angeles","state":"CA","country":"US","formattedLocation":"Los Angeles, CA","source":"SDHR Consulting","date":"Sun, 12 Mar 2017 07:29:51 GMT","snippet":"<b>Java</b>, Python, Ruby, Node.js, or .Net (Software Development). Software development experience in languages such as <b>Java</b>, Python, and/or Ruby....","url":"http://www.indeed.com/viewjob?jk=eb8dcfb60e10ce8b&qd=usoBPHMd3vYN69bRu-PQwcxBheEzuNOj46oJk2PU6yPPaaBuvSwk2ub69Dxr0mQTERp4f6wFZAqzeyPK_mKiS6m1Aj3izkOw87NHJgxznYA&indpubnum=3338919744720141&atk=1bb5147tt18hs6k1","onmousedown":"indeed_clk(this,'9819');","jobkey":"eb8dcfb60e10ce8b","sponsored":false,"expired":false,"indeedApply":false,"formattedLocationFull":"Los Angeles, CA","formattedRelativeTime":"1 day ago","stations":""},{"jobtitle":"Mobile SDK Engineer","company":"Rdio","city":"San Francisco","state":"CA","country":"US","formattedLocation":"San Francisco, CA","source":"Rdio","date":"Mon, 13 Mar 2017 06:32:19 GMT","snippet":"Python, <b>Java</b>, Objective-C, C#, JavaScript and Erlang are some of the dialects spoken, but we really want to use whatever suits the job, not make the job suit...","url":"http://www.indeed.com/viewjob?jk=aca8c412f8a91736&qd=usoBPHMd3vYN69bRu-PQwcxBheEzuNOj46oJk2PU6yPPaaBuvSwk2ub69Dxr0mQTERp4f6wFZAqzeyPK_mKiS6m1Aj3izkOw87NHJgxznYA&indpubnum=3338919744720141&atk=1bb5147tt18hs6k1","onmousedown":"indeed_clk(this,'9819');","jobkey":"aca8c412f8a91736","sponsored":false,"expired":false,"indeedApply":false,"formattedLocationFull":"San Francisco, CA","formattedRelativeTime":"17 hours ago","stations":""},{"jobtitle":"Mid-Level Software Engineer","company":"ITR (Information Technology Resources)","city":"Knoxville","state":"TN","country":"US","formattedLocation":"Knoxville, TN","source":"ITR (Information Technology Resources)","date":"Mon, 13 Mar 2017 06:32:30 GMT","snippet":"Strong <b>Java</b> skills with recent <b>Java</b> 6 experience, preferred; We are seeking an experienced Mid-Level Software Engineer (2+ years experience) to build high...","url":"http://www.indeed.com/viewjob?jk=c8ab75e539093f51&qd=usoBPHMd3vYN69bRu-PQwcxBheEzuNOj46oJk2PU6yPPaaBuvSwk2ub69Dxr0mQTERp4f6wFZAqzeyPK_mKiS6m1Aj3izkOw87NHJgxznYA&indpubnum=3338919744720141&atk=1bb5147tt18hs6k1","onmousedown":"indeed_clk(this,'9819');","jobkey":"c8ab75e539093f51","sponsored":false,"expired":false,"indeedApply":false,"formattedLocationFull":"Knoxville, TN","formattedRelativeTime":"17 hours ago","stations":""},{"jobtitle":"Senior Software Engineer - Data","company":"Workiva Inc.","city":"Boulder","state":"CO","country":"US","formattedLocation":"Boulder, CO","source":"Workiva Inc.","date":"Mon, 13 Mar 2017 20:49:05 GMT","snippet":"Expertise as a full stack engineer Fluent with the latest web technologies (Python, <b>Java</b>, Go, Docker, NoSQL) Experience with AWS or Google Cloud Platform (GCP)...","url":"http://www.indeed.com/viewjob?jk=4328ba8151923bf0&qd=usoBPHMd3vYN69bRu-PQwcxBheEzuNOj46oJk2PU6yPPaaBuvSwk2ub69Dxr0mQTERp4f6wFZAqzeyPK_mKiS6m1Aj3izkOw87NHJgxznYA&indpubnum=3338919744720141&atk=1bb5147tt18hs6k1","onmousedown":"indeed_clk(this,'9819');","jobkey":"4328ba8151923bf0","sponsored":false,"expired":false,"indeedApply":false,"formattedLocationFull":"Boulder, CO","formattedRelativeTime":"2 hours ago","stations":""},{"jobtitle":"Lead Software Engineer","company":"HERE","city":"Chicago","state":"IL","country":"US","formattedLocation":"Chicago, IL","source":"HERE","date":"Sun, 12 Mar 2017 08:00:18 GMT","snippet":"Some experience with <b>Java</b>, Scala, C, C# or C++. Within HAD, the Acquisition and Processing Engineering team builds services designed to efficiently expose our...","url":"http://www.indeed.com/viewjob?jk=4ebde13463d8d604&qd=usoBPHMd3vYN69bRu-PQwcxBheEzuNOj46oJk2PU6yPPaaBuvSwk2ub69Dxr0mQTERp4f6wFZAqzeyPK_mKiS6m1Aj3izkOw87NHJgxznYA&indpubnum=3338919744720141&atk=1bb5147tt18hs6k1","onmousedown":"indeed_clk(this,'9819');","jobkey":"4ebde13463d8d604","sponsored":false,"expired":false,"indeedApply":false,"formattedLocationFull":"Chicago, IL","formattedRelativeTime":"1 day ago","stations":""},{"jobtitle":"3M HIS Mid Level Software Engineer (Silver Spring, MD)","company":"3M","city":"Silver Spring","state":"MD","country":"US","formattedLocation":"Silver Spring, MD","source":"3M","date":"Sun, 12 Mar 2017 08:16:53 GMT","snippet":"Experience with <b>Java</b>, Perl, JavaScript, HTML5, CSS, JQuery, JSON. 3M is seeking a Software Engineer for the Health Information Systems Division located in...","url":"http://www.indeed.com/viewjob?jk=b8fe2c1abf9419fc&qd=usoBPHMd3vYN69bRu-PQwcxBheEzuNOj46oJk2PU6yPPaaBuvSwk2ub69Dxr0mQTERp4f6wFZAqzeyPK_mKiS6m1Aj3izkOw87NHJgxznYA&indpubnum=3338919744720141&atk=1bb5147tt18hs6k1","onmousedown":"indeed_clk(this,'9819');","jobkey":"b8fe2c1abf9419fc","sponsored":false,"expired":false,"indeedApply":false,"formattedLocationFull":"Silver Spring, MD","formattedRelativeTime":"1 day ago","stations":""},{"jobtitle":"MySQL - SQL Engineer in Northern, NJ","company":"SilverSearch, Inc.","city":"East Hanover","state":"NJ","country":"US","formattedLocation":"East Hanover, NJ","source":"Indeed","date":"Mon, 13 Mar 2017 21:16:50 GMT","snippet":"Development experience with <b>Java</b> – required. Strong development experience working with MS Excel <b>Java</b> APIs – required....","url":"http://www.indeed.com/viewjob?jk=d869ac1f25069e80&qd=usoBPHMd3vYN69bRu-PQwcxBheEzuNOj46oJk2PU6yPPaaBuvSwk2ub69Dxr0mQTERp4f6wFZAqzeyPK_mKiS6m1Aj3izkOw87NHJgxznYA&indpubnum=3338919744720141&atk=1bb5147tt18hs6k1","onmousedown":"indeed_clk(this,'9819');","jobkey":"d869ac1f25069e80","sponsored":false,"expired":false,"indeedApply":true,"formattedLocationFull":"East Hanover, NJ","formattedRelativeTime":"2 hours ago","stations":""},{"jobtitle":"PostgreSQL DBA","company":"Vision Technology Services","city":"Baltimore","state":"MD","country":"US","formattedLocation":"Baltimore, MD","source":"Indeed","date":"Mon, 13 Mar 2017 21:30:04 GMT","snippet":"Software &amp; Application Development ( .Net and <b>Java</b> ). Vision Technology Services (Vision) is a leading provider of IT talent and project management services to...","url":"http://www.indeed.com/viewjob?jk=48b14846779d7ea7&qd=usoBPHMd3vYN69bRu-PQwcxBheEzuNOj46oJk2PU6yPPaaBuvSwk2ub69Dxr0mQTERp4f6wFZAqzeyPK_mKiS6m1Aj3izkOw87NHJgxznYA&indpubnum=3338919744720141&atk=1bb5147tt18hs6k1","onmousedown":"indeed_clk(this,'9819');","jobkey":"48b14846779d7ea7","sponsored":false,"expired":false,"indeedApply":true,"formattedLocationFull":"Baltimore, MD","formattedRelativeTime":"2 hours ago","stations":""},{"jobtitle":"Applications Support Specialist","company":"Mindtree","city":"Alpharetta","state":"GA","country":"US","formattedLocation":"Alpharetta, GA","source":"Indeed","date":"Mon, 13 Mar 2017 21:24:12 GMT","snippet":"1-3 years in <b>Java</b> development. Experience with the following environments/languages <b>Java</b>, Midrange, X86. Experience with diagnostics tools used for enterprise...","url":"http://www.indeed.com/viewjob?jk=eb4b042dadc4f32b&qd=usoBPHMd3vYN69bRu-PQwcxBheEzuNOj46oJk2PU6yPPaaBuvSwk2ub69Dxr0mQTERp4f6wFZAqzeyPK_mKiS6m1Aj3izkOw87NHJgxznYA&indpubnum=3338919744720141&atk=1bb5147tt18hs6k1","onmousedown":"indeed_clk(this,'9819');","jobkey":"eb4b042dadc4f32b","sponsored":false,"expired":false,"indeedApply":true,"formattedLocationFull":"Alpharetta, GA","formattedRelativeTime":"2 hours ago","stations":""},{"jobtitle":"AWS Software Development Engineer II (Level 5)","company":"Amazon Web Services, Inc.","city":"Seattle","state":"WA","country":"US","formattedLocation":"Seattle, WA","source":"Amazon.com","date":"Sun, 12 Mar 2017 06:56:05 GMT","snippet":"Expert skill in one modern programming language such as <b>Java</b>, C, C++, C#. Proficiency with one of the modern programming languages such as C, C++, <b>Java</b> or C#....","url":"http://www.indeed.com/viewjob?jk=6d9af36fd5b1e046&qd=usoBPHMd3vYN69bRu-PQwcxBheEzuNOj46oJk2PU6yPPaaBuvSwk2ub69Dxr0mQTERp4f6wFZAqzeyPK_mKiS6m1Aj3izkOw87NHJgxznYA&indpubnum=3338919744720141&atk=1bb5147tt18hs6k1","onmousedown":"indeed_clk(this,'9819');","jobkey":"6d9af36fd5b1e046","sponsored":false,"expired":false,"indeedApply":false,"formattedLocationFull":"Seattle, WA","formattedRelativeTime":"1 day ago","stations":""},{"jobtitle":"QE Engineer","company":"IT America","city":"Mountain View","state":"CA","country":"US","formattedLocation":"Mountain View, CA","source":"Indeed","date":"Mon, 13 Mar 2017 20:35:57 GMT","snippet":"Writing API and Automation <b>Java</b> scripts to test Service functionality. Rest Services and API Testing, Strong <b>Java</b>, TestNG, Cloud testing and AWS knowledge is a...","url":"http://www.indeed.com/viewjob?jk=de6546de9263c17c&qd=usoBPHMd3vYN69bRu-PQwcxBheEzuNOj46oJk2PU6yPPaaBuvSwk2ub69Dxr0mQTERp4f6wFZAqzeyPK_mKiS6m1Aj3izkOw87NHJgxznYA&indpubnum=3338919744720141&atk=1bb5147tt18hs6k1","onmousedown":"indeed_clk(this,'9819');","jobkey":"de6546de9263c17c","sponsored":false,"expired":false,"indeedApply":true,"formattedLocationFull":"Mountain View, CA","formattedRelativeTime":"3 hours ago","stations":""},{"jobtitle":"Guidewire Consultant","company":"Go Work Solutions","city":"Milwaukee","state":"WI","country":"US","formattedLocation":"Milwaukee, WI","source":"Indeed","date":"Mon, 13 Mar 2017 20:33:22 GMT","snippet":"J2EE development background HTML, JSP/ <b>Java</b> Scripts, Application Server and Database, GOSU. Total Guidewire experience of about 2-5 years....","url":"http://www.indeed.com/viewjob?jk=4c0df51a2ca56326&qd=usoBPHMd3vYN69bRu-PQwcxBheEzuNOj46oJk2PU6yPPaaBuvSwk2ub69Dxr0mQTERp4f6wFZAqzeyPK_mKiS6m1Aj3izkOw87NHJgxznYA&indpubnum=3338919744720141&atk=1bb5147tt18hs6k1","onmousedown":"indeed_clk(this,'9819');","jobkey":"4c0df51a2ca56326","sponsored":false,"expired":false,"indeedApply":true,"formattedLocationFull":"Milwaukee, WI","formattedRelativeTime":"3 hours ago","stations":""},{"jobtitle":"Java with JBPM Tool","company":"Key Business Solutions Inc","city":"Boston","state":"MA","country":"US","formattedLocation":"Boston, MA","source":"Indeed","date":"Mon, 13 Mar 2017 20:22:32 GMT","snippet":"<b>Java</b> with JBPM Tool*. <b>Java</b> 8- Stream API and Lambda. Need someone with Financial Domain Experience*....","url":"http://www.indeed.com/viewjob?jk=a53799e9e1b556e7&qd=usoBPHMd3vYN69bRu-PQwcxBheEzuNOj46oJk2PU6yPPaaBuvSwk2ub69Dxr0mQTERp4f6wFZAqzeyPK_mKiS6m1Aj3izkOw87NHJgxznYA&indpubnum=3338919744720141&atk=1bb5147tt18hs6k1","onmousedown":"indeed_clk(this,'9819');","jobkey":"a53799e9e1b556e7","sponsored":false,"expired":false,"indeedApply":true,"formattedLocationFull":"Boston, MA","formattedRelativeTime":"3 hours ago","stations":""},{"jobtitle":"APPLICATION MIGRATION ENGINEERS","company":"EDC Consulting","city":"Huntsville","state":"AL","country":"US","formattedLocation":"Huntsville, AL","source":"Indeed","date":"Mon, 13 Mar 2017 20:08:44 GMT","snippet":"PHP, <b>Java</b>, Ruby on Rails, and MS. PHP or <b>Java</b> or Ruby or SQL Server or Oracle:. NET application framework;...","url":"http://www.indeed.com/viewjob?jk=a0d69b63f29e2fda&qd=usoBPHMd3vYN69bRu-PQwcxBheEzuNOj46oJk2PU6yPPaaBuvSwk2ub69Dxr0mQTERp4f6wFZAqzeyPK_mKiS6m1Aj3izkOw87NHJgxznYA&indpubnum=3338919744720141&atk=1bb5147tt18hs6k1","onmousedown":"indeed_clk(this,'9819');","jobkey":"a0d69b63f29e2fda","sponsored":false,"expired":false,"indeedApply":true,"formattedLocationFull":"Huntsville, AL","formattedRelativeTime":"3 hours ago","stations":""},{"jobtitle":"Jira Administrator","company":"Xconic, Inc","city":"Denver","state":"CO","country":"US","formattedLocation":"Denver, CO","source":"Indeed","date":"Mon, 13 Mar 2017 19:01:13 GMT","snippet":"*JIRA Administrator* *ESSENTIAL FUNCTIONS OF THE POSITION* * Have a strong working knowledge on JIRA analytics * Actively and consistently support all...","url":"http://www.indeed.com/viewjob?jk=e84aee0a015d5647&qd=usoBPHMd3vYN69bRu-PQwcxBheEzuNOj46oJk2PU6yPPaaBuvSwk2ub69Dxr0mQTERp4f6wFZAqzeyPK_mKiS6m1Aj3izkOw87NHJgxznYA&indpubnum=3338919744720141&atk=1bb5147tt18hs6k1","onmousedown":"indeed_clk(this,'9819');","jobkey":"e84aee0a015d5647","sponsored":false,"expired":false,"indeedApply":true,"formattedLocationFull":"Denver, CO","formattedRelativeTime":"4 hours ago","stations":""},{"jobtitle":"Reporting Specialist","company":"Vision Technology Services","city":"Owings Mills","state":"MD","country":"US","formattedLocation":"Owings Mills, MD","source":"Indeed","date":"Mon, 13 Mar 2017 17:51:40 GMT","snippet":"Software &amp; Application Development ( .Net and <b>Java</b> ). Vision Technology Services (Vision) is a leading provider of IT talent and project management services to...","url":"http://www.indeed.com/viewjob?jk=9ab9887c49b8f88b&qd=usoBPHMd3vYN69bRu-PQwcxBheEzuNOj46oJk2PU6yPPaaBuvSwk2ub69Dxr0mQTERp4f6wFZAqzeyPK_mKiS6m1Aj3izkOw87NHJgxznYA&indpubnum=3338919744720141&atk=1bb5147tt18hs6k1","onmousedown":"indeed_clk(this,'9819');","jobkey":"9ab9887c49b8f88b","sponsored":false,"expired":false,"indeedApply":true,"formattedLocationFull":"Owings Mills, MD","formattedRelativeTime":"5 hours ago","stations":""},{"jobtitle":"Modeling and Simulation Engineer","company":"Solidus Technical Solutions","city":"Lexington","state":"MA","country":"US","formattedLocation":"Lexington, MA","source":"Indeed","date":"Mon, 13 Mar 2017 16:52:25 GMT","snippet":"Familiarity with generating, debugging, and executing C/C++ and <b>Java</b> code from MATLAB. Solidus is searching for a Modeling and Simulation Engineer is needed to...","url":"http://www.indeed.com/viewjob?jk=d2d59f9bb4c56827&qd=usoBPHMd3vYN69bRu-PQwcxBheEzuNOj46oJk2PU6yPPaaBuvSwk2ub69Dxr0mQTERp4f6wFZAqzeyPK_mKiS6m1Aj3izkOw87NHJgxznYA&indpubnum=3338919744720141&atk=1bb5147tt18hs6k1","onmousedown":"indeed_clk(this,'9819');","jobkey":"d2d59f9bb4c56827","sponsored":false,"expired":false,"indeedApply":true,"formattedLocationFull":"Lexington, MA 02420","formattedRelativeTime":"6 hours ago","stations":""},{"jobtitle":"Core Java(Cloud Foundry Expert)","company":"HMG America LLC","city":"Chicago","state":"IL","country":"US","formattedLocation":"Chicago, IL","source":"Indeed","date":"Mon, 13 Mar 2017 16:49:36 GMT","snippet":"Candidate needs to know Core <b>Java</b>, Spring, Sprint Boot. Pivotal Cloud Foundry Experience....","url":"http://www.indeed.com/viewjob?jk=dc8cb4c4ec891b59&qd=usoBPHMd3vYN69bRu-PQwcxBheEzuNOj46oJk2PU6yPPaaBuvSwk2ub69Dxr0mQTERp4f6wFZAqzeyPK_mKiS6m1Aj3izkOw87NHJgxznYA&indpubnum=3338919744720141&atk=1bb5147tt18hs6k1","onmousedown":"indeed_clk(this,'9819');","jobkey":"dc8cb4c4ec891b59","sponsored":false,"expired":false,"indeedApply":true,"formattedLocationFull":"Chicago, IL","formattedRelativeTime":"6 hours ago","stations":""},{"jobtitle":"Help Desk Associate","company":"Vision Technology Services","city":"Rockville","state":"MD","country":"US","formattedLocation":"Rockville, MD","source":"Indeed","date":"Mon, 13 Mar 2017 16:48:10 GMT","snippet":"Software &amp; Application Development ( .Net and <b>Java</b> ). Vision Technology Services (Vision) is a leading provider of IT talent and project management services to...","url":"http://www.indeed.com/viewjob?jk=9fd609b48f888b37&qd=usoBPHMd3vYN69bRu-PQwcxBheEzuNOj46oJk2PU6yPPaaBuvSwk2ub69Dxr0mQTERp4f6wFZAqzeyPK_mKiS6m1Aj3izkOw87NHJgxznYA&indpubnum=3338919744720141&atk=1bb5147tt18hs6k1","onmousedown":"indeed_clk(this,'9819');","jobkey":"9fd609b48f888b37","sponsored":false,"expired":false,"indeedApply":true,"formattedLocationFull":"Rockville, MD","formattedRelativeTime":"6 hours ago","stations":""},{"jobtitle":"Core Java committer","company":"Info Services LLC","city":"Fort Worth","state":"TX","country":"US","formattedLocation":"Fort Worth, TX","source":"Indeed","date":"Mon, 13 Mar 2017 16:22:01 GMT","snippet":"Experience : 10-15 years Location : Fort worth TX Type : Full time Requirement : Sr Techno Lead role with below technology background. · Strong hands on...","url":"http://www.indeed.com/viewjob?jk=752adc962a65a868&qd=usoBPHMd3vYN69bRu-PQwcxBheEzuNOj46oJk2PU6yPPaaBuvSwk2ub69Dxr0mQTERp4f6wFZAqzeyPK_mKiS6m1Aj3izkOw87NHJgxznYA&indpubnum=3338919744720141&atk=1bb5147tt18hs6k1","onmousedown":"indeed_clk(this,'9819');","jobkey":"752adc962a65a868","sponsored":false,"expired":false,"indeedApply":true,"formattedLocationFull":"Fort Worth, TX","formattedRelativeTime":"7 hours ago","stations":""},{"jobtitle":"Java API Specialist with Activity BPM","company":"Hire IT People Pvt Ltd","city":"Pittsburgh","state":"PA","country":"US","formattedLocation":"Pittsburgh, PA","source":"Indeed","date":"Mon, 13 Mar 2017 16:04:07 GMT","snippet":"<b>JAVA</b> development, Spring MVC framework • Web Service design and development, REST/JSON preferred. Develops the applications architecture and blueprints which...","url":"http://www.indeed.com/viewjob?jk=eef4fabf6a8529a4&qd=usoBPHMd3vYN69bRu-PQwcxBheEzuNOj46oJk2PU6yPPaaBuvSwk2ub69Dxr0mQTERp4f6wFZAqzeyPK_mKiS6m1Aj3izkOw87NHJgxznYA&indpubnum=3338919744720141&atk=1bb5147tt18hs6k1","onmousedown":"indeed_clk(this,'9819');","jobkey":"eef4fabf6a8529a4","sponsored":false,"expired":false,"indeedApply":true,"formattedLocationFull":"Pittsburgh, PA","formattedRelativeTime":"7 hours ago","stations":""},{"jobtitle":"MicroStrategy Consultant (Java/J2EE Expierence)","company":"InfoGlobalTech","city":"Boston","state":"MA","country":"US","formattedLocation":"Boston, MA","source":"Indeed","date":"Mon, 13 Mar 2017 15:49:15 GMT","snippet":"Strong working knowledge of <b>Java</b>, J2EE, SOA, Web Services, Hibernate, Spring, Oracle Database, &amp; core <b>Java</b> experience....","url":"http://www.indeed.com/viewjob?jk=134122c47dc3aae8&qd=usoBPHMd3vYN69bRu-PQwcxBheEzuNOj46oJk2PU6yPPaaBuvSwk2ub69Dxr0mQTERp4f6wFZAqzeyPK_mKiS6m1Aj3izkOw87NHJgxznYA&indpubnum=3338919744720141&atk=1bb5147tt18hs6k1","onmousedown":"indeed_clk(this,'9819');","jobkey":"134122c47dc3aae8","sponsored":false,"expired":false,"indeedApply":true,"formattedLocationFull":"Boston, MA","formattedRelativeTime":"7 hours ago","stations":""},{"jobtitle":"Technical Support Agent","company":"Newtek Technology Solutions, a branch of Newtek Business Services Corp.","city":"Phoenix","state":"AZ","country":"US","formattedLocation":"Phoenix, AZ","source":"Indeed","date":"Mon, 13 Mar 2017 15:41:24 GMT","snippet":"Knowledge of implementing and configuring multi-layer eCommerce web applications using various technologies such as .NET, <b>Java</b>, XML, or similar applications...","url":"http://www.indeed.com/viewjob?jk=732180c0728fbda1&qd=usoBPHMd3vYN69bRu-PQwcxBheEzuNOj46oJk2PU6yPPaaBuvSwk2ub69Dxr0mQTERp4f6wFZAqzeyPK_mKiS6m1Aj3izkOw87NHJgxznYA&indpubnum=3338919744720141&atk=1bb5147tt18hs6k1","onmousedown":"indeed_clk(this,'9819');","jobkey":"732180c0728fbda1","sponsored":false,"expired":false,"indeedApply":true,"formattedLocationFull":"Phoenix, AZ","formattedRelativeTime":"8 hours ago","stations":""},{"jobtitle":"Entry Level - Junior Software Engineer","company":"AgileRank, LLC","city":"Washington","state":"DC","country":"US","formattedLocation":"Washington, DC","source":"Indeed","date":"Mon, 13 Mar 2017 02:41:50 GMT","snippet":"Proficiency in multiple high level programming languages (e.g., C++, <b>Java</b>, C#, etc.). MUMPS, Cache, Cache Objectscript, M, Object Oriented Programming, VistA,...","url":"http://www.indeed.com/viewjob?jk=d965fd185eac6637&qd=usoBPHMd3vYN69bRu-PQwcxBheEzuNOj46oJk2PU6yPPaaBuvSwk2ub69Dxr0mQTERp4f6wFZAqzeyPK_mKiS6m1Aj3izkOw87NHJgxznYA&indpubnum=3338919744720141&atk=1bb5147tt18hs6k1","onmousedown":"indeed_clk(this,'9819');","jobkey":"d965fd185eac6637","sponsored":false,"expired":false,"indeedApply":true,"formattedLocationFull":"Washington, DC","formattedRelativeTime":"21 hours ago","stations":""},{"jobtitle":"Application Support Specialist","company":"Diverse Technologies Corporation","city":"Harrisburg","state":"PA","country":"US","formattedLocation":"Harrisburg, PA","source":"Indeed","date":"Mon, 13 Mar 2017 14:48:28 GMT","snippet":"Ø Desired knowledge of application development (Microsoft, <b>JAVA</b> J2EE &amp; UI Technologies. Ø At the direction of JNET, and in conjunction with the Enterprise Data...","url":"http://www.indeed.com/viewjob?jk=384aab45dce19293&qd=usoBPHMd3vYN69bRu-PQwcxBheEzuNOj46oJk2PU6yPPaaBuvSwk2ub69Dxr0mQTERp4f6wFZAqzeyPK_mKiS6m1Aj3izkOw87NHJgxznYA&indpubnum=3338919744720141&atk=1bb5147tt18hs6k1","onmousedown":"indeed_clk(this,'9819');","jobkey":"384aab45dce19293","sponsored":false,"expired":false,"indeedApply":true,"formattedLocationFull":"Harrisburg, PA","formattedRelativeTime":"8 hours ago","stations":""}]}