{"version":2,"query":"java","location":"","paginationPayload":"","dupefilter":true,"highlight":true,"totalResults":1192,"start":351,"end":375,"pageNumber":14,"results":[{"jobtitle":"Java Developer / Architect","company":"Objectwin Technology","city":"Herndon","state":"VA","country":"US","formattedLocation":"Herndon, VA","source":"Indeed","date":"Mon, 13 Mar 2017 22:26:38 GMT","snippet":"*Job Title: Java Developer / Architect* *Location: Herndon, VA 20171* *Duration: 7+ Months Contract* *Visa Status: Green Card and Citizen* *Job Description...","url":"http://www.indeed.com/viewjob?jk=c0d02c30867f596c&qd=usoBPHMd3vYN69bRu-PQwcxBheEzuNOj46oJk2PU6yPPaaBuvSwk2ub69Dxr0mQTERp4f6wFZAqzeyPK_mKiS6m1Aj3izkOw87NHJgxznYA&indpubnum=3338919744720141&atk=1bb51484p182b282","onmousedown":"indeed_clk(this,'40');","jobkey":"c0d02c30867f596c","sponsored":false,"expired":false,"indeedApply":true,"formattedLocationFull":"Herndon, VA 20171","formattedRelativeTime":"1 hour ago","stations":""},{"jobtitle":"Java developer","company":"Data Inc.","city":"New York","state":"NY","country":"US","formattedLocation":"New York, NY","source":"Data Inc.","date":"Mon, 13 Mar 2017 06:49:25 GMT","snippet":"5+ years of <b>Java</b> programming, Scala is a big plus. We are building new regulatory platforms that centralize enterprise trade and transactional data for...","url":"http://www.indeed.com/viewjob?jk=f96fbf2a13c074dd&qd=usoBPHMd3vYN69bRu-PQwcxBheEzuNOj46oJk2PU6yPPaaBuvSwk2ub69Dxr0mQTERp4f6wFZAqzeyPK_mKiS6m1Aj3izkOw87NHJgxznYA&indpubnum=3338919744720141&atk=1bb51484p182b282","onmousedown":"indeed_clk(this,'40');","jobkey":"f96fbf2a13c074dd","sponsored":false,"expired":false,"indeedApply":false,"formattedLocationFull":"New York, NY","formattedRelativeTime":"16 hours ago","stations":""},{"jobtitle":"Sr. Software Engineer","company":"TANGOCODE","city":"Chicago","state":"IL","country":"US","formattedLocation":"Chicago, IL","source":"Indeed","date":"Mon, 13 Mar 2017 22:52:18 GMT","snippet":"Familiar with Mobile development languages such as Swift, <b>Java</b> Android,etc. Work experience (3-5 years) in with one or more OOP languages such as C++, C#, <b>Java</b>,...","url":"http://www.indeed.com/viewjob?jk=ed4ce382d7047107&qd=usoBPHMd3vYN69bRu-PQwcxBheEzuNOj46oJk2PU6yPPaaBuvSwk2ub69Dxr0mQTERp4f6wFZAqzeyPK_mKiS6m1Aj3izkOw87NHJgxznYA&indpubnum=3338919744720141&atk=1bb51484p182b282","onmousedown":"indeed_clk(this,'40');","jobkey":"ed4ce382d7047107","sponsored":false,"expired":false,"indeedApply":true,"formattedLocationFull":"Chicago, IL","formattedRelativeTime":"55 minutes ago","stations":""},{"jobtitle":"Sr.Telecom IMS SIP Engineer","company":"Stanford Technology Solutions LLC","city":"Atlanta","state":"GA","country":"US","formattedLocation":"Atlanta, GA","source":"Indeed","date":"Mon, 13 Mar 2017 20:04:05 GMT","snippet":"Not just Python / <b>Java</b> frameworks. We are looking for multiple positions for a senior telecom test engineer with core skills in the IMS (IP Multimedia Systems)...","url":"http://www.indeed.com/viewjob?jk=e2ba4ff70a348d06&qd=usoBPHMd3vYN69bRu-PQwcxBheEzuNOj46oJk2PU6yPPaaBuvSwk2ub69Dxr0mQTERp4f6wFZAqzeyPK_mKiS6m1Aj3izkOw87NHJgxznYA&indpubnum=3338919744720141&atk=1bb51484p182b282","onmousedown":"indeed_clk(this,'40');","jobkey":"e2ba4ff70a348d06","sponsored":false,"expired":false,"indeedApply":true,"formattedLocationFull":"Atlanta, GA","formattedRelativeTime":"3 hours ago","stations":""},{"jobtitle":"Sr.Telecom IMS SIP Engineer","company":"Stanford Technology Solutions LLC","city":"Philadelphia","state":"PA","country":"US","formattedLocation":"Philadelphia, PA","source":"Indeed","date":"Mon, 13 Mar 2017 19:54:59 GMT","snippet":"Not just Python / <b>Java</b> frameworks. We are looking for multiple positions for a senior telecom test engineer with core skills in the IMS (IP Multimedia Systems)...","url":"http://www.indeed.com/viewjob?jk=e3177034ea7d2c8a&qd=usoBPHMd3vYN69bRu-PQwcxBheEzuNOj46oJk2PU6yPPaaBuvSwk2ub69Dxr0mQTERp4f6wFZAqzeyPK_mKiS6m1Aj3izkOw87NHJgxznYA&indpubnum=3338919744720141&atk=1bb51484p182b282","onmousedown":"indeed_clk(this,'40');","jobkey":"e3177034ea7d2c8a","sponsored":false,"expired":false,"indeedApply":true,"formattedLocationFull":"Philadelphia, PA","formattedRelativeTime":"3 hours ago","stations":""},{"jobtitle":"Sr. Software Engineer","company":"ALAE Consultants","city":"Warner Robins","state":"GA","country":"US","formattedLocation":"Warner Robins, GA","source":"Indeed","date":"Mon, 13 Mar 2017 19:07:29 GMT","snippet":"2+ years of experience with <b>Java</b>. The position will primarily involve software maintenance on a number of current applications on a live application server....","url":"http://www.indeed.com/viewjob?jk=bae45c9ffb46ddcf&qd=usoBPHMd3vYN69bRu-PQwcxBheEzuNOj46oJk2PU6yPPaaBuvSwk2ub69Dxr0mQTERp4f6wFZAqzeyPK_mKiS6m1Aj3izkOw87NHJgxznYA&indpubnum=3338919744720141&atk=1bb51484p182b282","onmousedown":"indeed_clk(this,'40');","jobkey":"bae45c9ffb46ddcf","sponsored":false,"expired":false,"indeedApply":true,"formattedLocationFull":"Warner Robins, GA 31088","formattedRelativeTime":"4 hours ago","stations":""},{"jobtitle":"SR Android Engineer","company":"AITA","city":"Vernon Hills","state":"IL","country":"US","formattedLocation":"Vernon Hills, IL","source":"Indeed","date":"Mon, 13 Mar 2017 16:06:59 GMT","snippet":"Performing software development for Android based Car Infotainment systems using <b>Java</b>, Android application Framework Architecture and APIs. SR Android Engineer....","url":"http://www.indeed.com/viewjob?jk=32ff651577295902&qd=usoBPHMd3vYN69bRu-PQwcxBheEzuNOj46oJk2PU6yPPaaBuvSwk2ub69Dxr0mQTERp4f6wFZAqzeyPK_mKiS6m1Aj3izkOw87NHJgxznYA&indpubnum=3338919744720141&atk=1bb51484p182b282","onmousedown":"indeed_clk(this,'40');","jobkey":"32ff651577295902","sponsored":false,"expired":false,"indeedApply":true,"formattedLocationFull":"Vernon Hills, IL","formattedRelativeTime":"7 hours ago","stations":""},{"jobtitle":"Senior Web Developer (Contract)","company":"Workbridge Associates","city":"Sunnyvale","state":"CA","country":"US","formattedLocation":"Sunnyvale, CA","source":"Workbridge Associates","date":"Mon, 13 Mar 2017 20:23:46 GMT","snippet":"Previous work with <b>JAVA</b> and MVC framework (Spring or struts). This key contributor will provide high level web development, testing, documentation,...","url":"http://www.indeed.com/viewjob?jk=a6c659746db40919&qd=usoBPHMd3vYN69bRu-PQwcxBheEzuNOj46oJk2PU6yPPaaBuvSwk2ub69Dxr0mQTERp4f6wFZAqzeyPK_mKiS6m1Aj3izkOw87NHJgxznYA&indpubnum=3338919744720141&atk=1bb51484p182b282","onmousedown":"indeed_clk(this,'40');","jobkey":"a6c659746db40919","sponsored":false,"expired":false,"indeedApply":true,"formattedLocationFull":"Sunnyvale, CA 94085","formattedRelativeTime":"3 hours ago","stations":""},{"jobtitle":"Engineer Software 3/4","company":"Northrop Grumman","city":"Huntsville","state":"AL","country":"US","formattedLocation":"Huntsville, AL","source":"Northrop Grumman","date":"Mon, 13 Mar 2017 22:48:18 GMT","snippet":"Northrop Grumman Mission Systems sector is seeking a Software Engineer 3/4 in the Engineering, Manufacturing & Sciences (EM&S) Central Region Engineering,","url":"http://www.indeed.com/viewjob?jk=245fa9ccd5706d28&qd=usoBPHMd3vYN69bRu-PQwcxBheEzuNOj46oJk2PU6yPPaaBuvSwk2ub69Dxr0mQTERp4f6wFZAqzeyPK_mKiS6m1Aj3izkOw87NHJgxznYA&indpubnum=3338919744720141&atk=1bb51484p182b282","onmousedown":"indeed_clk(this,'40');","jobkey":"245fa9ccd5706d28","sponsored":false,"expired":false,"indeedApply":false,"formattedLocationFull":"Huntsville, AL 35805","formattedRelativeTime":"59 minutes ago","stations":""},{"jobtitle":"Junior-Mid Level Java Software Engineer - 3 Month Contract to Hire","company":"Jobspring Partners","city":"San Jose","state":"CA","country":"US","formattedLocation":"San Jose, CA","source":"Jobspring Partners","date":"Mon, 13 Mar 2017 20:23:47 GMT","snippet":"Must have 2-3 years of professional <b>Java</b> experience! San Jose brand name Company looking to add on Junior/mid Software Engineers to a talented and seasoned...","url":"http://www.indeed.com/viewjob?jk=41fa1caadc2b2362&qd=usoBPHMd3vYN69bRu-PQwcxBheEzuNOj46oJk2PU6yPPaaBuvSwk2ub69Dxr0mQTERp4f6wFZAqzeyPK_mKiS6m1Aj3izkOw87NHJgxznYA&indpubnum=3338919744720141&atk=1bb51484p182b282","onmousedown":"indeed_clk(this,'40');","jobkey":"41fa1caadc2b2362","sponsored":false,"expired":false,"indeedApply":true,"formattedLocationFull":"San Jose, CA 95113","formattedRelativeTime":"3 hours ago","stations":""},{"jobtitle":"Engineer 4 – Software Development & Engineering","company":"Comcast","city":"Philadelphia","state":"PA","country":"US","formattedLocation":"Philadelphia, PA","source":"Comcast","date":"Mon, 13 Mar 2017 20:06:25 GMT","snippet":"Proficiency in HTML, CSS, Javascript, <b>Java</b>, C++, Go, React.js, Ruby on Rails, Hadoop (Kafka, HBase, Presto, etc.), Python, MySQL, and all major modern mobile...","url":"http://www.indeed.com/viewjob?jk=b9ae61a3fa07b381&qd=usoBPHMd3vYN69bRu-PQwcxBheEzuNOj46oJk2PU6yPPaaBuvSwk2ub69Dxr0mQTERp4f6wFZAqzeyPK_mKiS6m1Aj3izkOw87NHJgxznYA&indpubnum=3338919744720141&atk=1bb51484p182b282","onmousedown":"indeed_clk(this,'40');","jobkey":"b9ae61a3fa07b381","sponsored":false,"expired":false,"indeedApply":false,"formattedLocationFull":"Philadelphia, PA 19103","formattedRelativeTime":"3 hours ago","stations":""},{"jobtitle":"Engineering Co-op","company":"Legrand","city":"Somerset","state":"NJ","country":"US","formattedLocation":"Somerset, NJ","source":"Legrand","date":"Mon, 13 Mar 2017 19:02:32 GMT","snippet":"Programming Languages (C, C++, <b>Java</b>). Legrand has a great opportunity for an Engineering CO-OP in our Somerset, NJ location ....","url":"http://www.indeed.com/viewjob?jk=282aa5fc47763283&qd=usoBPHMd3vYN69bRu-PQwcxBheEzuNOj46oJk2PU6yPPaaBuvSwk2ub69Dxr0mQTERp4f6wFZAqzeyPK_mKiS6m1Aj3izkOw87NHJgxznYA&indpubnum=3338919744720141&atk=1bb51484p182b282","onmousedown":"indeed_clk(this,'40');","jobkey":"282aa5fc47763283","sponsored":false,"expired":false,"indeedApply":false,"formattedLocationFull":"Somerset, NJ","formattedRelativeTime":"4 hours ago","stations":""},{"jobtitle":"Java/Spring/Groovy Full Stack Software Engineer","company":"Cyber Delivered","city":"Annapolis Junction","state":"MD","country":"US","formattedLocation":"Annapolis Junction, MD","source":"Cyber Delivered","date":"Mon, 13 Mar 2017 10:59:33 GMT","snippet":"We expect demonstrable expertise in <b>Java</b>, Groovy, Spring, Python, or C++, and the ability to show baseline familiarity in another language family....","url":"http://www.indeed.com/viewjob?jk=c0b6a8e2aa7380d2&qd=usoBPHMd3vYN69bRu-PQwcxBheEzuNOj46oJk2PU6yPPaaBuvSwk2ub69Dxr0mQTERp4f6wFZAqzeyPK_mKiS6m1Aj3izkOw87NHJgxznYA&indpubnum=3338919744720141&atk=1bb51484p182b282","onmousedown":"indeed_clk(this,'40');","jobkey":"c0b6a8e2aa7380d2","sponsored":false,"expired":false,"indeedApply":false,"formattedLocationFull":"Annapolis Junction, MD","formattedRelativeTime":"12 hours ago","stations":""},{"jobtitle":"Software Engineering Intern","company":"Trimble Inc.","city":"Westminster","state":"CO","country":"US","formattedLocation":"Westminster, CO","source":"Trimble Inc.","date":"Mon, 13 Mar 2017 18:35:46 GMT","snippet":"Applied knowledge of C#, <b>Java</b>, or C++. The ideal candidate will have experience with an object oriented language such as C#, <b>Java</b>, or C++....","url":"http://www.indeed.com/viewjob?jk=c746a9e33f96dbf6&qd=usoBPHMd3vYN69bRu-PQwcxBheEzuNOj46oJk2PU6yPPaaBuvSwk2ub69Dxr0mQTERp4f6wFZAqzeyPK_mKiS6m1Aj3izkOw87NHJgxznYA&indpubnum=3338919744720141&atk=1bb51484p182b282","onmousedown":"indeed_clk(this,'40');","jobkey":"c746a9e33f96dbf6","sponsored":false,"expired":false,"indeedApply":false,"formattedLocationFull":"Westminster, CO","formattedRelativeTime":"5 hours ago","stations":""},{"jobtitle":"2017 Summer Internship - RF Engineering","company":"Univision communications inc","city":"Los Angeles","state":"CA","country":"US","formattedLocation":"Los Angeles, CA","source":"Univision communications inc","date":"Mon, 13 Mar 2017 18:01:52 GMT","snippet":"Visual Basic for Applications, SQL, <b>Java</b>, C++, XML, KML, HTML, Matlab. As the leading company reaching Hispanic America today, Univision delivers premier...","url":"http://www.indeed.com/viewjob?jk=806350d0d3d1630d&qd=usoBPHMd3vYN69bRu-PQwcxBheEzuNOj46oJk2PU6yPPaaBuvSwk2ub69Dxr0mQTERp4f6wFZAqzeyPK_mKiS6m1Aj3izkOw87NHJgxznYA&indpubnum=3338919744720141&atk=1bb51484p182b282","onmousedown":"indeed_clk(this,'40');","jobkey":"806350d0d3d1630d","sponsored":false,"expired":false,"indeedApply":false,"formattedLocationFull":"Los Angeles, CA","formattedRelativeTime":"5 hours ago","stations":""},{"jobtitle":"Lead Software Engineer","company":"Jana","city":"Boston","state":"MA","country":"US","formattedLocation":"Boston, MA","source":"Jana","date":"Sun, 12 Mar 2017 08:13:11 GMT","snippet":"Design, code and test scalable software using Python and/or <b>Java</b>. Experience with Python and/or <b>Java</b>, or very strong in at least two other modern programming...","url":"http://www.indeed.com/viewjob?jk=b989b3173a5328ef&qd=usoBPHMd3vYN69bRu-PQwcxBheEzuNOj46oJk2PU6yPPaaBuvSwk2ub69Dxr0mQTERp4f6wFZAqzeyPK_mKiS6m1Aj3izkOw87NHJgxznYA&indpubnum=3338919744720141&atk=1bb51484p182b282","onmousedown":"indeed_clk(this,'40');","jobkey":"b989b3173a5328ef","sponsored":false,"expired":false,"indeedApply":true,"formattedLocationFull":"Boston, MA","formattedRelativeTime":"1 day ago","stations":""},{"jobtitle":"Java-Application Development Engineering Specalist","company":"American Family Insurance","city":"Madison","state":"WI","country":"US","formattedLocation":"Madison, WI","source":"American Family Insurance","date":"Mon, 13 Mar 2017 15:52:57 GMT","snippet":"Preferred candidates with a minimum of 5 years of experience in <b>Java</b> and Oracle. Uses comprehensive application knowledge and or technical knowledge to provide...","url":"http://www.indeed.com/viewjob?jk=f9708276aebd6615&qd=usoBPHMd3vYN69bRu-PQwcxBheEzuNOj46oJk2PU6yPPaaBuvSwk2ub69Dxr0mQTERp4f6wFZAqzeyPK_mKiS6m1Aj3izkOw87NHJgxznYA&indpubnum=3338919744720141&atk=1bb51484p182b282","onmousedown":"indeed_clk(this,'40');","jobkey":"f9708276aebd6615","sponsored":false,"expired":false,"indeedApply":false,"formattedLocationFull":"Madison, WI","formattedRelativeTime":"7 hours ago","stations":""},{"jobtitle":"Summer Hire Operation Interns (Engineering Roles)","company":"Ingersoll Rand","city":"Macon","state":"GA","country":"US","formattedLocation":"Macon, GA","source":"Ingersoll Rand","date":"Mon, 13 Mar 2017 15:38:07 GMT","snippet":"Knowledge and experience with C++, C#, and <b>Java</b> preferred. At Ingersoll Rand we're passionate about inspiring progress around the world....","url":"http://www.indeed.com/viewjob?jk=ba66df6f465cd599&qd=usoBPHMd3vYN69bRu-PQwcxBheEzuNOj46oJk2PU6yPPaaBuvSwk2ub69Dxr0mQTERp4f6wFZAqzeyPK_mKiS6m1Aj3izkOw87NHJgxznYA&indpubnum=3338919744720141&atk=1bb51484p182b282","onmousedown":"indeed_clk(this,'40');","jobkey":"ba66df6f465cd599","sponsored":false,"expired":false,"indeedApply":false,"formattedLocationFull":"Macon, GA 31210","formattedRelativeTime":"8 hours ago","stations":""},{"jobtitle":"Java Developer","company":"TEKSystems","city":"Miami","state":"FL","country":"US","formattedLocation":"Miami, FL","source":"TEKSystems","date":"Mon, 13 Mar 2017 17:03:32 GMT","snippet":"3 to 5 years of <b>Java</b> Development Skills. One of our exciting Fortune 500 clients is looking for a <b>Java</b> Developer with over five years of experience....","url":"http://www.indeed.com/viewjob?jk=012f90398ca9932d&qd=usoBPHMd3vYN69bRu-PQwcxBheEzuNOj46oJk2PU6yPPaaBuvSwk2ub69Dxr0mQTERp4f6wFZAqzeyPK_mKiS6m1Aj3izkOw87NHJgxznYA&indpubnum=3338919744720141&atk=1bb51484p182b282","onmousedown":"indeed_clk(this,'40');","jobkey":"012f90398ca9932d","sponsored":false,"expired":false,"indeedApply":false,"formattedLocationFull":"Miami, FL","formattedRelativeTime":"6 hours ago","stations":""},{"jobtitle":"Staff Software Engineer","company":"Intuit","city":"Mountain View","state":"CA","country":"US","formattedLocation":"Mountain View, CA","source":"Intuit","date":"Mon, 13 Mar 2017 10:16:39 GMT","snippet":"With <b>Java</b> a plus. QuickBooks Financing is a nimble and high-priority fin-tech....","url":"http://www.indeed.com/viewjob?jk=f6121a4ab9aba286&qd=usoBPHMd3vYN69bRu-PQwcxBheEzuNOj46oJk2PU6yPPaaBuvSwk2ub69Dxr0mQTERp4f6wFZAqzeyPK_mKiS6m1Aj3izkOw87NHJgxznYA&indpubnum=3338919744720141&atk=1bb51484p182b282","onmousedown":"indeed_clk(this,'40');","jobkey":"f6121a4ab9aba286","sponsored":false,"expired":false,"indeedApply":false,"formattedLocationFull":"Mountain View, CA 94039","formattedRelativeTime":"13 hours ago","stations":""},{"jobtitle":"Junior Technical Consultant","company":"Workbridge Associates","city":"Wayne","state":"PA","country":"US","formattedLocation":"Wayne, PA","source":"Workbridge Associates","date":"Mon, 13 Mar 2017 16:16:16 GMT","snippet":"2+ years <b>Java</b> experience. This company is looking for a junior level technical consultant to join their small, growing team....","url":"http://www.indeed.com/viewjob?jk=d91b2514b9e0a034&qd=usoBPHMd3vYN69bRu-PQwcxBheEzuNOj46oJk2PU6yPPaaBuvSwk2ub69Dxr0mQTERp4f6wFZAqzeyPK_mKiS6m1Aj3izkOw87NHJgxznYA&indpubnum=3338919744720141&atk=1bb51484p182b282","onmousedown":"indeed_clk(this,'40');","jobkey":"d91b2514b9e0a034","sponsored":false,"expired":false,"indeedApply":true,"formattedLocationFull":"Wayne, PA 19089","formattedRelativeTime":"7 hours ago","stations":""},{"jobtitle":"Remote DevOps Engineer/Solutions Architect","company":"32 Solutions Ltd","city":"Remote","state":"","country":"US","formattedLocation":"Remote","source":"Indeed","date":"Mon, 13 Mar 2017 16:20:38 GMT","snippet":"Our client offers support, training, design reviews and architectural services on a wide variety of products, with a focus on <b>Java</b> and Linux technologies for...","url":"http://www.indeed.com/viewjob?jk=8205f680c5ecb289&qd=usoBPHMd3vYN69bRu-PQwcxBheEzuNOj46oJk2PU6yPPaaBuvSwk2ub69Dxr0mQTERp4f6wFZAqzeyPK_mKiS6m1Aj3izkOw87NHJgxznYA&indpubnum=3338919744720141&atk=1bb51484p182b282","onmousedown":"indeed_clk(this,'40');","jobkey":"8205f680c5ecb289","sponsored":false,"expired":false,"indeedApply":true,"formattedLocationFull":"Remote","formattedRelativeTime":"7 hours ago","stations":""},{"jobtitle":"Front-end Engineer","company":"IAC","city":"Washington","state":"DC","country":"US","formattedLocation":"Washington, DC","source":"IAC","date":"Sun, 12 Mar 2017 08:11:22 GMT","snippet":"Javascript, HTML5/CSS3, Objective-C and <b>Java</b>. Built responsive, single page front-end apps using a modern framework (Angular, Ember, React, …) targeted at...","url":"http://www.indeed.com/viewjob?jk=fae4d44bade2c7d3&qd=usoBPHMd3vYN69bRu-PQwcxBheEzuNOj46oJk2PU6yPPaaBuvSwk2ub69Dxr0mQTERp4f6wFZAqzeyPK_mKiS6m1Aj3izkOw87NHJgxznYA&indpubnum=3338919744720141&atk=1bb51484p182b282","onmousedown":"indeed_clk(this,'40');","jobkey":"fae4d44bade2c7d3","sponsored":false,"expired":false,"indeedApply":false,"formattedLocationFull":"Washington, DC","formattedRelativeTime":"1 day ago","stations":""},{"jobtitle":"Principal Software Developer","company":"Vistronix","city":"Annapolis Junction","state":"MD","country":"US","formattedLocation":"Annapolis Junction, MD","source":"Vistronix","date":"Mon, 13 Mar 2017 17:03:42 GMT","snippet":"<b>Java</b> development experience. Cyber &amp; SIGINT Operations, C4ISR &amp; Multi-INT Processing, and Enterprise &amp; Open Source Analysis....","url":"http://www.indeed.com/viewjob?jk=3b534506cd7f38e9&qd=usoBPHMd3vYN69bRu-PQwcxBheEzuNOj46oJk2PU6yPPaaBuvSwk2ub69Dxr0mQTERp4f6wFZAqzeyPK_mKiS6m1Aj3izkOw87NHJgxznYA&indpubnum=3338919744720141&atk=1bb51484p182b282","onmousedown":"indeed_clk(this,'40');","jobkey":"3b534506cd7f38e9","sponsored":false,"expired":false,"indeedApply":false,"formattedLocationFull":"Annapolis Junction, MD","formattedRelativeTime":"6 hours ago","stations":""},{"jobtitle":"TORCH-2416 Simulation and Software Developer","company":"Torch Technologies","city":"Huntsville","state":"AL","country":"US","formattedLocation":"Huntsville, AL","source":"Torch Technologies","date":"Mon, 13 Mar 2017 15:08:58 GMT","snippet":"Python, FORTRAN, Perl, Ada, and <b>Java</b>. Simulation and Software Developer (Full-time)....","url":"http://www.indeed.com/viewjob?jk=c3c4e0728007995d&qd=usoBPHMd3vYN69bRu-PQwcxBheEzuNOj46oJk2PU6yPPaaBuvSwk2ub69Dxr0mQTERp4f6wFZAqzeyPK_mKiS6m1Aj3izkOw87NHJgxznYA&indpubnum=3338919744720141&atk=1bb51484p182b282","onmousedown":"indeed_clk(this,'40');","jobkey":"c3c4e0728007995d","sponsored":false,"expired":false,"indeedApply":false,"formattedLocationFull":"Huntsville, AL 35802","formattedRelativeTime":"8 hours ago","stations":""}]}