{"version":2,"query":"java","location":"","paginationPayload":"","dupefilter":true,"highlight":true,"totalResults":1192,"start":901,"end":925,"pageNumber":36,"results":[{"jobtitle":"Senior Software Engineer - Special Projects","company":"Legacy Solutions","city":"Cupertino","state":"CA","country":"US","formattedLocation":"Cupertino, CA","source":"Indeed","date":"Mon, 13 Mar 2017 22:21:36 GMT","snippet":"Highly proficient in at least, one modern programming language such as <b>Java</b>, Objective-C, Swift. \\*\\*\\*\\*\\*\\*\\*\\*\\*\\*\\*\\*\\*\\*\\*\\*\\*\\*\\*\\*\\*\\*\\*\\*NO VISA...","url":"http://www.indeed.com/viewjob?jk=4d12b3c463ff7385&qd=usoBPHMd3vYN69bRu-PQwcxBheEzuNOj46oJk2PU6yPPaaBuvSwk2ub69Dxr0mQTERp4f6wFZAqzeyPK_mKiS6m1Aj3izkOw87NHJgxznYA&indpubnum=3338919744720141&atk=1bb5148akaf0jbm6","onmousedown":"indeed_clk(this,'226');","jobkey":"4d12b3c463ff7385","sponsored":false,"expired":false,"indeedApply":true,"formattedLocationFull":"Cupertino, CA","formattedRelativeTime":"1 hour ago","stations":""},{"jobtitle":"Senior Automation Test Engineer","company":"Castle Consulting Services, Inc.","city":"Silver Springs","state":"MD","country":"US","formattedLocation":"Silver Springs, MD","source":"Indeed","date":"Mon, 13 Mar 2017 17:11:01 GMT","snippet":"<b>Java</b>, C#, Eclipse/IntelliJ, JSON. Design, develop and execute software test plans and processes using Ruby, AWS, Chef Jenkin, <b>Java</b>, Selenium and Appium....","url":"http://www.indeed.com/viewjob?jk=45f1b1e7079e82bd&qd=usoBPHMd3vYN69bRu-PQwcxBheEzuNOj46oJk2PU6yPPaaBuvSwk2ub69Dxr0mQTERp4f6wFZAqzeyPK_mKiS6m1Aj3izkOw87NHJgxznYA&indpubnum=3338919744720141&atk=1bb5148akaf0jbm6","onmousedown":"indeed_clk(this,'226');","jobkey":"45f1b1e7079e82bd","sponsored":false,"expired":false,"indeedApply":true,"formattedLocationFull":"Silver Springs, MD","formattedRelativeTime":"6 hours ago","stations":""},{"jobtitle":"Application Security Analyst","company":"Palace Gate Corporation","city":"Chicago","state":"IL","country":"US","formattedLocation":"Chicago, IL","source":"Indeed","date":"Mon, 13 Mar 2017 05:08:51 GMT","snippet":"Experienced in <b>Java</b> programming including <b>Java</b> Servlets, JSP, J2EE, Spring. Professional application development certifications a plus (i.e., OCP or OCM – <b>Java</b>,...","url":"http://www.indeed.com/viewjob?jk=e71a68fac7ee76ae&qd=usoBPHMd3vYN69bRu-PQwcxBheEzuNOj46oJk2PU6yPPaaBuvSwk2ub69Dxr0mQTERp4f6wFZAqzeyPK_mKiS6m1Aj3izkOw87NHJgxznYA&indpubnum=3338919744720141&atk=1bb5148akaf0jbm6","onmousedown":"indeed_clk(this,'226');","jobkey":"e71a68fac7ee76ae","sponsored":false,"expired":false,"indeedApply":true,"formattedLocationFull":"Chicago, IL","formattedRelativeTime":"18 hours ago","stations":""},{"jobtitle":"Production Services Manager","company":"Bank of America","city":"Plano","state":"TX","country":"US","formattedLocation":"Plano, TX","source":"Bank of America","date":"Mon, 13 Mar 2017 20:30:47 GMT","snippet":"Knowledge of <b>JAVA</b>, Unix. Knowledge of <b>Java</b>, UNIX, and monitoring tools are required. The overview of this position (based in Plano, TX) includes:....","url":"http://www.indeed.com/viewjob?jk=c1081af864311d30&qd=usoBPHMd3vYN69bRu-PQwcxBheEzuNOj46oJk2PU6yPPaaBuvSwk2ub69Dxr0mQTERp4f6wFZAqzeyPK_mKiS6m1Aj3izkOw87NHJgxznYA&indpubnum=3338919744720141&atk=1bb5148akaf0jbm6","onmousedown":"indeed_clk(this,'226');","jobkey":"c1081af864311d30","sponsored":false,"expired":false,"indeedApply":false,"formattedLocationFull":"Plano, TX 75024","formattedRelativeTime":"3 hours ago","stations":""},{"jobtitle":"Space Surveillance Telescope Mission GUI Developer","company":"Solidus Technical Solutions","city":"Lexington","state":"MA","country":"US","formattedLocation":"Lexington, MA","source":"Indeed","date":"Mon, 13 Mar 2017 16:13:22 GMT","snippet":"Working knowledge of <b>Java</b>, C++, SQL and UI development tools. Solidus is searching for Space Surveillance Telescope Mission - GUI Developer....","url":"http://www.indeed.com/viewjob?jk=2b0bc5cfbaf7626c&qd=usoBPHMd3vYN69bRu-PQwcxBheEzuNOj46oJk2PU6yPPaaBuvSwk2ub69Dxr0mQTERp4f6wFZAqzeyPK_mKiS6m1Aj3izkOw87NHJgxznYA&indpubnum=3338919744720141&atk=1bb5148akaf0jbm6","onmousedown":"indeed_clk(this,'226');","jobkey":"2b0bc5cfbaf7626c","sponsored":false,"expired":false,"indeedApply":true,"formattedLocationFull":"Lexington, MA 02420","formattedRelativeTime":"7 hours ago","stations":""},{"jobtitle":"Intern, Systems & Tools","company":"Intelsat","city":"Washington","state":"DC","country":"US","formattedLocation":"Washington, DC","source":"washingtonpost.com","date":"Mon, 13 Mar 2017 13:03:50 GMT","snippet":"Programming in C++ or <b>Java</b> or Visual Basic in Microsoft Access. An Equal Opportunity Employer....","url":"http://www.indeed.com/viewjob?jk=df8f1b8a37209478&qd=usoBPHMd3vYN69bRu-PQwcxBheEzuNOj46oJk2PU6yPPaaBuvSwk2ub69Dxr0mQTERp4f6wFZAqzeyPK_mKiS6m1Aj3izkOw87NHJgxznYA&indpubnum=3338919744720141&atk=1bb5148akaf0jbm6","onmousedown":"indeed_clk(this,'226');","jobkey":"df8f1b8a37209478","sponsored":false,"expired":false,"indeedApply":false,"formattedLocationFull":"Washington, DC 20008","formattedRelativeTime":"10 hours ago","stations":""},{"jobtitle":"Sr. Software Engineer (Hadoop)","company":"Preferred Systems Solutions, Inc.","city":"Columbia","state":"MD","country":"US","formattedLocation":"Columbia, MD","source":"Preferred Systems Solutions, Inc.","date":"Mon, 13 Mar 2017 05:49:57 GMT","snippet":"Within the last seven (7) years, a minimum of five (5) years experience developing in <b>Java</b>. Within the last (5) years, a minimum of three (3) years experience...","url":"http://www.indeed.com/viewjob?jk=91b42f545a75a9dd&qd=usoBPHMd3vYN69bRu-PQwcxBheEzuNOj46oJk2PU6yPPaaBuvSwk2ub69Dxr0mQTERp4f6wFZAqzeyPK_mKiS6m1Aj3izkOw87NHJgxznYA&indpubnum=3338919744720141&atk=1bb5148akaf0jbm6","onmousedown":"indeed_clk(this,'226');","jobkey":"91b42f545a75a9dd","sponsored":false,"expired":false,"indeedApply":false,"formattedLocationFull":"Columbia, MD","formattedRelativeTime":"17 hours ago","stations":""},{"jobtitle":"COLD FUSION DEVELOPER 2","company":"V-Tech Solutions","city":"Herndon","state":"VA","country":"US","formattedLocation":"Herndon, VA","source":"V-Tech Solutions","date":"Mon, 13 Mar 2017 18:27:10 GMT","snippet":"<b>Java</b>, <b>Java</b> Servlet, Javabean, EJB, OO Design, HTML. COLD FUSION DEVELOPER 2....","url":"http://www.indeed.com/viewjob?jk=a83eb35356e9a7b1&qd=usoBPHMd3vYN69bRu-PQwcxBheEzuNOj46oJk2PU6yPPaaBuvSwk2ub69Dxr0mQTERp4f6wFZAqzeyPK_mKiS6m1Aj3izkOw87NHJgxznYA&indpubnum=3338919744720141&atk=1bb5148akaf0jbm6","onmousedown":"indeed_clk(this,'226');","jobkey":"a83eb35356e9a7b1","sponsored":false,"expired":false,"indeedApply":true,"formattedLocationFull":"Herndon, VA","formattedRelativeTime":"5 hours ago","stations":""},{"jobtitle":"Systems Integration Engineer Skill Level 2","company":"Minerva Engineering","city":"Hanover","state":"MD","country":"US","formattedLocation":"Hanover, MD","source":"Minerva Engineering","date":"Mon, 13 Mar 2017 20:21:38 GMT","snippet":"<b>Java</b>, C, and/or C++ (U). Contributes to and/or leads all aspects of project/program hardware and/or software integration from design through implementation and...","url":"http://www.indeed.com/viewjob?jk=b82444ef8eddc6ce&qd=usoBPHMd3vYN69bRu-PQwcxBheEzuNOj46oJk2PU6yPPaaBuvSwk2ub69Dxr0mQTERp4f6wFZAqzeyPK_mKiS6m1Aj3izkOw87NHJgxznYA&indpubnum=3338919744720141&atk=1bb5148akaf0jbm6","onmousedown":"indeed_clk(this,'226');","jobkey":"b82444ef8eddc6ce","sponsored":false,"expired":false,"indeedApply":false,"formattedLocationFull":"Hanover, MD","formattedRelativeTime":"3 hours ago","stations":""},{"jobtitle":"Sr. Web Developers -.Net","company":"VEDICSOFT","city":"","state":"","country":"US","formattedLocation":"United States","source":"VEDICSOFT","date":"Mon, 13 Mar 2017 18:40:32 GMT","snippet":"Review, monitor, analyze, write, design &amp; update web page content using tools such as C, .Net, <b>Java</b> Script, JQuery, HTML, CSS, XML, SQL Server, Windows, Web...","url":"http://www.indeed.com/viewjob?jk=bc5c2ff6f9684a87&qd=usoBPHMd3vYN69bRu-PQwcxBheEzuNOj46oJk2PU6yPPaaBuvSwk2ub69Dxr0mQTERp4f6wFZAqzeyPK_mKiS6m1Aj3izkOw87NHJgxznYA&indpubnum=3338919744720141&atk=1bb5148akaf0jbm6","onmousedown":"indeed_clk(this,'226');","jobkey":"bc5c2ff6f9684a87","sponsored":false,"expired":false,"indeedApply":false,"formattedLocationFull":"United States","formattedRelativeTime":"5 hours ago","stations":""},{"jobtitle":"Systems Integ Sr. Consultant","company":"Dell","city":"Remote","state":"","country":"US","formattedLocation":"Remote","source":"Dell","date":"Mon, 13 Mar 2017 11:51:48 GMT","snippet":"Demonstrated deployments of enterprise software systems and SaaS using industry standard environments including XML, HTTP/HTTPS, <b>Java</b>, C++, and ASP....","url":"http://www.indeed.com/viewjob?jk=566039061b298be5&qd=usoBPHMd3vYN69bRu-PQwcxBheEzuNOj46oJk2PU6yPPaaBuvSwk2ub69Dxr0mQTERp4f6wFZAqzeyPK_mKiS6m1Aj3izkOw87NHJgxznYA&indpubnum=3338919744720141&atk=1bb5148akaf0jbm6","onmousedown":"indeed_clk(this,'226');","jobkey":"566039061b298be5","sponsored":false,"expired":false,"indeedApply":false,"formattedLocationFull":"Remote","formattedRelativeTime":"11 hours ago","stations":""},{"jobtitle":"Sr Analyst - iProduct","company":"ALSAC/St. Jude Children's Research Hospital","city":"Memphis","state":"TN","country":"US","formattedLocation":"Memphis, TN","source":"ALSAC/St. Jude Children's Research Hospital","date":"Mon, 13 Mar 2017 09:24:52 GMT","snippet":"Knowledge of SOLARIS, Windows, <b>Java</b>, JDBC, <b>Java</b> Script, JSP, PL/SQL, XML, UNIX-Shell Scripting, Apache, Oracle, Weblogic....","url":"http://www.indeed.com/viewjob?jk=66305182c305faaa&qd=usoBPHMd3vYN69bRu-PQwcxBheEzuNOj46oJk2PU6yPPaaBuvSwk2ub69Dxr0mQTERp4f6wFZAqzeyPK_mKiS6m1Aj3izkOw87NHJgxznYA&indpubnum=3338919744720141&atk=1bb5148akaf0jbm6","onmousedown":"indeed_clk(this,'226');","jobkey":"66305182c305faaa","sponsored":false,"expired":false,"indeedApply":false,"formattedLocationFull":"Memphis, TN 38105","formattedRelativeTime":"14 hours ago","stations":""},{"jobtitle":"Sr. SW Dev Engineer, RDS Database Engines, Palo Alto","company":"Amazon Corporate LLC","city":"Palo Alto","state":"CA","country":"US","formattedLocation":"Palo Alto, CA","source":"Amazon.com","date":"Mon, 13 Mar 2017 06:04:26 GMT","snippet":"You are experienced with more than one of <b>Java</b>, C, C++. We have the need for low-level systems C programmers, mid-tier high performance C++ developers, and...","url":"http://www.indeed.com/viewjob?jk=196d7a0956fc09c4&qd=usoBPHMd3vYN69bRu-PQwcxBheEzuNOj46oJk2PU6yPPaaBuvSwk2ub69Dxr0mQTERp4f6wFZAqzeyPK_mKiS6m1Aj3izkOw87NHJgxznYA&indpubnum=3338919744720141&atk=1bb5148akaf0jbm6","onmousedown":"indeed_clk(this,'226');","jobkey":"196d7a0956fc09c4","sponsored":false,"expired":false,"indeedApply":false,"formattedLocationFull":"Palo Alto, CA","formattedRelativeTime":"17 hours ago","stations":""},{"jobtitle":"SENIOR CLOUD SOFTWARE ARCHITECT","company":"TEKSystems","city":"","state":"NJ","country":"US","formattedLocation":"New Jersey","source":"TEKSystems","date":"Mon, 13 Mar 2017 17:04:30 GMT","snippet":"8+ years developing <b>Java</b> applications deployed in the cloud. Understanding and ability to write unit, system, and integration tests in <b>Java</b>....","url":"http://www.indeed.com/viewjob?jk=f98a0241aae81e01&qd=usoBPHMd3vYN69bRu-PQwcxBheEzuNOj46oJk2PU6yPPaaBuvSwk2ub69Dxr0mQTERp4f6wFZAqzeyPK_mKiS6m1Aj3izkOw87NHJgxznYA&indpubnum=3338919744720141&atk=1bb5148akaf0jbm6","onmousedown":"indeed_clk(this,'226');","jobkey":"f98a0241aae81e01","sponsored":false,"expired":false,"indeedApply":false,"formattedLocationFull":"New Jersey","formattedRelativeTime":"6 hours ago","stations":""},{"jobtitle":"Junior Big Data Analyst","company":"Mitchell Martin","city":"Long Island City","state":"NY","country":"US","formattedLocation":"Long Island City, NY","source":"Mitchell/Martin","date":"Mon, 13 Mar 2017 10:38:33 GMT","snippet":"Our client, one of the largest financial services firms, is seeking a Junior Big Data Analyst. Location: Long Island, NY Position Type: Contract Description: ","url":"http://www.indeed.com/viewjob?jk=d266a96bd53fb8b3&qd=usoBPHMd3vYN69bRu-PQwcxBheEzuNOj46oJk2PU6yPPaaBuvSwk2ub69Dxr0mQTERp4f6wFZAqzeyPK_mKiS6m1Aj3izkOw87NHJgxznYA&indpubnum=3338919744720141&atk=1bb5148akaf0jbm6","onmousedown":"indeed_clk(this,'226');","jobkey":"d266a96bd53fb8b3","sponsored":false,"expired":false,"indeedApply":false,"formattedLocationFull":"Long Island City, NY 11101","formattedRelativeTime":"13 hours ago","stations":""},{"jobtitle":"QA Engineer","company":"Ellie Mae","city":"St. Louis","state":"MO","country":"US","formattedLocation":"St. Louis, MO","source":"Ellie Mae","date":"Sun, 12 Mar 2017 09:31:33 GMT","snippet":"Automate UI testing using Protractor and <b>Java</b>. Automate SOAP and REST API testing using a <b>JAVA</b> automation framework and TestNG. Ellie Mae (NYSE:....","url":"http://www.indeed.com/viewjob?jk=bdd6e8dcc96196cf&qd=usoBPHMd3vYN69bRu-PQwcxBheEzuNOj46oJk2PU6yPPaaBuvSwk2ub69Dxr0mQTERp4f6wFZAqzeyPK_mKiS6m1Aj3izkOw87NHJgxznYA&indpubnum=3338919744720141&atk=1bb5148akaf0jbm6","onmousedown":"indeed_clk(this,'226');","jobkey":"bdd6e8dcc96196cf","sponsored":false,"expired":false,"indeedApply":false,"formattedLocationFull":"St. Louis, MO","formattedRelativeTime":"1 day ago","stations":""},{"jobtitle":"Senior Full Stack Engineer","company":"Springboard Auto","city":"San Francisco","state":"CA","country":"US","formattedLocation":"San Francisco, CA","source":"Springboard Auto","date":"Mon, 13 Mar 2017 22:17:31 GMT","snippet":"Who we are: SpringboardAuto is bringing the fintech revolution to the trillion dollar automotive transaction market. Founded and led by leaders of the auto","url":"http://www.indeed.com/viewjob?jk=85e7b8a3bffc618f&qd=usoBPHMd3vYN69bRu-PQwcxBheEzuNOj46oJk2PU6yPPaaBuvSwk2ub69Dxr0mQTERp4f6wFZAqzeyPK_mKiS6m1Aj3izkOw87NHJgxznYA&indpubnum=3338919744720141&atk=1bb5148akaf0jbm6","onmousedown":"indeed_clk(this,'226');","jobkey":"85e7b8a3bffc618f","sponsored":false,"expired":false,"indeedApply":false,"formattedLocationFull":"San Francisco, CA 94103","formattedRelativeTime":"1 hour ago","stations":""},{"jobtitle":"Sr. Manager – Cloud Engineering","company":"Charles Schwab","city":"Austin","state":"TX","country":"US","formattedLocation":"Austin, TX","source":"Charles Schwab","date":"Sun, 12 Mar 2017 10:12:14 GMT","snippet":"Proficient building server side applications with either <b>Java</b> or C# Experience in the following:. We believe that , when done right, investing liberates people...","url":"http://www.indeed.com/viewjob?jk=36b1550b2392b39d&qd=usoBPHMd3vYN69bRu-PQwcxBheEzuNOj46oJk2PU6yPPaaBuvSwk2ub69Dxr0mQTERp4f6wFZAqzeyPK_mKiS6m1Aj3izkOw87NHJgxznYA&indpubnum=3338919744720141&atk=1bb5148akaf0jbm6","onmousedown":"indeed_clk(this,'226');","jobkey":"36b1550b2392b39d","sponsored":false,"expired":false,"indeedApply":false,"formattedLocationFull":"Austin, TX 73344","formattedRelativeTime":"1 day ago","stations":""},{"jobtitle":"Senior Java in USA/Weehawken Securities NA","company":"Luxoft","city":"Weehawken","state":"NJ","country":"US","formattedLocation":"Weehawken, NJ","source":"Luxoft","date":"Sun, 12 Mar 2017 07:22:04 GMT","snippet":"We are looking for an experienced Enterprise <b>Java</b> developer (J2SE5 or <b>Java</b> SE 6) who has been regarded as a key contributor to multiple large scale projects...","url":"http://www.indeed.com/viewjob?jk=ebe032a19f2e2efe&qd=usoBPHMd3vYN69bRu-PQwcxBheEzuNOj46oJk2PU6yPPaaBuvSwk2ub69Dxr0mQTERp4f6wFZAqzeyPK_mKiS6m1Aj3izkOw87NHJgxznYA&indpubnum=3338919744720141&atk=1bb5148akaf0jbm6","onmousedown":"indeed_clk(this,'226');","jobkey":"ebe032a19f2e2efe","sponsored":false,"expired":false,"indeedApply":false,"formattedLocationFull":"Weehawken, NJ","formattedRelativeTime":"1 day ago","stations":""},{"jobtitle":"Senior Java in USA/Weehawken Securities NA","company":"Luxoft","city":"Jersey City","state":"NJ","country":"US","formattedLocation":"Jersey City, NJ","source":"Luxoft","date":"Sun, 12 Mar 2017 07:22:04 GMT","snippet":"We are looking for an experienced Enterprise <b>Java</b> developer (J2SE5 or <b>Java</b> SE 6) who has been regarded as a key contributor to multiple large scale projects...","url":"http://www.indeed.com/viewjob?jk=c03ae992a24d75c6&qd=usoBPHMd3vYN69bRu-PQwcxBheEzuNOj46oJk2PU6yPPaaBuvSwk2ub69Dxr0mQTERp4f6wFZAqzeyPK_mKiS6m1Aj3izkOw87NHJgxznYA&indpubnum=3338919744720141&atk=1bb5148akaf0jbm6","onmousedown":"indeed_clk(this,'226');","jobkey":"c03ae992a24d75c6","sponsored":false,"expired":false,"indeedApply":false,"formattedLocationFull":"Jersey City, NJ","formattedRelativeTime":"1 day ago","stations":""},{"jobtitle":"Senior Java developer (Irvine, US-CA)","company":"Luxoft","city":"Irvine","state":"CA","country":"US","formattedLocation":"Irvine, CA","source":"Luxoft","date":"Sun, 12 Mar 2017 07:22:05 GMT","snippet":"5+ years commercial <b>Java</b> EE experience, core <b>java</b> skills. Our Customer is one of the world's largest investment management companies....","url":"http://www.indeed.com/viewjob?jk=6e6d8688a6c3a469&qd=usoBPHMd3vYN69bRu-PQwcxBheEzuNOj46oJk2PU6yPPaaBuvSwk2ub69Dxr0mQTERp4f6wFZAqzeyPK_mKiS6m1Aj3izkOw87NHJgxznYA&indpubnum=3338919744720141&atk=1bb5148akaf0jbm6","onmousedown":"indeed_clk(this,'226');","jobkey":"6e6d8688a6c3a469","sponsored":false,"expired":false,"indeedApply":false,"formattedLocationFull":"Irvine, CA","formattedRelativeTime":"1 day ago","stations":""},{"jobtitle":"Software & Systems Engineer (BAH Cyber Event-TS/SCI+Poly)","company":"Booz Allen Hamilton","city":"Annapolis Junction","state":"MD","country":"US","formattedLocation":"Annapolis Junction, MD","source":"Indeed","date":"Sun, 12 Mar 2017 17:46:57 GMT","snippet":"_Systems Engineers, Network Engineers, Systems Administrators, Data Scientists, Software Test Engineers, <b>Java</b>, Cloud, C++, Reverse Engineers, Embedded &amp; CNE/CNO...","url":"http://www.indeed.com/viewjob?jk=de62e2198112aebd&qd=usoBPHMd3vYN69bRu-PQwcxBheEzuNOj46oJk2PU6yPPaaBuvSwk2ub69Dxr0mQTERp4f6wFZAqzeyPK_mKiS6m1Aj3izkOw87NHJgxznYA&indpubnum=3338919744720141&atk=1bb5148akaf0jbm6","onmousedown":"indeed_clk(this,'226');","jobkey":"de62e2198112aebd","sponsored":false,"expired":false,"indeedApply":true,"formattedLocationFull":"Annapolis Junction, MD","formattedRelativeTime":"1 day ago","stations":""},{"jobtitle":"Lead DevOps Engineer","company":"Workbridge Associates","city":"Conshohocken","state":"PA","country":"US","formattedLocation":"Conshohocken, PA","source":"Workbridge Associates","date":"Mon, 13 Mar 2017 20:23:40 GMT","snippet":"2+ years of <b>Java</b> and Python experience. My client is responsible for developing software that creates a variety of unique and individualized brands....","url":"http://www.indeed.com/viewjob?jk=0d0a305719627232&qd=usoBPHMd3vYN69bRu-PQwcxBheEzuNOj46oJk2PU6yPPaaBuvSwk2ub69Dxr0mQTERp4f6wFZAqzeyPK_mKiS6m1Aj3izkOw87NHJgxznYA&indpubnum=3338919744720141&atk=1bb5148akaf0jbm6","onmousedown":"indeed_clk(this,'226');","jobkey":"0d0a305719627232","sponsored":false,"expired":false,"indeedApply":true,"formattedLocationFull":"Conshohocken, PA 19428","formattedRelativeTime":"3 hours ago","stations":""},{"jobtitle":"JAVA SCRIPT DEVELOPER","company":"Softcom Systems","city":"New York","state":"NY","country":"US","formattedLocation":"New York, NY","source":"Dice","date":"Mon, 13 Mar 2017 00:28:42 GMT","snippet":"<b>Java</b>, Ruby, Python)Exposure to modern MVC (Model-view-controller) frameworksSolid grounding in data driven applications and concepts (data/object modeling,...","url":"http://www.indeed.com/viewjob?jk=74c0c34eaf503a5a&qd=usoBPHMd3vYN69bRu-PQwcxBheEzuNOj46oJk2PU6yPPaaBuvSwk2ub69Dxr0mQTERp4f6wFZAqzeyPK_mKiS6m1Aj3izkOw87NHJgxznYA&indpubnum=3338919744720141&atk=1bb5148akaf0jbm6","onmousedown":"indeed_clk(this,'226');","jobkey":"74c0c34eaf503a5a","sponsored":false,"expired":false,"indeedApply":false,"formattedLocationFull":"New York, NY 10009","formattedRelativeTime":"23 hours ago","stations":""},{"jobtitle":"Adroid Developer","company":"AA Search","city":"Needham","state":"MA","country":"US","formattedLocation":"Needham, MA","source":"Indeed","date":"Sun, 12 Mar 2017 16:30:50 GMT","snippet":"3 Years commercial <b>Java</b> experience. Requires a strong background in <b>Java</b>, Android SDK, HTML5, Web Technologies, Web Services, networking and database...","url":"http://www.indeed.com/viewjob?jk=e86c23aad80776a1&qd=usoBPHMd3vYN69bRu-PQwcxBheEzuNOj46oJk2PU6yPPaaBuvSwk2ub69Dxr0mQTERp4f6wFZAqzeyPK_mKiS6m1Aj3izkOw87NHJgxznYA&indpubnum=3338919744720141&atk=1bb5148akaf0jbm6","onmousedown":"indeed_clk(this,'226');","jobkey":"e86c23aad80776a1","sponsored":false,"expired":false,"indeedApply":true,"formattedLocationFull":"Needham, MA","formattedRelativeTime":"1 day ago","stations":""}]}