{"version":2,"query":"java","location":"","paginationPayload":"","dupefilter":true,"highlight":true,"totalResults":1192,"start":876,"end":900,"pageNumber":35,"results":[{"jobtitle":"Cassandra Adminstrator","company":"Themesoft","city":"Dallas","state":"TX","country":"US","formattedLocation":"Dallas, TX","source":"Indeed","date":"Mon, 13 Mar 2017 22:42:18 GMT","snippet":"Excellent skills on <b>Java</b> or C++. Hands on experience in database administration in particularly no sql Cassandra and strong CQL knowledge....","url":"http://www.indeed.com/viewjob?jk=403c877d3be6be73&qd=usoBPHMd3vYN69bRu-PQwcxBheEzuNOj46oJk2PU6yPPaaBuvSwk2ub69Dxr0mQTERp4f6wFZAqzeyPK_mKiS6m1Aj3izkOw87NHJgxznYA&indpubnum=3338919744720141&atk=1bb51483v19uv3v1","onmousedown":"indeed_clk(this,'14');","jobkey":"403c877d3be6be73","sponsored":false,"expired":false,"indeedApply":true,"formattedLocationFull":"Dallas, TX 75240","formattedRelativeTime":"1 hour ago","stations":""},{"jobtitle":"Embedded Engineer","company":"RHM Technical Solutions","city":"Brookfield","state":"WI","country":"US","formattedLocation":"Brookfield, WI","source":"Indeed","date":"Mon, 13 Mar 2017 22:36:35 GMT","snippet":"Utilizes <b>Java</b>, HTML, CSS, JavaScript, Angular 2, C and C++ on Linux and Android to develop new system features and functionality....","url":"http://www.indeed.com/viewjob?jk=5dd5f38c9b914e68&qd=usoBPHMd3vYN69bRu-PQwcxBheEzuNOj46oJk2PU6yPPaaBuvSwk2ub69Dxr0mQTERp4f6wFZAqzeyPK_mKiS6m1Aj3izkOw87NHJgxznYA&indpubnum=3338919744720141&atk=1bb51483v19uv3v1","onmousedown":"indeed_clk(this,'14');","jobkey":"5dd5f38c9b914e68","sponsored":false,"expired":false,"indeedApply":true,"formattedLocationFull":"Brookfield, WI","formattedRelativeTime":"1 hour ago","stations":""},{"jobtitle":"Hadoop Administrator","company":"Inceed","city":"Raleigh","state":"NC","country":"US","formattedLocation":"Raleigh, NC","source":"Indeed","date":"Mon, 13 Mar 2017 22:26:36 GMT","snippet":"Should have <b>Java</b> based Application support experience of around 6-10 years. 2017 Best of Staffing Company, INCEED is recognized as being in the Top 1% of all...","url":"http://www.indeed.com/viewjob?jk=1dbddd4c2b5e3077&qd=usoBPHMd3vYN69bRu-PQwcxBheEzuNOj46oJk2PU6yPPaaBuvSwk2ub69Dxr0mQTERp4f6wFZAqzeyPK_mKiS6m1Aj3izkOw87NHJgxznYA&indpubnum=3338919744720141&atk=1bb51483v19uv3v1","onmousedown":"indeed_clk(this,'14');","jobkey":"1dbddd4c2b5e3077","sponsored":false,"expired":false,"indeedApply":true,"formattedLocationFull":"Raleigh, NC","formattedRelativeTime":"1 hour ago","stations":""},{"jobtitle":"Jr. Corporate Recruiter","company":"ALTA IT Services","city":"Tysons Corner","state":"VA","country":"US","formattedLocation":"Tysons Corner, VA","source":"Indeed","date":"Mon, 13 Mar 2017 12:17:40 GMT","snippet":"*Jr. Corporate IT Recruiter* ALTA IT is currently hiring for our client in need of a Junior level Corporate IT Recruiter. This person will be supporting a...","url":"http://www.indeed.com/viewjob?jk=f596687ccad678f2&qd=usoBPHMd3vYN69bRu-PQwcxBheEzuNOj46oJk2PU6yPPaaBuvSwk2ub69Dxr0mQTERp4f6wFZAqzeyPK_mKiS6m1Aj3izkOw87NHJgxznYA&indpubnum=3338919744720141&atk=1bb51483v19uv3v1","onmousedown":"indeed_clk(this,'14');","jobkey":"f596687ccad678f2","sponsored":false,"expired":false,"indeedApply":true,"formattedLocationFull":"Tysons Corner, VA","formattedRelativeTime":"11 hours ago","stations":""},{"jobtitle":"Recruiter (Internship)","company":"Elite Tek Solutions, Inc.","city":"Kansas City","state":"MO","country":"US","formattedLocation":"Kansas City, MO","source":"Indeed","date":"Mon, 13 Mar 2017 20:41:19 GMT","snippet":"We match quality clients to quality IT professionals of all technologies and skill levels, with an emphasis on <b>Java</b> and .NET....","url":"http://www.indeed.com/viewjob?jk=0b7ab596ebcdbd0c&qd=usoBPHMd3vYN69bRu-PQwcxBheEzuNOj46oJk2PU6yPPaaBuvSwk2ub69Dxr0mQTERp4f6wFZAqzeyPK_mKiS6m1Aj3izkOw87NHJgxznYA&indpubnum=3338919744720141&atk=1bb51483v19uv3v1","onmousedown":"indeed_clk(this,'14');","jobkey":"0b7ab596ebcdbd0c","sponsored":false,"expired":false,"indeedApply":true,"formattedLocationFull":"Kansas City, MO","formattedRelativeTime":"3 hours ago","stations":""},{"jobtitle":"Java with KDB","company":"Maven Workforce LLC","city":"Jersey City","state":"NJ","country":"US","formattedLocation":"Jersey City, NJ","source":"Indeed","date":"Mon, 13 Mar 2017 19:49:16 GMT","snippet":"*Title: - Software Developer* *Location: - Jersey City,NJ* *Position: - Contract* *Job Description: * *Primary Skills* KDB/java / oracle knowledge *--* ","url":"http://www.indeed.com/viewjob?jk=b707ab6661bc47b9&qd=usoBPHMd3vYN69bRu-PQwcxBheEzuNOj46oJk2PU6yPPaaBuvSwk2ub69Dxr0mQTERp4f6wFZAqzeyPK_mKiS6m1Aj3izkOw87NHJgxznYA&indpubnum=3338919744720141&atk=1bb51483v19uv3v1","onmousedown":"indeed_clk(this,'14');","jobkey":"b707ab6661bc47b9","sponsored":false,"expired":false,"indeedApply":true,"formattedLocationFull":"Jersey City, NJ","formattedRelativeTime":"3 hours ago","stations":""},{"jobtitle":"Quant Option Market-Making/Trader","company":"IJC Associates","city":"New York","state":"NY","country":"US","formattedLocation":"New York, NY","source":"Indeed","date":"Mon, 13 Mar 2017 19:02:41 GMT","snippet":"Python, C++, <b>Java</b>) and ability to navigate Linux servers. My Client is looking for a highly talented Quantitative Options Trader....","url":"http://www.indeed.com/viewjob?jk=16eed9d84dec6ecf&qd=usoBPHMd3vYN69bRu-PQwcxBheEzuNOj46oJk2PU6yPPaaBuvSwk2ub69Dxr0mQTERp4f6wFZAqzeyPK_mKiS6m1Aj3izkOw87NHJgxznYA&indpubnum=3338919744720141&atk=1bb51483v19uv3v1","onmousedown":"indeed_clk(this,'14');","jobkey":"16eed9d84dec6ecf","sponsored":false,"expired":false,"indeedApply":true,"formattedLocationFull":"New York, NY","formattedRelativeTime":"4 hours ago","stations":""},{"jobtitle":"Java With Cassandra","company":"HSS Soft LLC","city":"Houston","state":"TX","country":"US","formattedLocation":"Houston, TX","source":"Indeed","date":"Mon, 13 Mar 2017 17:55:11 GMT","snippet":"Role: Java With Cassandra Location: Houston, TX / New Jersey Permanent Java With Cassandra Job Type: Full-time Required experience: * Cassandra: 1...","url":"http://www.indeed.com/viewjob?jk=462de85beeb78e74&qd=usoBPHMd3vYN69bRu-PQwcxBheEzuNOj46oJk2PU6yPPaaBuvSwk2ub69Dxr0mQTERp4f6wFZAqzeyPK_mKiS6m1Aj3izkOw87NHJgxznYA&indpubnum=3338919744720141&atk=1bb51483v19uv3v1","onmousedown":"indeed_clk(this,'14');","jobkey":"462de85beeb78e74","sponsored":false,"expired":false,"indeedApply":true,"formattedLocationFull":"Houston, TX","formattedRelativeTime":"5 hours ago","stations":""},{"jobtitle":"Recruiter","company":"Elite Tek Solutions, Inc.","city":"Overland Park","state":"KS","country":"US","formattedLocation":"Overland Park, KS","source":"Indeed","date":"Mon, 13 Mar 2017 15:58:14 GMT","snippet":"We match quality clients to quality IT professionals of all technologies and skill levels, with an emphasis on <b>Java</b> and .NET....","url":"http://www.indeed.com/viewjob?jk=b28efbaba0d0b5b0&qd=usoBPHMd3vYN69bRu-PQwcxBheEzuNOj46oJk2PU6yPPaaBuvSwk2ub69Dxr0mQTERp4f6wFZAqzeyPK_mKiS6m1Aj3izkOw87NHJgxznYA&indpubnum=3338919744720141&atk=1bb51483v19uv3v1","onmousedown":"indeed_clk(this,'14');","jobkey":"b28efbaba0d0b5b0","sponsored":false,"expired":false,"indeedApply":true,"formattedLocationFull":"Overland Park, KS","formattedRelativeTime":"7 hours ago","stations":""},{"jobtitle":"Security Engineer (Scripting/Web/API/Automation)","company":"Seven Hills Software Technologies Inc","city":"Mount Laurel","state":"NJ","country":"US","formattedLocation":"Mount Laurel, NJ","source":"Indeed","date":"Mon, 13 Mar 2017 15:53:28 GMT","snippet":"Continuous delivery/integration management experience (GitHub Enterprise, Gerrit, Jenkins). Sr....","url":"http://www.indeed.com/viewjob?jk=e6b5dcfc562872d5&qd=usoBPHMd3vYN69bRu-PQwcxBheEzuNOj46oJk2PU6yPPaaBuvSwk2ub69Dxr0mQTERp4f6wFZAqzeyPK_mKiS6m1Aj3izkOw87NHJgxznYA&indpubnum=3338919744720141&atk=1bb51483v19uv3v1","onmousedown":"indeed_clk(this,'14');","jobkey":"e6b5dcfc562872d5","sponsored":false,"expired":false,"indeedApply":true,"formattedLocationFull":"Mount Laurel, NJ","formattedRelativeTime":"7 hours ago","stations":""},{"jobtitle":"Security Engineer (Automation/Scripting/Web/API)","company":"Seven Hills Software Technologies Inc","city":"Philadelphia","state":"PA","country":"US","formattedLocation":"Philadelphia, PA","source":"Indeed","date":"Mon, 13 Mar 2017 15:51:46 GMT","snippet":"Continuous delivery/integration management experience (GitHub Enterprise, Gerrit, Jenkins). Sr....","url":"http://www.indeed.com/viewjob?jk=220de2e7e95bddd2&qd=usoBPHMd3vYN69bRu-PQwcxBheEzuNOj46oJk2PU6yPPaaBuvSwk2ub69Dxr0mQTERp4f6wFZAqzeyPK_mKiS6m1Aj3izkOw87NHJgxznYA&indpubnum=3338919744720141&atk=1bb51483v19uv3v1","onmousedown":"indeed_clk(this,'14');","jobkey":"220de2e7e95bddd2","sponsored":false,"expired":false,"indeedApply":true,"formattedLocationFull":"Philadelphia, PA","formattedRelativeTime":"7 hours ago","stations":""},{"jobtitle":"Sailpoint Implementation Engineer","company":"Cybersearch, Ltd.","city":"Roswell","state":"GA","country":"US","formattedLocation":"Roswell, GA","source":"Indeed","date":"Mon, 13 Mar 2017 14:29:56 GMT","snippet":"Working with clients post implementation for user testing, debugging, support and maintenance. SailPoint Implementation Engineer....","url":"http://www.indeed.com/viewjob?jk=3db5f0d96e28d1b8&qd=usoBPHMd3vYN69bRu-PQwcxBheEzuNOj46oJk2PU6yPPaaBuvSwk2ub69Dxr0mQTERp4f6wFZAqzeyPK_mKiS6m1Aj3izkOw87NHJgxznYA&indpubnum=3338919744720141&atk=1bb51483v19uv3v1","onmousedown":"indeed_clk(this,'14');","jobkey":"3db5f0d96e28d1b8","sponsored":false,"expired":false,"indeedApply":true,"formattedLocationFull":"Roswell, GA","formattedRelativeTime":"9 hours ago","stations":""},{"jobtitle":"Development Integration Technical Lead","company":"Request Technology","city":"McLean","state":"VA","country":"US","formattedLocation":"McLean, VA","source":"Request Technology","date":"Mon, 13 Mar 2017 09:41:23 GMT","snippet":".• Sound Proficiency with <b>Java</b> JEE based technologies. Performing <b>Java</b>/ J2EE development tasks utilizing both Waterfall and Agile Scrum methodologies....","url":"http://www.indeed.com/viewjob?jk=2b3398e48edb401b&qd=usoBPHMd3vYN69bRu-PQwcxBheEzuNOj46oJk2PU6yPPaaBuvSwk2ub69Dxr0mQTERp4f6wFZAqzeyPK_mKiS6m1Aj3izkOw87NHJgxznYA&indpubnum=3338919744720141&atk=1bb51483v19uv3v1","onmousedown":"indeed_clk(this,'14');","jobkey":"2b3398e48edb401b","sponsored":false,"expired":false,"indeedApply":false,"formattedLocationFull":"McLean, VA","formattedRelativeTime":"14 hours ago","stations":""},{"jobtitle":"Team Lead - Waltham, MA","company":"Amadeus","city":"Boston","state":"MA","country":"US","formattedLocation":"Boston, MA","source":"Amadeus","date":"Mon, 13 Mar 2017 14:39:15 GMT","snippet":"Bachelor’s degree in Computer Science, Engineering, Management Information Systems, or related technical field and 5 years of experience in position or as a...","url":"http://www.indeed.com/viewjob?jk=3c1d69e2c8090bae&qd=usoBPHMd3vYN69bRu-PQwcxBheEzuNOj46oJk2PU6yPPaaBuvSwk2ub69Dxr0mQTERp4f6wFZAqzeyPK_mKiS6m1Aj3izkOw87NHJgxznYA&indpubnum=3338919744720141&atk=1bb51483v19uv3v1","onmousedown":"indeed_clk(this,'14');","jobkey":"3c1d69e2c8090bae","sponsored":false,"expired":false,"indeedApply":false,"formattedLocationFull":"Boston, MA","formattedRelativeTime":"9 hours ago","stations":""},{"jobtitle":"Guidewire Configurator","company":"Palace Gate Corporation","city":"Schaumburg","state":"IL","country":"US","formattedLocation":"Schaumburg, IL","source":"Indeed","date":"Mon, 13 Mar 2017 05:13:32 GMT","snippet":"Experienced knowledge and demonstrated ability with <b>Java</b> programming or object oriented development. Palace Gate Corporation is currently seeking a Guidewire...","url":"http://www.indeed.com/viewjob?jk=48d958802d3df5c5&qd=usoBPHMd3vYN69bRu-PQwcxBheEzuNOj46oJk2PU6yPPaaBuvSwk2ub69Dxr0mQTERp4f6wFZAqzeyPK_mKiS6m1Aj3izkOw87NHJgxznYA&indpubnum=3338919744720141&atk=1bb51483v19uv3v1","onmousedown":"indeed_clk(this,'14');","jobkey":"48d958802d3df5c5","sponsored":false,"expired":false,"indeedApply":true,"formattedLocationFull":"Schaumburg, IL","formattedRelativeTime":"18 hours ago","stations":""},{"jobtitle":"Windows System Administrator","company":"Palace Gate Corporation","city":"Chicago","state":"IL","country":"US","formattedLocation":"Chicago, IL","source":"Indeed","date":"Mon, 13 Mar 2017 05:21:58 GMT","snippet":"Experience with Windows desktop operating systems, print servers, printers, MFDs, plotters, <b>Java</b>, Adobe, Preferred experience with Monitoring Applications...","url":"http://www.indeed.com/viewjob?jk=12195f88e12ae5b9&qd=usoBPHMd3vYN69bRu-PQwcxBheEzuNOj46oJk2PU6yPPaaBuvSwk2ub69Dxr0mQTERp4f6wFZAqzeyPK_mKiS6m1Aj3izkOw87NHJgxznYA&indpubnum=3338919744720141&atk=1bb51483v19uv3v1","onmousedown":"indeed_clk(this,'14');","jobkey":"12195f88e12ae5b9","sponsored":false,"expired":false,"indeedApply":true,"formattedLocationFull":"Chicago, IL","formattedRelativeTime":"18 hours ago","stations":""},{"jobtitle":"Oracle Middleware Engineer","company":"DeSanti","city":"Pasadena","state":"CA","country":"US","formattedLocation":"Pasadena, CA","source":"Indeed","date":"Mon, 13 Mar 2017 17:09:05 GMT","snippet":"JMS and other <b>Java</b> EE messaging protocols. Will be a member of the Business Operations team supporting the Oracle Fusion Middleware / Oracle Identity Management...","url":"http://www.indeed.com/viewjob?jk=8be8d9f1005ee4d2&qd=usoBPHMd3vYN69bRu-PQwcxBheEzuNOj46oJk2PU6yPPaaBuvSwk2ub69Dxr0mQTERp4f6wFZAqzeyPK_mKiS6m1Aj3izkOw87NHJgxznYA&indpubnum=3338919744720141&atk=1bb51483v19uv3v1","onmousedown":"indeed_clk(this,'14');","jobkey":"8be8d9f1005ee4d2","sponsored":false,"expired":false,"indeedApply":true,"formattedLocationFull":"Pasadena, CA","formattedRelativeTime":"6 hours ago","stations":""},{"jobtitle":"Senior Java Engineer","company":"Jobspring Partners","city":"Chicago","state":"IL","country":"US","formattedLocation":"Chicago, IL","source":"Jobspring Partners","date":"Mon, 13 Mar 2017 20:23:40 GMT","snippet":"They are seeking someone who has experience with <b>Java</b>, functional programming, and AWS. This well-established startup located in downtown Chicago is looking for...","url":"http://www.indeed.com/viewjob?jk=c413064543965c47&qd=usoBPHMd3vYN69bRu-PQwcxBheEzuNOj46oJk2PU6yPPaaBuvSwk2ub69Dxr0mQTERp4f6wFZAqzeyPK_mKiS6m1Aj3izkOw87NHJgxznYA&indpubnum=3338919744720141&atk=1bb51483v19uv3v1","onmousedown":"indeed_clk(this,'14');","jobkey":"c413064543965c47","sponsored":false,"expired":false,"indeedApply":true,"formattedLocationFull":"Chicago, IL 60661","formattedRelativeTime":"3 hours ago","stations":""},{"jobtitle":"Director Of Development","company":"Telarix","city":"Vienna","state":"VA","country":"US","formattedLocation":"Vienna, VA","source":"Telarix","date":"Mon, 13 Mar 2017 06:08:55 GMT","snippet":"Strong background with software development in C#, C++, <b>Java</b>, Python. Telarix is a leading provider of interconnect and settlement software solutions to telecom...","url":"http://www.indeed.com/viewjob?jk=2f92040d1a1c87c3&qd=usoBPHMd3vYN69bRu-PQwcxBheEzuNOj46oJk2PU6yPPaaBuvSwk2ub69Dxr0mQTERp4f6wFZAqzeyPK_mKiS6m1Aj3izkOw87NHJgxznYA&indpubnum=3338919744720141&atk=1bb51483v19uv3v1","onmousedown":"indeed_clk(this,'14');","jobkey":"2f92040d1a1c87c3","sponsored":false,"expired":false,"indeedApply":false,"formattedLocationFull":"Vienna, VA 22182","formattedRelativeTime":"17 hours ago","stations":""},{"jobtitle":"Systems Engineer","company":"Skilpik","city":"Pittsburgh","state":"PA","country":"US","formattedLocation":"Pittsburgh, PA","source":"Indeed","date":"Sun, 12 Mar 2017 09:50:21 GMT","snippet":"CCAR/ DFAST/ Risk Appetite Regulatory Environments build out and operational maintenance Nice to have:. <b>Java</b>, Python, SAS, C• Extensive experience designing and...","url":"http://www.indeed.com/viewjob?jk=19a7e1746e13ccd6&qd=usoBPHMd3vYN69bRu-PQwcxBheEzuNOj46oJk2PU6yPPaaBuvSwk2ub69Dxr0mQTERp4f6wFZAqzeyPK_mKiS6m1Aj3izkOw87NHJgxznYA&indpubnum=3338919744720141&atk=1bb51483v19uv3v1","onmousedown":"indeed_clk(this,'14');","jobkey":"19a7e1746e13ccd6","sponsored":false,"expired":false,"indeedApply":true,"formattedLocationFull":"Pittsburgh, PA","formattedRelativeTime":"1 day ago","stations":""},{"jobtitle":"Junior Java Developer","company":"Workbridge Associates","city":"Philadelphia","state":"PA","country":"US","formattedLocation":"Philadelphia, PA","source":"Workbridge Associates","date":"Mon, 13 Mar 2017 16:15:59 GMT","snippet":"3+ years <b>Java</b> experience. This company is looking for a junior level <b>java</b> developer who is extremely driven, independent, and wanting to make an impact on a...","url":"http://www.indeed.com/viewjob?jk=dc66f5819d97210b&qd=usoBPHMd3vYN69bRu-PQwcxBheEzuNOj46oJk2PU6yPPaaBuvSwk2ub69Dxr0mQTERp4f6wFZAqzeyPK_mKiS6m1Aj3izkOw87NHJgxznYA&indpubnum=3338919744720141&atk=1bb51483v19uv3v1","onmousedown":"indeed_clk(this,'14');","jobkey":"dc66f5819d97210b","sponsored":false,"expired":false,"indeedApply":true,"formattedLocationFull":"Philadelphia, PA 19107","formattedRelativeTime":"7 hours ago","stations":""},{"jobtitle":"Hadoop Spark Developer","company":"DCM","city":"San Jose","state":"CA","country":"US","formattedLocation":"San Jose, CA","source":"Indeed","date":"Mon, 13 Mar 2017 22:39:21 GMT","snippet":"Strong knowledge &amp; experience working in <b>Java</b>, Hadoop - Spark, Unix, Hive, Spark, SparkSQL, Pig, Map Reduce, Hbase, Sqoop. Job Posting Title :....","url":"http://www.indeed.com/viewjob?jk=4245eeefbda1f4ad&qd=usoBPHMd3vYN69bRu-PQwcxBheEzuNOj46oJk2PU6yPPaaBuvSwk2ub69Dxr0mQTERp4f6wFZAqzeyPK_mKiS6m1Aj3izkOw87NHJgxznYA&indpubnum=3338919744720141&atk=1bb51483v19uv3v1","onmousedown":"indeed_clk(this,'14');","jobkey":"4245eeefbda1f4ad","sponsored":false,"expired":false,"indeedApply":true,"formattedLocationFull":"San Jose, CA","formattedRelativeTime":"1 hour ago","stations":""},{"jobtitle":"Hadoop Spark Developer","company":"VedicSoft","city":"Madison","state":"WI","country":"US","formattedLocation":"Madison, WI","source":"Indeed","date":"Mon, 13 Mar 2017 20:53:24 GMT","snippet":"Spark Developer with <b>java</b> background*. Required Permanent Residents only*....","url":"http://www.indeed.com/viewjob?jk=b9bdeb40e6c2f866&qd=usoBPHMd3vYN69bRu-PQwcxBheEzuNOj46oJk2PU6yPPaaBuvSwk2ub69Dxr0mQTERp4f6wFZAqzeyPK_mKiS6m1Aj3izkOw87NHJgxznYA&indpubnum=3338919744720141&atk=1bb51483v19uv3v1","onmousedown":"indeed_clk(this,'14');","jobkey":"b9bdeb40e6c2f866","sponsored":false,"expired":false,"indeedApply":true,"formattedLocationFull":"Madison, WI","formattedRelativeTime":"2 hours ago","stations":""},{"jobtitle":"Hadoop Developer","company":"Lakhi Inc","city":"Dallas","state":"TX","country":"US","formattedLocation":"Dallas, TX","source":"Indeed","date":"Mon, 13 Mar 2017 17:54:17 GMT","snippet":"* *2-5 Years of Hadoop Experience.* * *Must have 1 project of Scala and Spark* * *Must have Full Life cycle experience.* * Must Have: Java/JavaScript,","url":"http://www.indeed.com/viewjob?jk=2ed0a1c09fc897cc&qd=usoBPHMd3vYN69bRu-PQwcxBheEzuNOj46oJk2PU6yPPaaBuvSwk2ub69Dxr0mQTERp4f6wFZAqzeyPK_mKiS6m1Aj3izkOw87NHJgxznYA&indpubnum=3338919744720141&atk=1bb51483v19uv3v1","onmousedown":"indeed_clk(this,'14');","jobkey":"2ed0a1c09fc897cc","sponsored":false,"expired":false,"indeedApply":true,"formattedLocationFull":"Dallas, TX","formattedRelativeTime":"5 hours ago","stations":""},{"jobtitle":"Android & Device Engineer","company":"ZP Group","city":"Reston","state":"VA","country":"US","formattedLocation":"Reston, VA","source":"ZP Group","date":"Mon, 13 Mar 2017 20:15:15 GMT","snippet":"4+ years of <b>Java</b> and C/C++ experience. Piper Enterprise Solutions is currently looking for an Android &amp; Device Engineer in Reston, Virginia ....","url":"http://www.indeed.com/viewjob?jk=0edb81020512e41a&qd=usoBPHMd3vYN69bRu-PQwcxBheEzuNOj46oJk2PU6yPPaaBuvSwk2ub69Dxr0mQTERp4f6wFZAqzeyPK_mKiS6m1Aj3izkOw87NHJgxznYA&indpubnum=3338919744720141&atk=1bb51483v19uv3v1","onmousedown":"indeed_clk(this,'14');","jobkey":"0edb81020512e41a","sponsored":false,"expired":false,"indeedApply":true,"formattedLocationFull":"Reston, VA 20190","formattedRelativeTime":"3 hours ago","stations":""}]}