{"version":2,"query":"java","location":"","paginationPayload":"","dupefilter":true,"highlight":true,"totalResults":1192,"start":601,"end":625,"pageNumber":24,"results":[{"jobtitle":"Research Scientist, Automated Planning and Optimization","company":"PARC, a Xerox company","city":"Palo Alto","state":"CA","country":"US","formattedLocation":"Palo Alto, CA","source":"PARC, a Xerox company","date":"Sun, 12 Mar 2017 08:13:01 GMT","snippet":"Proven programming skills in at least one production-software grade language (C/C++, <b>Java</b>, or Python). In computer science, operations research, or related...","url":"http://www.indeed.com/viewjob?jk=51538f8853088e75&qd=usoBPHMd3vYN69bRu-PQwcxBheEzuNOj46oJk2PU6yPPaaBuvSwk2ub69Dxr0mQTERp4f6wFZAqzeyPK_mKiS6m1Aj3izkOw87NHJgxznYA&indpubnum=3338919744720141&atk=1bb5148v9agkh8o3","onmousedown":"indeed_clk(this,'888');","jobkey":"51538f8853088e75","sponsored":false,"expired":false,"indeedApply":false,"formattedLocationFull":"Palo Alto, CA","formattedRelativeTime":"1 day ago","stations":""},{"jobtitle":"IT Network Manager","company":"Redmond and Greer Pharmacy Supply","city":"Garland","state":"TX","country":"US","formattedLocation":"Garland, TX","source":"Indeed","date":"Mon, 13 Mar 2017 22:56:52 GMT","snippet":"Experience working with Zoho CRM, phone systems, SQL, <b>java</b>, dialer system, and windows based software. Redmond and Greer Pharmacy Supply*....","url":"http://www.indeed.com/viewjob?jk=0c879e93d5cea113&qd=usoBPHMd3vYN69bRu-PQwcxBheEzuNOj46oJk2PU6yPPaaBuvSwk2ub69Dxr0mQTERp4f6wFZAqzeyPK_mKiS6m1Aj3izkOw87NHJgxznYA&indpubnum=3338919744720141&atk=1bb5148v9agkh8o3","onmousedown":"indeed_clk(this,'888');","jobkey":"0c879e93d5cea113","sponsored":false,"expired":false,"indeedApply":true,"formattedLocationFull":"Garland, TX","formattedRelativeTime":"50 minutes ago","stations":""},{"jobtitle":"Learning System Administrator","company":"The University of Kansas Hospital","city":"Westwood","state":"KS","country":"US","formattedLocation":"Westwood, KS","source":"The University of Kansas Hospital","date":"Mon, 13 Mar 2017 15:21:17 GMT","snippet":"Working knowledge of multiple web design technologies, such as HTM, MySQL, <b>Java</b> Script. This position is responsible for the support, design, development,...","url":"http://www.indeed.com/viewjob?jk=ec7cafd6a61f079f&qd=usoBPHMd3vYN69bRu-PQwcxBheEzuNOj46oJk2PU6yPPaaBuvSwk2ub69Dxr0mQTERp4f6wFZAqzeyPK_mKiS6m1Aj3izkOw87NHJgxznYA&indpubnum=3338919744720141&atk=1bb5148v9agkh8o3","onmousedown":"indeed_clk(this,'888');","jobkey":"ec7cafd6a61f079f","sponsored":false,"expired":false,"indeedApply":false,"formattedLocationFull":"Westwood, KS 66205","formattedRelativeTime":"8 hours ago","stations":""},{"jobtitle":"IT Test Engineer II (3774403)","company":"Quest Diagnostics","city":"San Clemente","state":"CA","country":"US","formattedLocation":"San Clemente, CA","source":"Indeed","date":"Mon, 13 Mar 2017 20:46:46 GMT","snippet":"One (1) year of experience using enterprise <b>Java</b> (or comparable object oriented technologies) in an application or automation development capacity....","url":"http://www.indeed.com/viewjob?jk=a7d5b6bc3f212631&qd=usoBPHMd3vYN69bRu-PQwcxBheEzuNOj46oJk2PU6yPPaaBuvSwk2ub69Dxr0mQTERp4f6wFZAqzeyPK_mKiS6m1Aj3izkOw87NHJgxznYA&indpubnum=3338919744720141&atk=1bb5148v9agkh8o3","onmousedown":"indeed_clk(this,'888');","jobkey":"a7d5b6bc3f212631","sponsored":false,"expired":false,"indeedApply":true,"formattedLocationFull":"San Clemente, CA 92673","formattedRelativeTime":"3 hours ago","stations":""},{"jobtitle":"Scientist, Applied Science","company":"Turn","city":"Redwood City","state":"CA","country":"US","formattedLocation":"Redwood City, CA","source":"Turn","date":"Sun, 12 Mar 2017 08:13:04 GMT","snippet":"Knowledge of <b>Java</b>. Turn delivers real-time insights that transform the way leading advertising agencies and enterprises make decisions....","url":"http://www.indeed.com/viewjob?jk=b43e3d3cdec2a79d&qd=usoBPHMd3vYN69bRu-PQwcxBheEzuNOj46oJk2PU6yPPaaBuvSwk2ub69Dxr0mQTERp4f6wFZAqzeyPK_mKiS6m1Aj3izkOw87NHJgxznYA&indpubnum=3338919744720141&atk=1bb5148v9agkh8o3","onmousedown":"indeed_clk(this,'888');","jobkey":"b43e3d3cdec2a79d","sponsored":false,"expired":false,"indeedApply":true,"formattedLocationFull":"Redwood City, CA 94063","formattedRelativeTime":"1 day ago","stations":""},{"jobtitle":"Senior Java Engineer (eCommerce) - Contract","company":"Jobspring Partners","city":"San Jose","state":"CA","country":"US","formattedLocation":"San Jose, CA","source":"Jobspring Partners","date":"Mon, 13 Mar 2017 20:23:39 GMT","snippet":"5 + years’ experience with <b>Java</b>. Currently they are hiring for an experienced <b>Java</b> Engineer with a strong background in Spring....","url":"http://www.indeed.com/viewjob?jk=47d22853368d043e&qd=usoBPHMd3vYN69bRu-PQwcxBheEzuNOj46oJk2PU6yPPaaBuvSwk2ub69Dxr0mQTERp4f6wFZAqzeyPK_mKiS6m1Aj3izkOw87NHJgxznYA&indpubnum=3338919744720141&atk=1bb5148v9agkh8o3","onmousedown":"indeed_clk(this,'888');","jobkey":"47d22853368d043e","sponsored":false,"expired":false,"indeedApply":true,"formattedLocationFull":"San Jose, CA 95113","formattedRelativeTime":"3 hours ago","stations":""},{"jobtitle":"Product Developer","company":"Bracket","city":"Wayne","state":"PA","country":"US","formattedLocation":"Wayne, PA","source":"Bracket","date":"Mon, 13 Mar 2017 22:12:54 GMT","snippet":"ASP, VBScript, Ruby on Rails, PHP, <b>Java</b>, IIS, HTML, JavaScript, AJAX, CSS, XML, XSLT. The Product Developer creates, enhances and maintains products to support...","url":"http://www.indeed.com/viewjob?jk=fec476d824b5cc9c&qd=usoBPHMd3vYN69bRu-PQwcxBheEzuNOj46oJk2PU6yPPaaBuvSwk2ub69Dxr0mQTERp4f6wFZAqzeyPK_mKiS6m1Aj3izkOw87NHJgxznYA&indpubnum=3338919744720141&atk=1bb5148v9agkh8o3","onmousedown":"indeed_clk(this,'888');","jobkey":"fec476d824b5cc9c","sponsored":false,"expired":false,"indeedApply":false,"formattedLocationFull":"Wayne, PA 19087","formattedRelativeTime":"1 hour ago","stations":""},{"jobtitle":"Senior Java Developers","company":"BBG Management Corporation","city":"Denver","state":"CO","country":"US","formattedLocation":"Denver, CO","source":"BBG Management Corporation","date":"Mon, 13 Mar 2017 18:27:39 GMT","snippet":"Expertise with <b>Java</b>, SQL and NoSQL. At least 8 years of experience with <b>Java</b> development. BBG Management Corporation has an opportunity for several Senior <b>Java</b>...","url":"http://www.indeed.com/viewjob?jk=90f35e570456d238&qd=usoBPHMd3vYN69bRu-PQwcxBheEzuNOj46oJk2PU6yPPaaBuvSwk2ub69Dxr0mQTERp4f6wFZAqzeyPK_mKiS6m1Aj3izkOw87NHJgxznYA&indpubnum=3338919744720141&atk=1bb5148v9agkh8o3","onmousedown":"indeed_clk(this,'888');","jobkey":"90f35e570456d238","sponsored":false,"expired":false,"indeedApply":true,"formattedLocationFull":"Denver, CO","formattedRelativeTime":"5 hours ago","stations":""},{"jobtitle":"Integration Developer","company":"IBM","city":"New York","state":"NY","country":"US","formattedLocation":"New York, NY","source":"IBM","date":"Mon, 13 Mar 2017 15:12:21 GMT","snippet":"Design, code, test, debug and document software modifications using WebSphere Message Broker, WebSphere MW, WebSphere Datapower and other integrations...","url":"http://www.indeed.com/viewjob?jk=aae45bbcfeed1fb4&qd=usoBPHMd3vYN69bRu-PQwcxBheEzuNOj46oJk2PU6yPPaaBuvSwk2ub69Dxr0mQTERp4f6wFZAqzeyPK_mKiS6m1Aj3izkOw87NHJgxznYA&indpubnum=3338919744720141&atk=1bb5148v9agkh8o3","onmousedown":"indeed_clk(this,'888');","jobkey":"aae45bbcfeed1fb4","sponsored":false,"expired":false,"indeedApply":false,"formattedLocationFull":"New York, NY","formattedRelativeTime":"8 hours ago","stations":""},{"jobtitle":"Sr Digital Developer","company":"Huntington","city":"Columbus","state":"OH","country":"US","formattedLocation":"Columbus, OH","source":"Huntington Bank","date":"Mon, 13 Mar 2017 15:38:05 GMT","snippet":"3-5 yrs of experience in application development for an enterprise using preferably the .NET/Java framework with proven track record of laying out design....","url":"http://www.indeed.com/viewjob?jk=6141f1df21e63d1d&qd=usoBPHMd3vYN69bRu-PQwcxBheEzuNOj46oJk2PU6yPPaaBuvSwk2ub69Dxr0mQTERp4f6wFZAqzeyPK_mKiS6m1Aj3izkOw87NHJgxznYA&indpubnum=3338919744720141&atk=1bb5148v9agkh8o3","onmousedown":"indeed_clk(this,'888');","jobkey":"6141f1df21e63d1d","sponsored":false,"expired":false,"indeedApply":false,"formattedLocationFull":"Columbus, OH","formattedRelativeTime":"8 hours ago","stations":""},{"jobtitle":"SAP Hybris - Architect/Developer","company":"ACN","city":"Concord","state":"NC","country":"US","formattedLocation":"Concord, NC","source":"ACN","date":"Mon, 13 Mar 2017 15:16:24 GMT","snippet":"Experience with UML, enterprise <b>Java</b> patterns, and frameworks like Spring, Struts, and Hibernate. 5+ years of hands-on <b>Java</b>, JEE, and object oriented...","url":"http://www.indeed.com/viewjob?jk=6af138fb84cedb24&qd=usoBPHMd3vYN69bRu-PQwcxBheEzuNOj46oJk2PU6yPPaaBuvSwk2ub69Dxr0mQTERp4f6wFZAqzeyPK_mKiS6m1Aj3izkOw87NHJgxznYA&indpubnum=3338919744720141&atk=1bb5148v9agkh8o3","onmousedown":"indeed_clk(this,'888');","jobkey":"6af138fb84cedb24","sponsored":false,"expired":false,"indeedApply":false,"formattedLocationFull":"Concord, NC 28025","formattedRelativeTime":"8 hours ago","stations":""},{"jobtitle":"Java/Net Developer, Client & Integration Technology","company":"Bank of America","city":"Addison","state":"TX","country":"US","formattedLocation":"Addison, TX","source":"Bank of America","date":"Mon, 13 Mar 2017 20:30:48 GMT","snippet":"Provide deep technical expertise in the design, development, integration, enhancement, debugging, support, maintenance and testing for software applications &amp;...","url":"http://www.indeed.com/viewjob?jk=8bfc56e9375dfc75&qd=usoBPHMd3vYN69bRu-PQwcxBheEzuNOj46oJk2PU6yPPaaBuvSwk2ub69Dxr0mQTERp4f6wFZAqzeyPK_mKiS6m1Aj3izkOw87NHJgxznYA&indpubnum=3338919744720141&atk=1bb5148v9agkh8o3","onmousedown":"indeed_clk(this,'888');","jobkey":"8bfc56e9375dfc75","sponsored":false,"expired":false,"indeedApply":false,"formattedLocationFull":"Addison, TX 75001","formattedRelativeTime":"3 hours ago","stations":""},{"jobtitle":"Java/Net Developer, Client and Integration Technology","company":"Bank of America","city":"Addison","state":"TX","country":"US","formattedLocation":"Addison, TX","source":"Bank of America","date":"Mon, 13 Mar 2017 20:30:24 GMT","snippet":"Provide deep technical expertise in the design, development, integration, enhancement, debugging, support, maintenance and testing for software applications &amp;...","url":"http://www.indeed.com/viewjob?jk=b30d4c20487552ff&qd=usoBPHMd3vYN69bRu-PQwcxBheEzuNOj46oJk2PU6yPPaaBuvSwk2ub69Dxr0mQTERp4f6wFZAqzeyPK_mKiS6m1Aj3izkOw87NHJgxznYA&indpubnum=3338919744720141&atk=1bb5148v9agkh8o3","onmousedown":"indeed_clk(this,'888');","jobkey":"b30d4c20487552ff","sponsored":false,"expired":false,"indeedApply":false,"formattedLocationFull":"Addison, TX 75001","formattedRelativeTime":"3 hours ago","stations":""},{"jobtitle":"Developer Big Data","company":"Wipro LTD","city":"Austin","state":"TX","country":"US","formattedLocation":"Austin, TX","source":"Wipro LTD","date":"Mon, 13 Mar 2017 14:23:51 GMT","snippet":"Core <b>Java</b> Job Description:. As a Senior Developer, you are responsible for development, support, maintenance and implementation of a complex project module....","url":"http://www.indeed.com/viewjob?jk=2b27ca7875071831&qd=usoBPHMd3vYN69bRu-PQwcxBheEzuNOj46oJk2PU6yPPaaBuvSwk2ub69Dxr0mQTERp4f6wFZAqzeyPK_mKiS6m1Aj3izkOw87NHJgxznYA&indpubnum=3338919744720141&atk=1bb5148v9agkh8o3","onmousedown":"indeed_clk(this,'888');","jobkey":"2b27ca7875071831","sponsored":false,"expired":false,"indeedApply":false,"formattedLocationFull":"Austin, TX","formattedRelativeTime":"9 hours ago","stations":""},{"jobtitle":"Research Engineer, Applied Science Infrastructure","company":"Turn","city":"Redwood City","state":"CA","country":"US","formattedLocation":"Redwood City, CA","source":"Turn","date":"Sun, 12 Mar 2017 08:12:41 GMT","snippet":"Experience with <b>Java</b> preferred; Turn delivers real-time insights that transform the way leading advertising agencies and enterprises make decisions....","url":"http://www.indeed.com/viewjob?jk=6502f1e78f0521ef&qd=usoBPHMd3vYN69bRu-PQwcxBheEzuNOj46oJk2PU6yPPaaBuvSwk2ub69Dxr0mQTERp4f6wFZAqzeyPK_mKiS6m1Aj3izkOw87NHJgxznYA&indpubnum=3338919744720141&atk=1bb5148v9agkh8o3","onmousedown":"indeed_clk(this,'888');","jobkey":"6502f1e78f0521ef","sponsored":false,"expired":false,"indeedApply":true,"formattedLocationFull":"Redwood City, CA 94063","formattedRelativeTime":"1 day ago","stations":""},{"jobtitle":"NBG Developer","company":"Nucor","city":"Portland","state":"TN","country":"US","formattedLocation":"Portland, TN","source":"Nucor","date":"Mon, 13 Mar 2017 17:47:41 GMT","snippet":"C#, C++, VB.NET, <b>Java</b>, or other programming experience. The Developer is involved in planning, developing, and implementing customized software for use by the...","url":"http://www.indeed.com/viewjob?jk=7e123840daec5b4c&qd=usoBPHMd3vYN69bRu-PQwcxBheEzuNOj46oJk2PU6yPPaaBuvSwk2ub69Dxr0mQTERp4f6wFZAqzeyPK_mKiS6m1Aj3izkOw87NHJgxznYA&indpubnum=3338919744720141&atk=1bb5148v9agkh8o3","onmousedown":"indeed_clk(this,'888');","jobkey":"7e123840daec5b4c","sponsored":false,"expired":false,"indeedApply":false,"formattedLocationFull":"Portland, TN","formattedRelativeTime":"6 hours ago","stations":""},{"jobtitle":"NBG Developer","company":"Nucor","city":"Waterloo","state":"IN","country":"US","formattedLocation":"Waterloo, IN","source":"Nucor","date":"Mon, 13 Mar 2017 17:47:39 GMT","snippet":"C#, C++, VB.NET, <b>Java</b>, or other programming experience. The Developer is involved in planning, developing, and implementing customized software for use by the...","url":"http://www.indeed.com/viewjob?jk=aa66f75128f5b56e&qd=usoBPHMd3vYN69bRu-PQwcxBheEzuNOj46oJk2PU6yPPaaBuvSwk2ub69Dxr0mQTERp4f6wFZAqzeyPK_mKiS6m1Aj3izkOw87NHJgxznYA&indpubnum=3338919744720141&atk=1bb5148v9agkh8o3","onmousedown":"indeed_clk(this,'888');","jobkey":"aa66f75128f5b56e","sponsored":false,"expired":false,"indeedApply":false,"formattedLocationFull":"Waterloo, IN","formattedRelativeTime":"6 hours ago","stations":""},{"jobtitle":"Sr. Business Intelligence (BI) Developer","company":"University of Maryland Medical System","city":"Linthicum","state":"MD","country":"US","formattedLocation":"Linthicum, MD","source":"University of Maryland Medical System","date":"Mon, 13 Mar 2017 04:26:19 GMT","snippet":"SAP experience preferred as well as proficiency in one computer programming language (e.g., C, C++, <b>Java</b>, Perl, etc.)....","url":"http://www.indeed.com/viewjob?jk=e6a3c306ca56d553&qd=usoBPHMd3vYN69bRu-PQwcxBheEzuNOj46oJk2PU6yPPaaBuvSwk2ub69Dxr0mQTERp4f6wFZAqzeyPK_mKiS6m1Aj3izkOw87NHJgxznYA&indpubnum=3338919744720141&atk=1bb5148v9agkh8o3","onmousedown":"indeed_clk(this,'888');","jobkey":"e6a3c306ca56d553","sponsored":false,"expired":false,"indeedApply":false,"formattedLocationFull":"Linthicum, MD 21090","formattedRelativeTime":"19 hours ago","stations":""},{"jobtitle":"Research Analyst Project and Delivery","company":"Southwest Airlines","city":"Dallas","state":"TX","country":"US","formattedLocation":"Dallas, TX","source":"Southwest Airlines","date":"Mon, 13 Mar 2017 15:40:08 GMT","snippet":"<b>Java</b> programming - Structured Query Language (SQL). We are responsible for the upkeep and maintenance of our forecasting system, and we put together and...","url":"http://www.indeed.com/viewjob?jk=0abcd5b095429a3c&qd=usoBPHMd3vYN69bRu-PQwcxBheEzuNOj46oJk2PU6yPPaaBuvSwk2ub69Dxr0mQTERp4f6wFZAqzeyPK_mKiS6m1Aj3izkOw87NHJgxznYA&indpubnum=3338919744720141&atk=1bb5148v9agkh8o3","onmousedown":"indeed_clk(this,'888');","jobkey":"0abcd5b095429a3c","sponsored":false,"expired":false,"indeedApply":false,"formattedLocationFull":"Dallas, TX","formattedRelativeTime":"8 hours ago","stations":""},{"jobtitle":"_Developer: Software - I","company":"Volt Workforce Solutions","city":"Hillsboro","state":"OR","country":"US","formattedLocation":"Hillsboro, OR","source":"Volt Workforce Solutions","date":"Mon, 13 Mar 2017 22:50:48 GMT","snippet":"Experience with <b>Java</b> and Eclipse is a plus. Description Your responsibilities may include but not be limited to:....","url":"http://www.indeed.com/viewjob?jk=191e24afa38727dd&qd=usoBPHMd3vYN69bRu-PQwcxBheEzuNOj46oJk2PU6yPPaaBuvSwk2ub69Dxr0mQTERp4f6wFZAqzeyPK_mKiS6m1Aj3izkOw87NHJgxznYA&indpubnum=3338919744720141&atk=1bb5148v9agkh8o3","onmousedown":"indeed_clk(this,'888');","jobkey":"191e24afa38727dd","sponsored":false,"expired":false,"indeedApply":false,"formattedLocationFull":"Hillsboro, OR","formattedRelativeTime":"57 minutes ago","stations":""},{"jobtitle":"Full Stack Engineer - Customer Service Powered by NLP","company":"Hiring Catalyst, LLC","city":"New York","state":"NY","country":"US","formattedLocation":"New York, NY","source":"Hiring Catalyst, LLC","date":"Mon, 13 Mar 2017 10:59:33 GMT","snippet":"Proficiency with at least one modern server side scripting language - Go, Python, <b>Java</b>, Ruby, etc.. A seed funded, NYC based startup is looking to add a Full...","url":"http://www.indeed.com/viewjob?jk=2dde2aec80e7479c&qd=usoBPHMd3vYN69bRu-PQwcxBheEzuNOj46oJk2PU6yPPaaBuvSwk2ub69Dxr0mQTERp4f6wFZAqzeyPK_mKiS6m1Aj3izkOw87NHJgxznYA&indpubnum=3338919744720141&atk=1bb5148v9agkh8o3","onmousedown":"indeed_clk(this,'888');","jobkey":"2dde2aec80e7479c","sponsored":false,"expired":false,"indeedApply":true,"formattedLocationFull":"New York, NY","formattedRelativeTime":"12 hours ago","stations":""},{"jobtitle":"Cyber Security Developer","company":"MIT Lincoln Laboratory","city":"Lexington","state":"MA","country":"US","formattedLocation":"Lexington, MA","source":"MIT Lincoln Laboratory","date":"Sun, 12 Mar 2017 10:31:55 GMT","snippet":"Knowledge of C, C++, <b>Java</b> or Python. Group 58—Cyber Analytics and Decision Systems....","url":"http://www.indeed.com/viewjob?jk=0bd79b3e50e595ca&qd=usoBPHMd3vYN69bRu-PQwcxBheEzuNOj46oJk2PU6yPPaaBuvSwk2ub69Dxr0mQTERp4f6wFZAqzeyPK_mKiS6m1Aj3izkOw87NHJgxznYA&indpubnum=3338919744720141&atk=1bb5148v9agkh8o3","onmousedown":"indeed_clk(this,'888');","jobkey":"0bd79b3e50e595ca","sponsored":false,"expired":false,"indeedApply":false,"formattedLocationFull":"Lexington, MA","formattedRelativeTime":"1 day ago","stations":""},{"jobtitle":"Mid-Level Full Stack Engineer","company":"Workbridge Associates","city":"San Jose","state":"CA","country":"US","formattedLocation":"San Jose, CA","source":"Workbridge Associates","date":"Mon, 13 Mar 2017 20:23:47 GMT","snippet":"That being said, the manager will be looking for a well-versed developer that can not only own the <b>Java</b> work that comes up but also work on the front end with...","url":"http://www.indeed.com/viewjob?jk=b21931dcea11d7a9&qd=usoBPHMd3vYN69bRu-PQwcxBheEzuNOj46oJk2PU6yPPaaBuvSwk2ub69Dxr0mQTERp4f6wFZAqzeyPK_mKiS6m1Aj3izkOw87NHJgxznYA&indpubnum=3338919744720141&atk=1bb5148v9agkh8o3","onmousedown":"indeed_clk(this,'888');","jobkey":"b21931dcea11d7a9","sponsored":false,"expired":false,"indeedApply":true,"formattedLocationFull":"San Jose, CA 95113","formattedRelativeTime":"3 hours ago","stations":""},{"jobtitle":"Hybris Developer","company":"Pod1","city":"New York","state":"NY","country":"US","formattedLocation":"New York, NY","source":"Pod1","date":"Sun, 12 Mar 2017 08:53:53 GMT","snippet":"Promoting best practise in <b>Java</b> and Hybris. We are looking for career problem solvers to join our team of software specialists working with the hybris platform...","url":"http://www.indeed.com/viewjob?jk=cd6e96c98f0c9476&qd=usoBPHMd3vYN69bRu-PQwcxBheEzuNOj46oJk2PU6yPPaaBuvSwk2ub69Dxr0mQTERp4f6wFZAqzeyPK_mKiS6m1Aj3izkOw87NHJgxznYA&indpubnum=3338919744720141&atk=1bb5148v9agkh8o3","onmousedown":"indeed_clk(this,'888');","jobkey":"cd6e96c98f0c9476","sponsored":false,"expired":false,"indeedApply":false,"formattedLocationFull":"New York, NY","formattedRelativeTime":"1 day ago","stations":""},{"jobtitle":"SAS Developer/ Data Analyst 3","company":"Citi","city":"Irving","state":"TX","country":"US","formattedLocation":"Irving, TX","source":"Citi","date":"Sun, 12 Mar 2017 11:39:16 GMT","snippet":"Development and maintenance of system documentation, including process flow designs, charts, and instructions. Yes, 10 % of the Time....","url":"http://www.indeed.com/viewjob?jk=01c434394760f5e5&qd=usoBPHMd3vYN69bRu-PQwcxBheEzuNOj46oJk2PU6yPPaaBuvSwk2ub69Dxr0mQTERp4f6wFZAqzeyPK_mKiS6m1Aj3izkOw87NHJgxznYA&indpubnum=3338919744720141&atk=1bb5148v9agkh8o3","onmousedown":"indeed_clk(this,'888');","jobkey":"01c434394760f5e5","sponsored":false,"expired":false,"indeedApply":false,"formattedLocationFull":"Irving, TX","formattedRelativeTime":"1 day ago","stations":""}]}