{"version":2,"query":"java","location":"","paginationPayload":"","dupefilter":true,"highlight":true,"totalResults":1177,"start":51,"end":75,"pageNumber":2,"results":[{"jobtitle":"Full Stack Software Developer - Java / UI","company":"GID Global","city":"Schenectady","state":"NY","country":"US","formattedLocation":"Schenectady, NY","source":"Indeed","date":"Mon, 13 Mar 2017 13:39:15 GMT","snippet":"<b>Java</b> web services. 2+ years <b>Java</b> development experience. Build custom web applications with <b>Java</b> / JS / HTML / CSS. Full Stack Development*....","url":"http://www.indeed.com/viewjob?jk=6059e714edaa024d&qd=usoBPHMd3vYN69bRu-PQwcxBheEzuNOj46oJk2PU6yOs9RmphsZwXkpEhIV6UdnwERp4f6wFZAqzeyPK_mKiS6m1Aj3izkOw87NHJgxznYA&indpubnum=3338919744720141&atk=1bb5148gha3si90h","onmousedown":"indeed_clk(this,'415');","jobkey":"6059e714edaa024d","sponsored":false,"expired":false,"indeedApply":true,"formattedLocationFull":"Schenectady, NY","formattedRelativeTime":"10 hours ago","stations":""},{"jobtitle":"Java Developer","company":"Verizon","city":"Irving","state":"TX","country":"US","formattedLocation":"Irving, TX","source":"Verizon","date":"Mon, 13 Mar 2017 22:05:15 GMT","snippet":"Master’s Degree in computer science Five or more years of IT experience in analysis, design, development, documentation, implementing and testing of software...","url":"http://www.indeed.com/viewjob?jk=3ab8b59a1d6081d8&qd=usoBPHMd3vYN69bRu-PQwcxBheEzuNOj46oJk2PU6yOs9RmphsZwXkpEhIV6UdnwERp4f6wFZAqzeyPK_mKiS6m1Aj3izkOw87NHJgxznYA&indpubnum=3338919744720141&atk=1bb5148gha3si90h","onmousedown":"indeed_clk(this,'415');","jobkey":"3ab8b59a1d6081d8","sponsored":false,"expired":false,"indeedApply":false,"formattedLocationFull":"Irving, TX 75038","formattedRelativeTime":"1 hour ago","stations":""},{"jobtitle":"Senior Java Backend Developer","company":"Varteq","city":"Chicago","state":"IL","country":"US","formattedLocation":"Chicago, IL","source":"Varteq","date":"Mon, 13 Mar 2017 19:54:14 GMT","snippet":"Excellent knowledge of <b>Java</b> and experience in developing <b>Java</b> Enterprise (J2EE) applications. Skills &amp; Requirements....","url":"http://www.indeed.com/viewjob?jk=2356bdf9d131b398&qd=usoBPHMd3vYN69bRu-PQwcxBheEzuNOj46oJk2PU6yOs9RmphsZwXkpEhIV6UdnwERp4f6wFZAqzeyPK_mKiS6m1Aj3izkOw87NHJgxznYA&indpubnum=3338919744720141&atk=1bb5148gha3si90h","onmousedown":"indeed_clk(this,'415');","jobkey":"2356bdf9d131b398","sponsored":false,"expired":false,"indeedApply":true,"formattedLocationFull":"Chicago, IL","formattedRelativeTime":"3 hours ago","stations":""},{"jobtitle":"Senior Java Developer (AWS & iOS)","company":"Wavsys, LLC","city":"Bellevue","state":"WA","country":"US","formattedLocation":"Bellevue, WA","source":"Indeed","date":"Sun, 12 Mar 2017 23:36:50 GMT","snippet":"3+ years of experience working in <b>Java</b> and/or Scala. We are looking for a talented Software Development Engineer to create the next generation travel planning...","url":"http://www.indeed.com/viewjob?jk=48b57a421a4d7369&qd=usoBPHMd3vYN69bRu-PQwcxBheEzuNOj46oJk2PU6yOs9RmphsZwXkpEhIV6UdnwERp4f6wFZAqzeyPK_mKiS6m1Aj3izkOw87NHJgxznYA&indpubnum=3338919744720141&atk=1bb5148gha3si90h","onmousedown":"indeed_clk(this,'415');","jobkey":"48b57a421a4d7369","sponsored":false,"expired":false,"indeedApply":true,"formattedLocationFull":"Bellevue, WA","formattedRelativeTime":"1 day ago","stations":""},{"jobtitle":"Developer Core Java","company":"Wipro LTD","city":"Middletown","state":"NJ","country":"US","formattedLocation":"Middletown, NJ","source":"Wipro LTD","date":"Mon, 13 Mar 2017 14:24:10 GMT","snippet":"Core <b>Java</b> Desirable Skills:. Expert (5 yrs exp) <b>Java</b> server-side development experience. Python Scripting Job Description:....","url":"http://www.indeed.com/viewjob?jk=14b6237c7ba02913&qd=usoBPHMd3vYN69bRu-PQwcxBheEzuNOj46oJk2PU6yOs9RmphsZwXkpEhIV6UdnwERp4f6wFZAqzeyPK_mKiS6m1Aj3izkOw87NHJgxznYA&indpubnum=3338919744720141&atk=1bb5148gha3si90h","onmousedown":"indeed_clk(this,'415');","jobkey":"14b6237c7ba02913","sponsored":false,"expired":false,"indeedApply":false,"formattedLocationFull":"Middletown, NJ","formattedRelativeTime":"9 hours ago","stations":""},{"jobtitle":"Senior Java Developer - US Citizen only","company":"DUO2 LLC","city":"Frederick","state":"MD","country":"US","formattedLocation":"Frederick, MD","source":"Indeed","date":"Sun, 12 Mar 2017 07:53:49 GMT","snippet":"I am looking for core <b>Java</b> coder for my client at Frederick, MD and this position requires US citizenship....","url":"http://www.indeed.com/viewjob?jk=a9f3cb9df6ba7b14&qd=usoBPHMd3vYN69bRu-PQwcxBheEzuNOj46oJk2PU6yOs9RmphsZwXkpEhIV6UdnwERp4f6wFZAqzeyPK_mKiS6m1Aj3izkOw87NHJgxznYA&indpubnum=3338919744720141&atk=1bb5148gha3si90h","onmousedown":"indeed_clk(this,'415');","jobkey":"a9f3cb9df6ba7b14","sponsored":false,"expired":false,"indeedApply":true,"formattedLocationFull":"Frederick, MD","formattedRelativeTime":"1 day ago","stations":""},{"jobtitle":"Web Developer","company":"MicroHealth, LLC","city":"Herndon","state":"VA","country":"US","formattedLocation":"Herndon, VA","source":"Indeed","date":"Mon, 13 Mar 2017 16:36:06 GMT","snippet":"Development of Javascript and <b>Java</b> code. The web developer should have experience with JavaScript, Spring Framework, Spring MVC, <b>Java</b>, JQuery, HTML, HTML5, CSS,...","url":"http://www.indeed.com/viewjob?jk=2ee2a3abe7737310&qd=usoBPHMd3vYN69bRu-PQwcxBheEzuNOj46oJk2PU6yOs9RmphsZwXkpEhIV6UdnwERp4f6wFZAqzeyPK_mKiS6m1Aj3izkOw87NHJgxznYA&indpubnum=3338919744720141&atk=1bb5148gha3si90h","onmousedown":"indeed_clk(this,'415');","jobkey":"2ee2a3abe7737310","sponsored":false,"expired":false,"indeedApply":true,"formattedLocationFull":"Herndon, VA","formattedRelativeTime":"7 hours ago","stations":""},{"jobtitle":"Application Development Team Lead","company":"American Airlines","city":"Dallas","state":"TX","country":"US","formattedLocation":"Dallas, TX","source":"American Airlines","date":"Mon, 13 Mar 2017 22:26:02 GMT","snippet":"Architecture, design &amp; development of desktop and web applications using <b>Java</b>, Oracle, SQL Server technologies. Application Development Team Lead....","url":"http://www.indeed.com/viewjob?jk=fc1d5630a82dfa59&qd=usoBPHMd3vYN69bRu-PQwcxBheEzuNOj46oJk2PU6yOs9RmphsZwXkpEhIV6UdnwERp4f6wFZAqzeyPK_mKiS6m1Aj3izkOw87NHJgxznYA&indpubnum=3338919744720141&atk=1bb5148gha3si90h","onmousedown":"indeed_clk(this,'415');","jobkey":"fc1d5630a82dfa59","sponsored":false,"expired":false,"indeedApply":false,"formattedLocationFull":"Dallas, TX","formattedRelativeTime":"1 hour ago","stations":""},{"jobtitle":"ReactJS Lead","company":"Anagh Technologies Inc.","city":"Quincy","state":"MA","country":"US","formattedLocation":"Quincy, MA","source":"conrep","date":"Mon, 13 Mar 2017 06:04:15 GMT","snippet":"⿢ Nice to have experience in <b>Java</b>, J2ee, Core <b>Java</b>, Full-Stack. ⿢ 9+ Years of Software Development Experience....","url":"http://www.indeed.com/viewjob?jk=66f06a9d57281a1f&qd=usoBPHMd3vYN69bRu-PQwcxBheEzuNOj46oJk2PU6yOs9RmphsZwXkpEhIV6UdnwERp4f6wFZAqzeyPK_mKiS6m1Aj3izkOw87NHJgxznYA&indpubnum=3338919744720141&atk=1bb5148gha3si90h","onmousedown":"indeed_clk(this,'415');","jobkey":"66f06a9d57281a1f","sponsored":false,"expired":false,"indeedApply":true,"formattedLocationFull":"Quincy, MA 02169","formattedRelativeTime":"17 hours ago","stations":""},{"jobtitle":"Java Developer","company":"Experis","city":"","state":"VA","country":"US","formattedLocation":"Virginia","source":"Experis","date":"Mon, 13 Mar 2017 18:13:06 GMT","snippet":"Experis is in search of a <b>Java</b> / J2EE Developer to join one of our trusted clients in Dulles, VA. Minimum qualifications include 5+ years technical experience,...","url":"http://www.indeed.com/viewjob?jk=7e50c33338b97b5b&qd=usoBPHMd3vYN69bRu-PQwcxBheEzuNOj46oJk2PU6yOs9RmphsZwXkpEhIV6UdnwERp4f6wFZAqzeyPK_mKiS6m1Aj3izkOw87NHJgxznYA&indpubnum=3338919744720141&atk=1bb5148gha3si90h","onmousedown":"indeed_clk(this,'415');","jobkey":"7e50c33338b97b5b","sponsored":false,"expired":false,"indeedApply":false,"formattedLocationFull":"Virginia","formattedRelativeTime":"5 hours ago","stations":""},{"jobtitle":"Senior Java EE Developer","company":"Cyber Delivered","city":"Annapolis Junction","state":"MD","country":"US","formattedLocation":"Annapolis Junction, MD","source":"Cyber Delivered","date":"Mon, 13 Mar 2017 10:57:54 GMT","snippet":"We expect demonstrable expertise in <b>Java</b>, and <b>Java</b> based languages. We are a managed security services provider that is currently expanding our <b>Java</b> middleware...","url":"http://www.indeed.com/viewjob?jk=331acf1d4f490623&qd=usoBPHMd3vYN69bRu-PQwcxBheEzuNOj46oJk2PU6yOs9RmphsZwXkpEhIV6UdnwERp4f6wFZAqzeyPK_mKiS6m1Aj3izkOw87NHJgxznYA&indpubnum=3338919744720141&atk=1bb5148gha3si90h","onmousedown":"indeed_clk(this,'415');","jobkey":"331acf1d4f490623","sponsored":false,"expired":false,"indeedApply":false,"formattedLocationFull":"Annapolis Junction, MD","formattedRelativeTime":"12 hours ago","stations":""},{"jobtitle":"Java Developer II (Job ID: WISCJP00011300)","company":"COMPUTER CONSULTANTS INTERNATIONAL, INC.","city":"Madison","state":"WI","country":"US","formattedLocation":"Madison, WI","source":"Indeed","date":"Mon, 13 Mar 2017 14:26:13 GMT","snippet":"J2SE Core <b>Java</b> \\*. <b>Java</b>, Struts, Spring, Hibernate, Oracle, PL/SQL, JavaScript, and JIRA. Provide production support for mission critical applications including...","url":"http://www.indeed.com/viewjob?jk=ad78a618369980e6&qd=usoBPHMd3vYN69bRu-PQwcxBheEzuNOj46oJk2PU6yOs9RmphsZwXkpEhIV6UdnwERp4f6wFZAqzeyPK_mKiS6m1Aj3izkOw87NHJgxznYA&indpubnum=3338919744720141&atk=1bb5148gha3si90h","onmousedown":"indeed_clk(this,'415');","jobkey":"ad78a618369980e6","sponsored":false,"expired":false,"indeedApply":true,"formattedLocationFull":"Madison, WI","formattedRelativeTime":"9 hours ago","stations":""},{"jobtitle":"Java Developer","company":"Netsmart Technologies","city":"Overland Park","state":"KS","country":"US","formattedLocation":"Overland Park, KS","source":"Netsmart Technologies","date":"Mon, 13 Mar 2017 19:59:16 GMT","snippet":"<b>Java</b> Developer Overview:. 3+ years programming experience developing commercial <b>Java</b> web applications. Netsmart is healthcare’s largest human services and...","url":"http://www.indeed.com/viewjob?jk=f23124a1f2625ce6&qd=usoBPHMd3vYN69bRu-PQwcxBheEzuNOj46oJk2PU6yOs9RmphsZwXkpEhIV6UdnwERp4f6wFZAqzeyPK_mKiS6m1Aj3izkOw87NHJgxznYA&indpubnum=3338919744720141&atk=1bb5148gha3si90h","onmousedown":"indeed_clk(this,'415');","jobkey":"f23124a1f2625ce6","sponsored":false,"expired":false,"indeedApply":false,"formattedLocationFull":"Overland Park, KS","formattedRelativeTime":"3 hours ago","stations":""},{"jobtitle":"Java Developer","company":"Netsmart Technologies","city":"Great River","state":"NY","country":"US","formattedLocation":"Great River, NY","source":"Netsmart Technologies","date":"Mon, 13 Mar 2017 19:59:11 GMT","snippet":"<b>Java</b> Developer Overview:. 3+ years programming experience developing commercial <b>Java</b> web applications. Netsmart is healthcare’s largest human services and...","url":"http://www.indeed.com/viewjob?jk=c10066c27d2f6e1f&qd=usoBPHMd3vYN69bRu-PQwcxBheEzuNOj46oJk2PU6yOs9RmphsZwXkpEhIV6UdnwERp4f6wFZAqzeyPK_mKiS6m1Aj3izkOw87NHJgxznYA&indpubnum=3338919744720141&atk=1bb5148gha3si90h","onmousedown":"indeed_clk(this,'415');","jobkey":"c10066c27d2f6e1f","sponsored":false,"expired":false,"indeedApply":false,"formattedLocationFull":"Great River, NY","formattedRelativeTime":"3 hours ago","stations":""},{"jobtitle":"Senior Software Developer","company":"RxPrep, Inc.","city":"Manhattan Beach","state":"CA","country":"US","formattedLocation":"Manhattan Beach, CA","source":"Indeed","date":"Mon, 13 Mar 2017 02:48:39 GMT","snippet":"C++ or <b>JAVA</b>:. Master PHP, C++, or <b>Java</b> - Minimum 6 years. We’re looking for a Senior Software Developer who can tackle lifecycle development, including...","url":"http://www.indeed.com/viewjob?jk=247e43c81bdaf635&qd=usoBPHMd3vYN69bRu-PQwcxBheEzuNOj46oJk2PU6yOs9RmphsZwXkpEhIV6UdnwERp4f6wFZAqzeyPK_mKiS6m1Aj3izkOw87NHJgxznYA&indpubnum=3338919744720141&atk=1bb5148gha3si90h","onmousedown":"indeed_clk(this,'415');","jobkey":"247e43c81bdaf635","sponsored":false,"expired":false,"indeedApply":true,"formattedLocationFull":"Manhattan Beach, CA 90266","formattedRelativeTime":"20 hours ago","stations":""},{"jobtitle":"Application Developer","company":"Mitsubishi UFJ Fund Services","city":"Rockville","state":"MD","country":"US","formattedLocation":"Rockville, MD","source":"Mitsubishi UFJ Fund Services","date":"Mon, 13 Mar 2017 22:03:21 GMT","snippet":"6++ years (Optional) <b>Java</b> Script. Application Developer – Rockville, MD....","url":"http://www.indeed.com/viewjob?jk=b1fc218ec2582a9d&qd=usoBPHMd3vYN69bRu-PQwcxBheEzuNOj46oJk2PU6yOs9RmphsZwXkpEhIV6UdnwERp4f6wFZAqzeyPK_mKiS6m1Aj3izkOw87NHJgxznYA&indpubnum=3338919744720141&atk=1bb5148gha3si90h","onmousedown":"indeed_clk(this,'415');","jobkey":"b1fc218ec2582a9d","sponsored":false,"expired":false,"indeedApply":true,"formattedLocationFull":"Rockville, MD","formattedRelativeTime":"1 hour ago","stations":""},{"jobtitle":"Senior Java Developer","company":"Bay State","city":"Wilkes-Barre","state":"PA","country":"US","formattedLocation":"Wilkes-Barre, PA","source":"Bay State","date":"Mon, 13 Mar 2017 22:27:07 GMT","snippet":"5+ years advanced computer programming skills in <b>Java</b>, <b>Java</b> Servlet, Javabean, EJB, OO Design, HTML. The client seeks <b>Java</b> developers with significant...","url":"http://www.indeed.com/viewjob?jk=cfbaec6601196a65&qd=usoBPHMd3vYN69bRu-PQwcxBheEzuNOj46oJk2PU6yOs9RmphsZwXkpEhIV6UdnwERp4f6wFZAqzeyPK_mKiS6m1Aj3izkOw87NHJgxznYA&indpubnum=3338919744720141&atk=1bb5148gha3si90h","onmousedown":"indeed_clk(this,'415');","jobkey":"cfbaec6601196a65","sponsored":false,"expired":false,"indeedApply":false,"formattedLocationFull":"Wilkes-Barre, PA","formattedRelativeTime":"1 hour ago","stations":""},{"jobtitle":"Senior Java Developer","company":"CSRA","city":"Alexandria","state":"VA","country":"US","formattedLocation":"Alexandria, VA","source":"CSRA","date":"Mon, 13 Mar 2017 13:20:22 GMT","snippet":"Senior <b>Java</b> Developer. <b>Java</b>, MyBatis, Spring , Oracle, Weblogic. Seeking a Senior <b>Java</b> Developer/Senior Software Engineer to join our team in Alexandria, VA....","url":"http://www.indeed.com/viewjob?jk=084e9593d94a47d5&qd=usoBPHMd3vYN69bRu-PQwcxBheEzuNOj46oJk2PU6yOs9RmphsZwXkpEhIV6UdnwERp4f6wFZAqzeyPK_mKiS6m1Aj3izkOw87NHJgxznYA&indpubnum=3338919744720141&atk=1bb5148gha3si90h","onmousedown":"indeed_clk(this,'415');","jobkey":"084e9593d94a47d5","sponsored":false,"expired":false,"indeedApply":false,"formattedLocationFull":"Alexandria, VA","formattedRelativeTime":"10 hours ago","stations":""},{"jobtitle":"Application Developer for Curam (Senior Level)","company":"Soul Tree LLC","city":"Washington","state":"DC","country":"US","formattedLocation":"Washington, DC","source":"Indeed","date":"Mon, 13 Mar 2017 14:29:40 GMT","snippet":"Analyze business/technical requirements to define the scope of <b>Java</b> development initiatives and integration practices....","url":"http://www.indeed.com/viewjob?jk=28e20b37148132ed&qd=usoBPHMd3vYN69bRu-PQwcxBheEzuNOj46oJk2PU6yOs9RmphsZwXkpEhIV6UdnwERp4f6wFZAqzeyPK_mKiS6m1Aj3izkOw87NHJgxznYA&indpubnum=3338919744720141&atk=1bb5148gha3si90h","onmousedown":"indeed_clk(this,'415');","jobkey":"28e20b37148132ed","sponsored":false,"expired":false,"indeedApply":true,"formattedLocationFull":"Washington, DC","formattedRelativeTime":"9 hours ago","stations":""},{"jobtitle":"Software Programmer 3 (Software Developer (IT) 2)","company":"CRGT Inc.","city":"Portland","state":"OR","country":"US","formattedLocation":"Portland, OR","source":"CRGT Inc.","date":"Mon, 13 Mar 2017 22:39:20 GMT","snippet":"Exposure to other programming languages such as <b>Java</b>. NET MVC 2 or greater. As a leading provider of Information Technology, Training and Engineering services...","url":"http://www.indeed.com/viewjob?jk=8f3d8f84faed4df4&qd=usoBPHMd3vYN69bRu-PQwcxBheEzuNOj46oJk2PU6yOs9RmphsZwXkpEhIV6UdnwERp4f6wFZAqzeyPK_mKiS6m1Aj3izkOw87NHJgxznYA&indpubnum=3338919744720141&atk=1bb5148gha3si90h","onmousedown":"indeed_clk(this,'415');","jobkey":"8f3d8f84faed4df4","sponsored":false,"expired":false,"indeedApply":false,"formattedLocationFull":"Portland, OR","formattedRelativeTime":"1 hour ago","stations":""},{"jobtitle":"Software Programmer 3 (Software Developer (IT) 2)","company":"Salient CRGT","city":"Portland","state":"OR","country":"US","formattedLocation":"Portland, OR","source":"Salient CRGT","date":"Mon, 13 Mar 2017 22:10:09 GMT","snippet":"Exposure to other programming languages such as <b>Java</b>. NET MVC 2 or greater. As a leading provider of Information Technology, Training and Engineering services...","url":"http://www.indeed.com/viewjob?jk=bac72ec4f3ff49f1&qd=usoBPHMd3vYN69bRu-PQwcxBheEzuNOj46oJk2PU6yOs9RmphsZwXkpEhIV6UdnwERp4f6wFZAqzeyPK_mKiS6m1Aj3izkOw87NHJgxznYA&indpubnum=3338919744720141&atk=1bb5148gha3si90h","onmousedown":"indeed_clk(this,'415');","jobkey":"bac72ec4f3ff49f1","sponsored":false,"expired":false,"indeedApply":false,"formattedLocationFull":"Portland, OR","formattedRelativeTime":"1 hour ago","stations":""},{"jobtitle":"Senior Java Developer","company":"Walmart","city":"Reston","state":"VA","country":"US","formattedLocation":"Reston, VA","source":"Walmart","date":"Sun, 12 Mar 2017 11:44:16 GMT","snippet":"4 years hands-on programming experience in <b>Java</b> technology stack. Our team is searching for Senior <b>Java</b> Engineers with the following skills:....","url":"http://www.indeed.com/viewjob?jk=c67e511f103bedd3&qd=usoBPHMd3vYN69bRu-PQwcxBheEzuNOj46oJk2PU6yOs9RmphsZwXkpEhIV6UdnwERp4f6wFZAqzeyPK_mKiS6m1Aj3izkOw87NHJgxznYA&indpubnum=3338919744720141&atk=1bb5148gha3si90h","onmousedown":"indeed_clk(this,'415');","jobkey":"c67e511f103bedd3","sponsored":false,"expired":false,"indeedApply":false,"formattedLocationFull":"Reston, VA","formattedRelativeTime":"1 day ago","stations":""},{"jobtitle":"Software Developer","company":"Decision Source, Inc.","city":"Brentwood","state":"TN","country":"US","formattedLocation":"Brentwood, TN","source":"Decision Source, Inc.","date":"Mon, 13 Mar 2017 20:40:57 GMT","snippet":"2 or more years of development experience in <b>Java</b> Script ( vanilla), HTML5, and CSS3. Intermediate level experience with development, tuning and debugging <b>Java</b>...","url":"http://www.indeed.com/viewjob?jk=3172a7583ba7efa4&qd=usoBPHMd3vYN69bRu-PQwcxBheEzuNOj46oJk2PU6yOs9RmphsZwXkpEhIV6UdnwERp4f6wFZAqzeyPK_mKiS6m1Aj3izkOw87NHJgxznYA&indpubnum=3338919744720141&atk=1bb5148gha3si90h","onmousedown":"indeed_clk(this,'415');","jobkey":"3172a7583ba7efa4","sponsored":false,"expired":false,"indeedApply":false,"formattedLocationFull":"Brentwood, TN 37027","formattedRelativeTime":"3 hours ago","stations":""},{"jobtitle":"UI/Front End Developer (no third party candidates)","company":"Prism Inc.","city":"Rensselaer","state":"NY","country":"US","formattedLocation":"Rensselaer, NY","source":"Indeed","date":"Mon, 13 Mar 2017 21:08:28 GMT","snippet":"Familiarity with back-end languages such as <b>Java</b>, experience with <b>Java</b> development a plus. No third party candidates.*....","url":"http://www.indeed.com/viewjob?jk=031bd3e0a9b50311&qd=usoBPHMd3vYN69bRu-PQwcxBheEzuNOj46oJk2PU6yOs9RmphsZwXkpEhIV6UdnwERp4f6wFZAqzeyPK_mKiS6m1Aj3izkOw87NHJgxznYA&indpubnum=3338919744720141&atk=1bb5148gha3si90h","onmousedown":"indeed_clk(this,'415');","jobkey":"031bd3e0a9b50311","sponsored":false,"expired":false,"indeedApply":true,"formattedLocationFull":"Rensselaer, NY","formattedRelativeTime":"2 hours ago","stations":""},{"jobtitle":"Front End Developer","company":"Cloudious LLC","city":"New York","state":"NY","country":"US","formattedLocation":"New York, NY","source":"Indeed","date":"Mon, 13 Mar 2017 20:30:43 GMT","snippet":"Test driven development experience with <b>Java</b> script unit tests using Jasmine. Front end web developers*....","url":"http://www.indeed.com/viewjob?jk=e7ff658a4746d2c9&qd=usoBPHMd3vYN69bRu-PQwcxBheEzuNOj46oJk2PU6yOs9RmphsZwXkpEhIV6UdnwERp4f6wFZAqzeyPK_mKiS6m1Aj3izkOw87NHJgxznYA&indpubnum=3338919744720141&atk=1bb5148gha3si90h","onmousedown":"indeed_clk(this,'415');","jobkey":"e7ff658a4746d2c9","sponsored":false,"expired":false,"indeedApply":true,"formattedLocationFull":"New York, NY","formattedRelativeTime":"3 hours ago","stations":""}]}