{"version":2,"query":"java","location":"","paginationPayload":"","dupefilter":true,"highlight":true,"totalResults":1192,"start":751,"end":775,"pageNumber":30,"results":[{"jobtitle":"Software Engineer - ERAM","company":"NewTown Solutions, Inc.","city":"Eagan","state":"MN","country":"US","formattedLocation":"Eagan, MN","source":"NewTown Solutions, Inc.","date":"Mon, 13 Mar 2017 02:02:54 GMT","snippet":"<b>Java</b> programming language experience. We are looking for Software Engineers with strong UNIX and C++ experience for a 12 months+ contract opportunity in the...","url":"http://www.indeed.com/viewjob?jk=a65cb33b483520b6&qd=usoBPHMd3vYN69bRu-PQwcxBheEzuNOj46oJk2PU6yPPaaBuvSwk2ub69Dxr0mQTERp4f6wFZAqzeyPK_mKiS6m1Aj3izkOw87NHJgxznYA&indpubnum=3338919744720141&atk=1bb5148d4af0kevc","onmousedown":"indeed_clk(this,'293');","jobkey":"a65cb33b483520b6","sponsored":false,"expired":false,"indeedApply":false,"formattedLocationFull":"Eagan, MN 55121","formattedRelativeTime":"21 hours ago","stations":""},{"jobtitle":"Mobile Developer ($100/hr+ Requires ACTIVE Secret Clearance)","company":"OSOS Professional","city":"Washington","state":"DC","country":"US","formattedLocation":"Washington, DC","source":"Indeed","date":"Mon, 13 Mar 2017 15:19:06 GMT","snippet":"&gt;.NET or <b>Java</b> Core Web Dev Exp in an Enterprise Federal Stack:. Need somebody with:....","url":"http://www.indeed.com/viewjob?jk=72968bf28b9e1f74&qd=usoBPHMd3vYN69bRu-PQwcxBheEzuNOj46oJk2PU6yPPaaBuvSwk2ub69Dxr0mQTERp4f6wFZAqzeyPK_mKiS6m1Aj3izkOw87NHJgxznYA&indpubnum=3338919744720141&atk=1bb5148d4af0kevc","onmousedown":"indeed_clk(this,'293');","jobkey":"72968bf28b9e1f74","sponsored":false,"expired":false,"indeedApply":true,"formattedLocationFull":"Washington, DC","formattedRelativeTime":"8 hours ago","stations":""},{"jobtitle":"Staff Software Engineer, Data & Scalability","company":"Intuit","city":"Mountain View","state":"CA","country":"US","formattedLocation":"Mountain View, CA","source":"Intuit","date":"Mon, 13 Mar 2017 10:16:39 GMT","snippet":"<b>Java</b>, C++, Scala, etc. We are driven to improve our customers’ financial lives so profoundly… they can’t imagine going back to the old way....","url":"http://www.indeed.com/viewjob?jk=39ed397a1bc00be8&qd=usoBPHMd3vYN69bRu-PQwcxBheEzuNOj46oJk2PU6yPPaaBuvSwk2ub69Dxr0mQTERp4f6wFZAqzeyPK_mKiS6m1Aj3izkOw87NHJgxznYA&indpubnum=3338919744720141&atk=1bb5148d4af0kevc","onmousedown":"indeed_clk(this,'293');","jobkey":"39ed397a1bc00be8","sponsored":false,"expired":false,"indeedApply":false,"formattedLocationFull":"Mountain View, CA 94039","formattedRelativeTime":"13 hours ago","stations":""},{"jobtitle":"Data Engineer","company":"Skyport Systems","city":"Mountain View","state":"CA","country":"US","formattedLocation":"Mountain View, CA","source":"Skyport Systems","date":"Sun, 12 Mar 2017 08:14:00 GMT","snippet":"Experience and understanding of multiple programming languages, including <b>Java</b>. Skyport Systems is developing groundbreaking, security-focused solutions for the...","url":"http://www.indeed.com/viewjob?jk=072fffb5ca54b97b&qd=usoBPHMd3vYN69bRu-PQwcxBheEzuNOj46oJk2PU6yPPaaBuvSwk2ub69Dxr0mQTERp4f6wFZAqzeyPK_mKiS6m1Aj3izkOw87NHJgxznYA&indpubnum=3338919744720141&atk=1bb5148d4af0kevc","onmousedown":"indeed_clk(this,'293');","jobkey":"072fffb5ca54b97b","sponsored":false,"expired":false,"indeedApply":true,"formattedLocationFull":"Mountain View, CA 94041","formattedRelativeTime":"1 day ago","stations":""},{"jobtitle":"Mobile Application Developer","company":"Rural King","city":"Mattoon","state":"IL","country":"US","formattedLocation":"Mattoon, IL","source":"Rural King","date":"Sun, 12 Mar 2017 08:13:22 GMT","snippet":"1+ years’ experience in programming languages, methodologies and Object Oriented programming (<b>Java</b>, <b>Java</b> Platform Enterprise Edition (J2EE), Python,C++ etc)....","url":"http://www.indeed.com/viewjob?jk=aeb2a5169e05f71d&qd=usoBPHMd3vYN69bRu-PQwcxBheEzuNOj46oJk2PU6yPPaaBuvSwk2ub69Dxr0mQTERp4f6wFZAqzeyPK_mKiS6m1Aj3izkOw87NHJgxznYA&indpubnum=3338919744720141&atk=1bb5148d4af0kevc","onmousedown":"indeed_clk(this,'293');","jobkey":"aeb2a5169e05f71d","sponsored":false,"expired":false,"indeedApply":true,"formattedLocationFull":"Mattoon, IL","formattedRelativeTime":"1 day ago","stations":""},{"jobtitle":"DevOps Engineer","company":"ExpandLab","city":"Atlanta","state":"GA","country":"US","formattedLocation":"Atlanta, GA","source":"Indeed","date":"Mon, 13 Mar 2017 23:00:41 GMT","snippet":"Experience with non LAMP technologies such as SQL, .NET, <b>Java</b>, etc. Troubleshoot &amp; Develop code on Magento Enterprise &amp; Community platform....","url":"http://www.indeed.com/viewjob?jk=312696ab1fba783f&qd=usoBPHMd3vYN69bRu-PQwcxBheEzuNOj46oJk2PU6yPPaaBuvSwk2ub69Dxr0mQTERp4f6wFZAqzeyPK_mKiS6m1Aj3izkOw87NHJgxznYA&indpubnum=3338919744720141&atk=1bb5148d4af0kevc","onmousedown":"indeed_clk(this,'293');","jobkey":"312696ab1fba783f","sponsored":false,"expired":false,"indeedApply":true,"formattedLocationFull":"Atlanta, GA","formattedRelativeTime":"47 minutes ago","stations":""},{"jobtitle":"Software Engineer (JAVA)","company":"Volt Workforce Solutions","city":"Liberty Lake","state":"WA","country":"US","formattedLocation":"Liberty Lake, WA","source":"Volt Workforce Solutions","date":"Mon, 13 Mar 2017 22:50:51 GMT","snippet":"<b>Java</b> 7/8 preferable. Volt has an opening for a <b>Java</b> Software Engineer with Mathematic Applications experience to work on math intensive algorithms and machine...","url":"http://www.indeed.com/viewjob?jk=dd49483b52304e0c&qd=usoBPHMd3vYN69bRu-PQwcxBheEzuNOj46oJk2PU6yPPaaBuvSwk2ub69Dxr0mQTERp4f6wFZAqzeyPK_mKiS6m1Aj3izkOw87NHJgxznYA&indpubnum=3338919744720141&atk=1bb5148d4af0kevc","onmousedown":"indeed_clk(this,'293');","jobkey":"dd49483b52304e0c","sponsored":false,"expired":false,"indeedApply":false,"formattedLocationFull":"Liberty Lake, WA","formattedRelativeTime":"56 minutes ago","stations":""},{"jobtitle":"DevOps Engineer","company":"Information International Associates, Inc.","city":"Alexandria","state":"VA","country":"US","formattedLocation":"Alexandria, VA","source":"Indeed","date":"Mon, 13 Mar 2017 19:02:53 GMT","snippet":"Jenkins, Docker, Ant, Maven, Shell Scripting, <b>JAVA</b>, J2EE:. Support for administration, troubleshooting, configuration, installation, deployment, maintenance,...","url":"http://www.indeed.com/viewjob?jk=53032615eace1981&qd=usoBPHMd3vYN69bRu-PQwcxBheEzuNOj46oJk2PU6yPPaaBuvSwk2ub69Dxr0mQTERp4f6wFZAqzeyPK_mKiS6m1Aj3izkOw87NHJgxznYA&indpubnum=3338919744720141&atk=1bb5148d4af0kevc","onmousedown":"indeed_clk(this,'293');","jobkey":"53032615eace1981","sponsored":false,"expired":false,"indeedApply":true,"formattedLocationFull":"Alexandria, VA","formattedRelativeTime":"4 hours ago","stations":""},{"jobtitle":"Solution Consulting-Lead Consultant","company":"FICO","city":"","state":"TX","country":"US","formattedLocation":"Texas","source":"FICO","date":"Mon, 13 Mar 2017 22:15:17 GMT","snippet":"Practical experience in <b>Java</b> (Enterprise-EJB’s), Web Services &amp; Servers, Middleware, Net and SOA knowledge as it pertains to architecting solutions....","url":"http://www.indeed.com/viewjob?jk=138afb02b39e260a&qd=usoBPHMd3vYN69bRu-PQwcxBheEzuNOj46oJk2PU6yPPaaBuvSwk2ub69Dxr0mQTERp4f6wFZAqzeyPK_mKiS6m1Aj3izkOw87NHJgxznYA&indpubnum=3338919744720141&atk=1bb5148d4af0kevc","onmousedown":"indeed_clk(this,'293');","jobkey":"138afb02b39e260a","sponsored":false,"expired":false,"indeedApply":false,"formattedLocationFull":"Texas","formattedRelativeTime":"1 hour ago","stations":""},{"jobtitle":"Sr UNIX Administrator","company":"American Technology ConnexionS Inc","city":"Charlotte","state":"NC","country":"US","formattedLocation":"Charlotte, NC","source":"Indeed","date":"Sun, 12 Mar 2017 17:00:19 GMT","snippet":"PHP, GO, <b>Java</b>, Ruby, Shell. Greetings from American Technology Connexions Inc....","url":"http://www.indeed.com/viewjob?jk=8566a5870f7a89c7&qd=usoBPHMd3vYN69bRu-PQwcxBheEzuNOj46oJk2PU6yPPaaBuvSwk2ub69Dxr0mQTERp4f6wFZAqzeyPK_mKiS6m1Aj3izkOw87NHJgxznYA&indpubnum=3338919744720141&atk=1bb5148d4af0kevc","onmousedown":"indeed_clk(this,'293');","jobkey":"8566a5870f7a89c7","sponsored":false,"expired":false,"indeedApply":true,"formattedLocationFull":"Charlotte, NC 28244","formattedRelativeTime":"1 day ago","stations":""},{"jobtitle":"Summer Coding Lead Teacher, High School Program","company":"East Harlem Tutorial Program","city":"New York","state":"NY","country":"US","formattedLocation":"New York, NY","source":"East Harlem Tutorial Program","date":"Mon, 13 Mar 2017 19:30:24 GMT","snippet":"Experience with <b>Java</b>, <b>Java</b> Script, and other computer programming operating systems. East Harlem Tutorial Program (EHTP) seeks a Lead Teacher, Coding to create...","url":"http://www.indeed.com/viewjob?jk=34cb5669481ff529&qd=usoBPHMd3vYN69bRu-PQwcxBheEzuNOj46oJk2PU6yPPaaBuvSwk2ub69Dxr0mQTERp4f6wFZAqzeyPK_mKiS6m1Aj3izkOw87NHJgxznYA&indpubnum=3338919744720141&atk=1bb5148d4af0kevc","onmousedown":"indeed_clk(this,'293');","jobkey":"34cb5669481ff529","sponsored":false,"expired":false,"indeedApply":false,"formattedLocationFull":"New York, NY","formattedRelativeTime":"4 hours ago","stations":""},{"jobtitle":"Lead Android Engineer","company":"Gilt Groupe","city":"New York","state":"NY","country":"US","formattedLocation":"New York, NY","source":"Gilt Groupe","date":"Mon, 13 Mar 2017 18:38:34 GMT","snippet":"Where We Are More than 50% of Gilt’s traffic–and more than 40% of our revenue–comes from mobile devices. The Gilt Mobile team continuously works to discover...","url":"http://www.indeed.com/viewjob?jk=e409e9af97f28b23&qd=usoBPHMd3vYN69bRu-PQwcxBheEzuNOj46oJk2PU6yPPaaBuvSwk2ub69Dxr0mQTERp4f6wFZAqzeyPK_mKiS6m1Aj3izkOw87NHJgxznYA&indpubnum=3338919744720141&atk=1bb5148d4af0kevc","onmousedown":"indeed_clk(this,'293');","jobkey":"e409e9af97f28b23","sponsored":false,"expired":false,"indeedApply":false,"formattedLocationFull":"New York, NY 10016","formattedRelativeTime":"5 hours ago","stations":""},{"jobtitle":"Microservices Lead","company":"Cotiviti","city":"Atlanta","state":"GA","country":"US","formattedLocation":"Atlanta, GA","source":"Cotiviti","date":"Mon, 13 Mar 2017 17:26:13 GMT","snippet":"5+ years of experience in <b>Java</b> development. Consult with product teams to fit products to enterprise architecture, as well as to identify when it is necessary...","url":"http://www.indeed.com/viewjob?jk=6163adee777ae7bd&qd=usoBPHMd3vYN69bRu-PQwcxBheEzuNOj46oJk2PU6yPPaaBuvSwk2ub69Dxr0mQTERp4f6wFZAqzeyPK_mKiS6m1Aj3izkOw87NHJgxznYA&indpubnum=3338919744720141&atk=1bb5148d4af0kevc","onmousedown":"indeed_clk(this,'293');","jobkey":"6163adee777ae7bd","sponsored":false,"expired":false,"indeedApply":false,"formattedLocationFull":"Atlanta, GA","formattedRelativeTime":"6 hours ago","stations":""},{"jobtitle":"Programmer/Developer Lead - AWS Developer","company":"Capgemini","city":"Atlanta","state":"GA","country":"US","formattedLocation":"Atlanta, GA","source":"Capgemini","date":"Mon, 13 Mar 2017 17:25:10 GMT","snippet":"Experience in .Net or <b>Java</b> enterprise application stack. Write software programs using specific programming languages/platforms such as <b>Java</b> or MS .NET, and...","url":"http://www.indeed.com/viewjob?jk=ce7522f7e0566838&qd=usoBPHMd3vYN69bRu-PQwcxBheEzuNOj46oJk2PU6yPPaaBuvSwk2ub69Dxr0mQTERp4f6wFZAqzeyPK_mKiS6m1Aj3izkOw87NHJgxznYA&indpubnum=3338919744720141&atk=1bb5148d4af0kevc","onmousedown":"indeed_clk(this,'293');","jobkey":"ce7522f7e0566838","sponsored":false,"expired":false,"indeedApply":false,"formattedLocationFull":"Atlanta, GA","formattedRelativeTime":"6 hours ago","stations":""},{"jobtitle":"IBM Commerce Developer Lead","company":"Sherwin-Williams","city":"Cleveland","state":"OH","country":"US","formattedLocation":"Cleveland, OH","source":"Sherwin-Williams","date":"Mon, 13 Mar 2017 14:57:34 GMT","snippet":"6+ years J2EE and Web Application experience, including Enterprise JavaBeans (EJBs), <b>Java</b> Servlets, <b>Java</b> Server Pages (JSP)....","url":"http://www.indeed.com/viewjob?jk=3b1cee4c6ea4e1e7&qd=usoBPHMd3vYN69bRu-PQwcxBheEzuNOj46oJk2PU6yPPaaBuvSwk2ub69Dxr0mQTERp4f6wFZAqzeyPK_mKiS6m1Aj3izkOw87NHJgxznYA&indpubnum=3338919744720141&atk=1bb5148d4af0kevc","onmousedown":"indeed_clk(this,'293');","jobkey":"3b1cee4c6ea4e1e7","sponsored":false,"expired":false,"indeedApply":false,"formattedLocationFull":"Cleveland, OH","formattedRelativeTime":"8 hours ago","stations":""},{"jobtitle":"Applications Developer - Intermediate","company":"Experis","city":"Delaware City","state":"DE","country":"US","formattedLocation":"Delaware City, DE","source":"Experis","date":"Mon, 13 Mar 2017 19:34:28 GMT","snippet":"Applications Developer - QA 6 Month Contract (potential FTE) Wilmington, DE Job Description: Designs, analyzes, develops, codes, tests, debugs and","url":"http://www.indeed.com/viewjob?jk=84419b6755639a09&qd=usoBPHMd3vYN69bRu-PQwcxBheEzuNOj46oJk2PU6yPPaaBuvSwk2ub69Dxr0mQTERp4f6wFZAqzeyPK_mKiS6m1Aj3izkOw87NHJgxznYA&indpubnum=3338919744720141&atk=1bb5148d4af0kevc","onmousedown":"indeed_clk(this,'293');","jobkey":"84419b6755639a09","sponsored":false,"expired":false,"indeedApply":false,"formattedLocationFull":"Delaware City, DE","formattedRelativeTime":"4 hours ago","stations":""},{"jobtitle":"Software Developer II (Test Engineer)","company":"Innoplex","city":"Columbia","state":"MD","country":"US","formattedLocation":"Columbia, MD","source":"Innoplex","date":"Mon, 13 Mar 2017 20:41:19 GMT","snippet":"<b>Java</b> development experience. <b>Java</b> GUI development experience (preferred). Direct experience with Service Oriented Architecture (SOA)/middleware technologies...","url":"http://www.indeed.com/viewjob?jk=f70914ebb53cc53d&qd=usoBPHMd3vYN69bRu-PQwcxBheEzuNOj46oJk2PU6yPPaaBuvSwk2ub69Dxr0mQTERp4f6wFZAqzeyPK_mKiS6m1Aj3izkOw87NHJgxznYA&indpubnum=3338919744720141&atk=1bb5148d4af0kevc","onmousedown":"indeed_clk(this,'293');","jobkey":"f70914ebb53cc53d","sponsored":false,"expired":false,"indeedApply":false,"formattedLocationFull":"Columbia, MD","formattedRelativeTime":"3 hours ago","stations":""},{"jobtitle":"Lead Front End Engineer","company":"Indegene","city":"Los Angeles","state":"CA","country":"US","formattedLocation":"Los Angeles, CA","source":"Indegene","date":"Mon, 13 Mar 2017 08:24:10 GMT","snippet":"Familiarity with <b>Java</b> and JSP code. A Lead Front-End Engineer needs to learn and drive the front-end development of multiple products, framework, and...","url":"http://www.indeed.com/viewjob?jk=d645d545a658fe4e&qd=usoBPHMd3vYN69bRu-PQwcxBheEzuNOj46oJk2PU6yPPaaBuvSwk2ub69Dxr0mQTERp4f6wFZAqzeyPK_mKiS6m1Aj3izkOw87NHJgxznYA&indpubnum=3338919744720141&atk=1bb5148d4af0kevc","onmousedown":"indeed_clk(this,'293');","jobkey":"d645d545a658fe4e","sponsored":false,"expired":false,"indeedApply":false,"formattedLocationFull":"Los Angeles, CA","formattedRelativeTime":"15 hours ago","stations":""},{"jobtitle":"DevOps Engineer","company":"CAYS Inc -Consultants At Your Service","city":"Providence","state":"RI","country":"US","formattedLocation":"Providence, RI","source":"Indeed","date":"Mon, 13 Mar 2017 00:54:56 GMT","snippet":"<b>Java</b> development experience is a plus. 1 plus years of experience in <b>Java</b>. Skills Required (No corp to corp)**....","url":"http://www.indeed.com/viewjob?jk=e402a1541b1741c0&qd=usoBPHMd3vYN69bRu-PQwcxBheEzuNOj46oJk2PU6yPPaaBuvSwk2ub69Dxr0mQTERp4f6wFZAqzeyPK_mKiS6m1Aj3izkOw87NHJgxznYA&indpubnum=3338919744720141&atk=1bb5148d4af0kevc","onmousedown":"indeed_clk(this,'293');","jobkey":"e402a1541b1741c0","sponsored":false,"expired":false,"indeedApply":true,"formattedLocationFull":"Providence, RI","formattedRelativeTime":"22 hours ago","stations":""},{"jobtitle":"Senior Software Development Engineer - Enterprise Products","company":"Amazon Corporate LLC","city":"Seattle","state":"WA","country":"US","formattedLocation":"Seattle, WA","source":"Amazon.com","date":"Mon, 13 Mar 2017 06:20:41 GMT","snippet":"Emerging Products team is working on new systems that span across mobile application to highly available distributed systems that scale to tens of thousands","url":"http://www.indeed.com/viewjob?jk=f48b90bf80b3aba0&qd=usoBPHMd3vYN69bRu-PQwcxBheEzuNOj46oJk2PU6yPPaaBuvSwk2ub69Dxr0mQTERp4f6wFZAqzeyPK_mKiS6m1Aj3izkOw87NHJgxznYA&indpubnum=3338919744720141&atk=1bb5148d4af0kevc","onmousedown":"indeed_clk(this,'293');","jobkey":"f48b90bf80b3aba0","sponsored":false,"expired":false,"indeedApply":false,"formattedLocationFull":"Seattle, WA","formattedRelativeTime":"17 hours ago","stations":""},{"jobtitle":"Software Developer in Test - ETK Platform QA","company":"MicroPact","city":"","state":"","country":"US","formattedLocation":"United States","source":"MicroPact","date":"Mon, 13 Mar 2017 23:25:53 GMT","snippet":"<b>Java</b>, JavaScript programming and/or scripting background is required. When you join the MicroPact team you are surrounded by exceptionally talented, dedicated...","url":"http://www.indeed.com/viewjob?jk=b7aef13e4cd62333&qd=usoBPHMd3vYN69bRu-PQwcxBheEzuNOj46oJk2PU6yPPaaBuvSwk2ub69Dxr0mQTERp4f6wFZAqzeyPK_mKiS6m1Aj3izkOw87NHJgxznYA&indpubnum=3338919744720141&atk=1bb5148d4af0kevc","onmousedown":"indeed_clk(this,'293');","jobkey":"b7aef13e4cd62333","sponsored":false,"expired":false,"indeedApply":false,"formattedLocationFull":"United States","formattedRelativeTime":"21 minutes ago","stations":""},{"jobtitle":"A/V Projects Lead","company":"Vision Technology Services","city":"Owings Mills","state":"MD","country":"US","formattedLocation":"Owings Mills, MD","source":"Indeed","date":"Mon, 13 Mar 2017 18:49:47 GMT","snippet":"Software &amp; Application Development ( .Net and <b>Java</b> ). Vision Technology Services (Vision) is a leading provider of IT talent and project management services to...","url":"http://www.indeed.com/viewjob?jk=98c07c2db57fd2f4&qd=usoBPHMd3vYN69bRu-PQwcxBheEzuNOj46oJk2PU6yPPaaBuvSwk2ub69Dxr0mQTERp4f6wFZAqzeyPK_mKiS6m1Aj3izkOw87NHJgxznYA&indpubnum=3338919744720141&atk=1bb5148d4af0kevc","onmousedown":"indeed_clk(this,'293');","jobkey":"98c07c2db57fd2f4","sponsored":false,"expired":false,"indeedApply":true,"formattedLocationFull":"Owings Mills, MD","formattedRelativeTime":"4 hours ago","stations":""},{"jobtitle":"Mobile Systems Architect","company":"iSpace Inc.","city":"Denver","state":"CO","country":"US","formattedLocation":"Denver, CO","source":"Indeed","date":"Mon, 13 Mar 2017 18:22:39 GMT","snippet":"Strong Objective C, SWIFT or <b>Java</b> and the Android SDK hands-on experience. A thorough understanding of OOP, design patterns, iOS, Android, and enterprise in...","url":"http://www.indeed.com/viewjob?jk=16a3cd20f61be6ce&qd=usoBPHMd3vYN69bRu-PQwcxBheEzuNOj46oJk2PU6yPPaaBuvSwk2ub69Dxr0mQTERp4f6wFZAqzeyPK_mKiS6m1Aj3izkOw87NHJgxznYA&indpubnum=3338919744720141&atk=1bb5148d4af0kevc","onmousedown":"indeed_clk(this,'293');","jobkey":"16a3cd20f61be6ce","sponsored":false,"expired":false,"indeedApply":true,"formattedLocationFull":"Denver, CO","formattedRelativeTime":"5 hours ago","stations":""},{"jobtitle":"Lead Distributed Systems Engineer","company":"AddThis","city":"Vienna","state":"VA","country":"US","formattedLocation":"Vienna, VA","source":"AddThis","date":"Sun, 12 Mar 2017 07:30:28 GMT","snippet":"Extensive experience with distributed computing, performance analysis, network protocols, data storage subsystems, and Linux - Strong computer science...","url":"http://www.indeed.com/viewjob?jk=cea54d7e4501aee2&qd=usoBPHMd3vYN69bRu-PQwcxBheEzuNOj46oJk2PU6yPPaaBuvSwk2ub69Dxr0mQTERp4f6wFZAqzeyPK_mKiS6m1Aj3izkOw87NHJgxznYA&indpubnum=3338919744720141&atk=1bb5148d4af0kevc","onmousedown":"indeed_clk(this,'293');","jobkey":"cea54d7e4501aee2","sponsored":false,"expired":false,"indeedApply":false,"formattedLocationFull":"Vienna, VA","formattedRelativeTime":"1 day ago","stations":""},{"jobtitle":"Data Scientist","company":"NASDAQ","city":"Boston","state":"MA","country":"US","formattedLocation":"Boston, MA","source":"NASDAQ","date":"Mon, 13 Mar 2017 23:08:12 GMT","snippet":"Python, <b>Java</b>, R, SQL Excellent verbal and written communication Business Acumen and Understanding Some familiarity with Data Visualization techniques and...","url":"http://www.indeed.com/viewjob?jk=ed6e5d0cf605668c&qd=usoBPHMd3vYN69bRu-PQwcxBheEzuNOj46oJk2PU6yPPaaBuvSwk2ub69Dxr0mQTERp4f6wFZAqzeyPK_mKiS6m1Aj3izkOw87NHJgxznYA&indpubnum=3338919744720141&atk=1bb5148d4af0kevc","onmousedown":"indeed_clk(this,'293');","jobkey":"ed6e5d0cf605668c","sponsored":false,"expired":false,"indeedApply":false,"formattedLocationFull":"Boston, MA","formattedRelativeTime":"39 minutes ago","stations":""}]}