{"version":2,"query":"java","location":"","paginationPayload":"","dupefilter":true,"highlight":true,"totalResults":1192,"start":251,"end":275,"pageNumber":10,"results":[{"jobtitle":"Software Engineer","company":"MicroPact","city":"","state":"","country":"US","formattedLocation":"United States","source":"MicroPact","date":"Mon, 13 Mar 2017 23:25:52 GMT","snippet":"Experience developing enterprise <b>Java</b> web based products. Work experience with <b>Java</b> web component technologies like Servlet, JSP....","url":"http://www.indeed.com/viewjob?jk=4d19b2310cdc618f&qd=usoBPHMd3vYN69bRu-PQwcxBheEzuNOj46oJk2PU6yPPaaBuvSwk2ub69Dxr0mQTERp4f6wFZAqzeyPK_mKiS6m1Aj3izkOw87NHJgxznYA&indpubnum=3338919744720141&atk=1bb51484sa38i9bn","onmousedown":"indeed_clk(this,'43');","jobkey":"4d19b2310cdc618f","sponsored":false,"expired":false,"indeedApply":false,"formattedLocationFull":"United States","formattedRelativeTime":"21 minutes ago","stations":""},{"jobtitle":"Cloud Engineer / Full Stack Developer","company":"ObjectRocket","city":"Austin","state":"TX","country":"US","formattedLocation":"Austin, TX","source":"Indeed","date":"Mon, 13 Mar 2017 16:24:42 GMT","snippet":"Cloud Engineer / Full Stack Developer ObjectRocket by Rackspace is seeking Cloud Engineers / Full Stack Developers to help build the next generation of...","url":"http://www.indeed.com/viewjob?jk=af1f8c87feff25b2&qd=usoBPHMd3vYN69bRu-PQwcxBheEzuNOj46oJk2PU6yPPaaBuvSwk2ub69Dxr0mQTERp4f6wFZAqzeyPK_mKiS6m1Aj3izkOw87NHJgxznYA&indpubnum=3338919744720141&atk=1bb51484sa38i9bn","onmousedown":"indeed_clk(this,'43');","jobkey":"af1f8c87feff25b2","sponsored":false,"expired":false,"indeedApply":true,"formattedLocationFull":"Austin, TX 78701","formattedRelativeTime":"7 hours ago","stations":""},{"jobtitle":"Senior Software Engineer","company":"Oracle","city":"Seattle","state":"WA","country":"US","formattedLocation":"Seattle, WA","source":"Oracle","date":"Sun, 12 Mar 2017 16:24:18 GMT","snippet":"<b>Java</b>, C#, Go, Rust, Scala,. <b>Java</b>, Python, Ruby, and Go, and communicate with other services via. Least one one of <b>Java</b>, C++, Go or C# and at least one scripting...","url":"http://www.indeed.com/viewjob?jk=77da57f81f5f7905&qd=usoBPHMd3vYN69bRu-PQwcxBheEzuNOj46oJk2PU6yPPaaBuvSwk2ub69Dxr0mQTERp4f6wFZAqzeyPK_mKiS6m1Aj3izkOw87NHJgxznYA&indpubnum=3338919744720141&atk=1bb51484sa38i9bn","onmousedown":"indeed_clk(this,'43');","jobkey":"77da57f81f5f7905","sponsored":false,"expired":false,"indeedApply":false,"formattedLocationFull":"Seattle, WA","formattedRelativeTime":"1 day ago","stations":""},{"jobtitle":"Platform Reliability Engineer","company":"Cisco","city":"Boxborough","state":"MA","country":"US","formattedLocation":"Boxborough, MA","source":"Cisco Systems","date":"Mon, 13 Mar 2017 00:34:54 GMT","snippet":"The Business Entity: Collaboration Technology Group (CTG) is #1 global leader in collaboration technologies, which provides best-in-class integrated...","url":"http://www.indeed.com/viewjob?jk=85c56243b562009c&qd=usoBPHMd3vYN69bRu-PQwcxBheEzuNOj46oJk2PU6yPPaaBuvSwk2ub69Dxr0mQTERp4f6wFZAqzeyPK_mKiS6m1Aj3izkOw87NHJgxznYA&indpubnum=3338919744720141&atk=1bb51484sa38i9bn","onmousedown":"indeed_clk(this,'43');","jobkey":"85c56243b562009c","sponsored":false,"expired":false,"indeedApply":false,"formattedLocationFull":"Boxborough, MA","formattedRelativeTime":"23 hours ago","stations":""},{"jobtitle":"Java Developer","company":"Tentek, Inc.","city":"Los Angeles","state":"CA","country":"US","formattedLocation":"Los Angeles, CA","source":"Indeed","date":"Mon, 13 Mar 2017 18:40:48 GMT","snippet":"Position: Java Developer Location: Los Angeles, CA 90017 Requirements: * Preference for local candidates as an in-person interview will be mandatory. * Must","url":"http://www.indeed.com/viewjob?jk=9a1b791aad32d92a&qd=usoBPHMd3vYN69bRu-PQwcxBheEzuNOj46oJk2PU6yPPaaBuvSwk2ub69Dxr0mQTERp4f6wFZAqzeyPK_mKiS6m1Aj3izkOw87NHJgxznYA&indpubnum=3338919744720141&atk=1bb51484sa38i9bn","onmousedown":"indeed_clk(this,'43');","jobkey":"9a1b791aad32d92a","sponsored":false,"expired":false,"indeedApply":true,"formattedLocationFull":"Los Angeles, CA 90017","formattedRelativeTime":"5 hours ago","stations":""},{"jobtitle":"Java Developer","company":"Latitude 36 Inc","city":"Peoria","state":"IL","country":"US","formattedLocation":"Peoria, IL","source":"Indeed","date":"Mon, 13 Mar 2017 18:01:52 GMT","snippet":"<b>Java</b> Application Developer*. <b>Java</b>, <b>Java</b> Script, JSP, html and html-ui design, SQL, web and REST services, STRUTS, Spring and Hibernate....","url":"http://www.indeed.com/viewjob?jk=5489d2700688157f&qd=usoBPHMd3vYN69bRu-PQwcxBheEzuNOj46oJk2PU6yPPaaBuvSwk2ub69Dxr0mQTERp4f6wFZAqzeyPK_mKiS6m1Aj3izkOw87NHJgxznYA&indpubnum=3338919744720141&atk=1bb51484sa38i9bn","onmousedown":"indeed_clk(this,'43');","jobkey":"5489d2700688157f","sponsored":false,"expired":false,"indeedApply":true,"formattedLocationFull":"Peoria, IL","formattedRelativeTime":"5 hours ago","stations":""},{"jobtitle":"System Engineer","company":"Pragmatics","city":"Reston","state":"VA","country":"US","formattedLocation":"Reston, VA","source":"Pragmatics","date":"Sun, 12 Mar 2017 22:29:25 GMT","snippet":"Experience with <b>Java</b>, JBoss, JDV, Oracle, PostgreSQL. Experience supporting applications hosted on NIPRNet and SIPRNet at the DISA Enterprise Computing Centers ...","url":"http://www.indeed.com/viewjob?jk=f17124550b8d1bbb&qd=usoBPHMd3vYN69bRu-PQwcxBheEzuNOj46oJk2PU6yPPaaBuvSwk2ub69Dxr0mQTERp4f6wFZAqzeyPK_mKiS6m1Aj3izkOw87NHJgxznYA&indpubnum=3338919744720141&atk=1bb51484sa38i9bn","onmousedown":"indeed_clk(this,'43');","jobkey":"f17124550b8d1bbb","sponsored":false,"expired":false,"indeedApply":false,"formattedLocationFull":"Reston, VA","formattedRelativeTime":"1 day ago","stations":""},{"jobtitle":"Mechanisms, Mass Properties, and Ordnance Engineer","company":"The Aerospace Corporation","city":"El Segundo","state":"CA","country":"US","formattedLocation":"El Segundo, CA","source":"The Aerospace Corporation","date":"Sun, 12 Mar 2017 20:04:31 GMT","snippet":"Two or more years of increasingly responsible and related engineering/scientific experience MS/PhD degree Experience in developing analysis software tools...","url":"http://www.indeed.com/viewjob?jk=1d1fb454887ed364&qd=usoBPHMd3vYN69bRu-PQwcxBheEzuNOj46oJk2PU6yPPaaBuvSwk2ub69Dxr0mQTERp4f6wFZAqzeyPK_mKiS6m1Aj3izkOw87NHJgxznYA&indpubnum=3338919744720141&atk=1bb51484sa38i9bn","onmousedown":"indeed_clk(this,'43');","jobkey":"1d1fb454887ed364","sponsored":false,"expired":false,"indeedApply":false,"formattedLocationFull":"El Segundo, CA 90245","formattedRelativeTime":"1 day ago","stations":""},{"jobtitle":"Software Implementation Engineer | Opower Client Success","company":"Oracle","city":"Arlington","state":"VA","country":"US","formattedLocation":"Arlington, VA","source":"Oracle","date":"Sun, 12 Mar 2017 16:24:18 GMT","snippet":"You demonstrate some programming knowledge (most of our code is in Ruby and <b>Java</b>, but Perl, Python, shell scripting have their places too)....","url":"http://www.indeed.com/viewjob?jk=9612097693f8e883&qd=usoBPHMd3vYN69bRu-PQwcxBheEzuNOj46oJk2PU6yPPaaBuvSwk2ub69Dxr0mQTERp4f6wFZAqzeyPK_mKiS6m1Aj3izkOw87NHJgxznYA&indpubnum=3338919744720141&atk=1bb51484sa38i9bn","onmousedown":"indeed_clk(this,'43');","jobkey":"9612097693f8e883","sponsored":false,"expired":false,"indeedApply":false,"formattedLocationFull":"Arlington, VA","formattedRelativeTime":"1 day ago","stations":""},{"jobtitle":"Senior Software Engineer","company":"CaseNet","city":"Bedford","state":"MA","country":"US","formattedLocation":"Bedford, MA","source":"Centene","date":"Sun, 12 Mar 2017 06:34:11 GMT","snippet":"5+ years of experience developing complex, high-performance enterprise software using Java/J2EE technologies....","url":"http://www.indeed.com/viewjob?jk=0a96d1e95893c52a&qd=usoBPHMd3vYN69bRu-PQwcxBheEzuNOj46oJk2PU6yPPaaBuvSwk2ub69Dxr0mQTERp4f6wFZAqzeyPK_mKiS6m1Aj3izkOw87NHJgxznYA&indpubnum=3338919744720141&atk=1bb51484sa38i9bn","onmousedown":"indeed_clk(this,'43');","jobkey":"0a96d1e95893c52a","sponsored":false,"expired":false,"indeedApply":false,"formattedLocationFull":"Bedford, MA","formattedRelativeTime":"1 day ago","stations":""},{"jobtitle":"Java Developer","company":"Millennium Software","city":"Houston","state":"TX","country":"US","formattedLocation":"Houston, TX","source":"Indeed","date":"Mon, 13 Mar 2017 12:00:52 GMT","snippet":"Development experience in <b>Java</b> (JSF, JPA, <b>Java</b> Batch) is required. Full time / Contract....","url":"http://www.indeed.com/viewjob?jk=087e164234db60d2&qd=usoBPHMd3vYN69bRu-PQwcxBheEzuNOj46oJk2PU6yPPaaBuvSwk2ub69Dxr0mQTERp4f6wFZAqzeyPK_mKiS6m1Aj3izkOw87NHJgxznYA&indpubnum=3338919744720141&atk=1bb51484sa38i9bn","onmousedown":"indeed_clk(this,'43');","jobkey":"087e164234db60d2","sponsored":false,"expired":false,"indeedApply":true,"formattedLocationFull":"Houston, TX","formattedRelativeTime":"11 hours ago","stations":""},{"jobtitle":"Software Engineer","company":"Truven Health Analytics, Inc. & Simpler Consulting","city":"Durham","state":"NC","country":"US","formattedLocation":"Durham, NC","source":"Truven Health Analytics, Inc. & Simpler Consulting","date":"Sun, 12 Mar 2017 11:14:26 GMT","snippet":"Recommend process improvements of &quot;best practices&quot; across design, construction and test Minimum of 3+ years <b>Java</b> development skills and experience....","url":"http://www.indeed.com/viewjob?jk=e418bf172474fd52&qd=usoBPHMd3vYN69bRu-PQwcxBheEzuNOj46oJk2PU6yPPaaBuvSwk2ub69Dxr0mQTERp4f6wFZAqzeyPK_mKiS6m1Aj3izkOw87NHJgxznYA&indpubnum=3338919744720141&atk=1bb51484sa38i9bn","onmousedown":"indeed_clk(this,'43');","jobkey":"e418bf172474fd52","sponsored":false,"expired":false,"indeedApply":false,"formattedLocationFull":"Durham, NC 27703","formattedRelativeTime":"1 day ago","stations":""},{"jobtitle":"Software Engineer, Backend","company":"General Electric","city":"Evendale","state":"OH","country":"US","formattedLocation":"Evendale, OH","source":"GE Careers","date":"Sun, 12 Mar 2017 10:14:58 GMT","snippet":"Ruby, Python, GOLANG, or <b>Java</b>. Technical expertise in <b>Java</b> and webservices. GE is the world's Digital Industrial Company, transforming industry with software...","url":"http://www.indeed.com/viewjob?jk=38b3a47d45cd7a6c&qd=usoBPHMd3vYN69bRu-PQwcxBheEzuNOj46oJk2PU6yPPaaBuvSwk2ub69Dxr0mQTERp4f6wFZAqzeyPK_mKiS6m1Aj3izkOw87NHJgxznYA&indpubnum=3338919744720141&atk=1bb51484sa38i9bn","onmousedown":"indeed_clk(this,'43');","jobkey":"38b3a47d45cd7a6c","sponsored":false,"expired":false,"indeedApply":false,"formattedLocationFull":"Evendale, OH","formattedRelativeTime":"1 day ago","stations":""},{"jobtitle":"Support Advisor","company":"InterSystems Corporation","city":"Cambridge","state":"MA","country":"US","formattedLocation":"Cambridge, MA","source":"InterSystems Corporation","date":"Sun, 12 Mar 2017 10:09:35 GMT","snippet":"Three or more years of programming experience in a software language utilized by InterSystems’ products, SQL, C, C++, COS, <b>Java</b>, etc....","url":"http://www.indeed.com/viewjob?jk=02689e1cc8e8cbf9&qd=usoBPHMd3vYN69bRu-PQwcxBheEzuNOj46oJk2PU6yPPaaBuvSwk2ub69Dxr0mQTERp4f6wFZAqzeyPK_mKiS6m1Aj3izkOw87NHJgxznYA&indpubnum=3338919744720141&atk=1bb51484sa38i9bn","onmousedown":"indeed_clk(this,'43');","jobkey":"02689e1cc8e8cbf9","sponsored":false,"expired":false,"indeedApply":false,"formattedLocationFull":"Cambridge, MA 02142","formattedRelativeTime":"1 day ago","stations":""},{"jobtitle":"Software Engineer Stf","company":"Leidos","city":"Washington","state":"DC","country":"US","formattedLocation":"Washington, DC","source":"Leidos","date":"Sun, 12 Mar 2017 10:16:05 GMT","snippet":"<b>Java</b> development • Experience leading a team of developers • Linux operating system experience • Federal experience similar to FBI’s size and scope....","url":"http://www.indeed.com/viewjob?jk=a8ea947f7dce9d2e&qd=usoBPHMd3vYN69bRu-PQwcxBheEzuNOj46oJk2PU6yPPaaBuvSwk2ub69Dxr0mQTERp4f6wFZAqzeyPK_mKiS6m1Aj3izkOw87NHJgxznYA&indpubnum=3338919744720141&atk=1bb51484sa38i9bn","onmousedown":"indeed_clk(this,'43');","jobkey":"a8ea947f7dce9d2e","sponsored":false,"expired":false,"indeedApply":false,"formattedLocationFull":"Washington, DC 20001","formattedRelativeTime":"1 day ago","stations":""},{"jobtitle":"Test Automation Engineer","company":"Healthedge","city":"Powell","state":"OH","country":"US","formattedLocation":"Powell, OH","source":"HealthEdge","date":"Sun, 12 Mar 2017 09:13:25 GMT","snippet":"Demonstrated programming abilities using <b>Java</b> is required. JUnit or similar <b>Java</b> unit testing framework experience....","url":"http://www.indeed.com/viewjob?jk=07501cf1f5ce430c&qd=usoBPHMd3vYN69bRu-PQwcxBheEzuNOj46oJk2PU6yPPaaBuvSwk2ub69Dxr0mQTERp4f6wFZAqzeyPK_mKiS6m1Aj3izkOw87NHJgxznYA&indpubnum=3338919744720141&atk=1bb51484sa38i9bn","onmousedown":"indeed_clk(this,'43');","jobkey":"07501cf1f5ce430c","sponsored":false,"expired":false,"indeedApply":false,"formattedLocationFull":"Powell, OH","formattedRelativeTime":"1 day ago","stations":""},{"jobtitle":"Global Mission Excellence - Engineer Software Quality 1 Azusa - 2017","company":"Northrop Grumman","city":"Azusa","state":"CA","country":"US","formattedLocation":"Azusa, CA","source":"Northrop Grumman","date":"Sun, 12 Mar 2017 09:57:38 GMT","snippet":"C, C++, C#, <b>Java</b>, <b>Java</b> Script, etc.). Global Mission Excellence - Engineer Software Quality 1 Azusa - 2017....","url":"http://www.indeed.com/viewjob?jk=ef911c125cb80d15&qd=usoBPHMd3vYN69bRu-PQwcxBheEzuNOj46oJk2PU6yPPaaBuvSwk2ub69Dxr0mQTERp4f6wFZAqzeyPK_mKiS6m1Aj3izkOw87NHJgxznYA&indpubnum=3338919744720141&atk=1bb51484sa38i9bn","onmousedown":"indeed_clk(this,'43');","jobkey":"ef911c125cb80d15","sponsored":false,"expired":false,"indeedApply":false,"formattedLocationFull":"Azusa, CA 91702","formattedRelativeTime":"1 day ago","stations":""},{"jobtitle":"3M HIS Software Engineer (Silver Spring, MD)","company":"3M","city":"Silver Spring","state":"MD","country":"US","formattedLocation":"Silver Spring, MD","source":"3M","date":"Sun, 12 Mar 2017 08:16:57 GMT","snippet":"Experience with <b>Java</b>, JavaScript, HTML5, CSS, JQuery, JSON. 3M is seeking a Software Engineer for the Health Information Systems Division located in Silver...","url":"http://www.indeed.com/viewjob?jk=721ce5372a2f7fa9&qd=usoBPHMd3vYN69bRu-PQwcxBheEzuNOj46oJk2PU6yPPaaBuvSwk2ub69Dxr0mQTERp4f6wFZAqzeyPK_mKiS6m1Aj3izkOw87NHJgxznYA&indpubnum=3338919744720141&atk=1bb51484sa38i9bn","onmousedown":"indeed_clk(this,'43');","jobkey":"721ce5372a2f7fa9","sponsored":false,"expired":false,"indeedApply":false,"formattedLocationFull":"Silver Spring, MD","formattedRelativeTime":"1 day ago","stations":""},{"jobtitle":"3M HIS Automation Engineer (Silver Spring, MD / Austin, TX / Murray, UT)","company":"3M","city":"Silver Spring","state":"MD","country":"US","formattedLocation":"Silver Spring, MD","source":"3M","date":"Sun, 12 Mar 2017 08:16:53 GMT","snippet":"C#, .NET, Go, or <b>Java</b>. Creation and maintenance of ALM tools such as JIRA or TFS. 3M is seeking a Automation Engineer for the Health Information Systems...","url":"http://www.indeed.com/viewjob?jk=b675a68bc78eab07&qd=usoBPHMd3vYN69bRu-PQwcxBheEzuNOj46oJk2PU6yPPaaBuvSwk2ub69Dxr0mQTERp4f6wFZAqzeyPK_mKiS6m1Aj3izkOw87NHJgxznYA&indpubnum=3338919744720141&atk=1bb51484sa38i9bn","onmousedown":"indeed_clk(this,'43');","jobkey":"b675a68bc78eab07","sponsored":false,"expired":false,"indeedApply":false,"formattedLocationFull":"Silver Spring, MD","formattedRelativeTime":"1 day ago","stations":""},{"jobtitle":"Software Test Intern","company":"The Aerospace Corporation","city":"El Segundo","state":"CA","country":"US","formattedLocation":"El Segundo, CA","source":"The Aerospace Corporation","date":"Sun, 12 Mar 2017 08:05:31 GMT","snippet":"Requisition ID: 9422 All Locations: El Segundo, CA (California) Responsibilities SUMMARY OF RESPONSIBILITIES The Aerospace Corporation is seeking a Software...","url":"http://www.indeed.com/viewjob?jk=cb9689d004264542&qd=usoBPHMd3vYN69bRu-PQwcxBheEzuNOj46oJk2PU6yPPaaBuvSwk2ub69Dxr0mQTERp4f6wFZAqzeyPK_mKiS6m1Aj3izkOw87NHJgxznYA&indpubnum=3338919744720141&atk=1bb51484sa38i9bn","onmousedown":"indeed_clk(this,'43');","jobkey":"cb9689d004264542","sponsored":false,"expired":false,"indeedApply":false,"formattedLocationFull":"El Segundo, CA 90245","formattedRelativeTime":"1 day ago","stations":""},{"jobtitle":"Operations Engineer, Hadoop","company":"Epsilon","city":"","state":"","country":"US","formattedLocation":"United States","source":"Epsilon","date":"Sun, 12 Mar 2017 08:18:19 GMT","snippet":"Operations Engineer, Hadoop - ( 0082556 ) We may be the most important Internet company you’ve never heard of. Join our team for your chance to work in...","url":"http://www.indeed.com/viewjob?jk=ebd3d46224a4d54a&qd=usoBPHMd3vYN69bRu-PQwcxBheEzuNOj46oJk2PU6yPPaaBuvSwk2ub69Dxr0mQTERp4f6wFZAqzeyPK_mKiS6m1Aj3izkOw87NHJgxznYA&indpubnum=3338919744720141&atk=1bb51484sa38i9bn","onmousedown":"indeed_clk(this,'43');","jobkey":"ebd3d46224a4d54a","sponsored":false,"expired":false,"indeedApply":false,"formattedLocationFull":"United States","formattedRelativeTime":"1 day ago","stations":""},{"jobtitle":"Full Stack Engineer","company":"Xcalar","city":"San Jose","state":"CA","country":"US","formattedLocation":"San Jose, CA","source":"Xcalar","date":"Sun, 12 Mar 2017 08:41:24 GMT","snippet":"Python, PHP, C++, or <b>Java</b>. Xcalar is pushing the limits of technology to help people discover deep meaningful insights from data....","url":"http://www.indeed.com/viewjob?jk=4700d470ae0804d6&qd=usoBPHMd3vYN69bRu-PQwcxBheEzuNOj46oJk2PU6yPPaaBuvSwk2ub69Dxr0mQTERp4f6wFZAqzeyPK_mKiS6m1Aj3izkOw87NHJgxznYA&indpubnum=3338919744720141&atk=1bb51484sa38i9bn","onmousedown":"indeed_clk(this,'43');","jobkey":"4700d470ae0804d6","sponsored":false,"expired":false,"indeedApply":false,"formattedLocationFull":"San Jose, CA","formattedRelativeTime":"1 day ago","stations":""},{"jobtitle":"Agile Test Engineer","company":"Ops Tech Alliance","city":"Springfield","state":"VA","country":"US","formattedLocation":"Springfield, VA","source":"Ops Tech Alliance","date":"Sun, 12 Mar 2017 07:30:37 GMT","snippet":"C#, <b>Java</b>, .NET, Python, Perl, Ruby, or similar. 5-8 years’ experience minimum,....","url":"http://www.indeed.com/viewjob?jk=020a6db6166764a4&qd=usoBPHMd3vYN69bRu-PQwcxBheEzuNOj46oJk2PU6yPPaaBuvSwk2ub69Dxr0mQTERp4f6wFZAqzeyPK_mKiS6m1Aj3izkOw87NHJgxznYA&indpubnum=3338919744720141&atk=1bb51484sa38i9bn","onmousedown":"indeed_clk(this,'43');","jobkey":"020a6db6166764a4","sponsored":false,"expired":false,"indeedApply":false,"formattedLocationFull":"Springfield, VA","formattedRelativeTime":"1 day ago","stations":""},{"jobtitle":"Software Engineer III (Innovation Labs)","company":"CoreLogic","city":"Oxford","state":"MS","country":"US","formattedLocation":"Oxford, MS","source":"CoreLogic","date":"Sun, 12 Mar 2017 07:32:13 GMT","snippet":"Strong design and programming skills with C# and/or <b>Java</b> and JavaScript. It’s time for the rise of the software engineers - come be a part of something new and...","url":"http://www.indeed.com/viewjob?jk=9fd12fe329692a9e&qd=usoBPHMd3vYN69bRu-PQwcxBheEzuNOj46oJk2PU6yPPaaBuvSwk2ub69Dxr0mQTERp4f6wFZAqzeyPK_mKiS6m1Aj3izkOw87NHJgxznYA&indpubnum=3338919744720141&atk=1bb51484sa38i9bn","onmousedown":"indeed_clk(this,'43');","jobkey":"9fd12fe329692a9e","sponsored":false,"expired":false,"indeedApply":false,"formattedLocationFull":"Oxford, MS","formattedRelativeTime":"1 day ago","stations":""},{"jobtitle":"Mid Level Linux Engineer","company":"IKCON Technologies","city":"Beaverton","state":"OR","country":"US","formattedLocation":"Beaverton, OR","source":"Indeed","date":"Mon, 13 Mar 2017 04:14:27 GMT","snippet":"Some “real” programming experience (Python, PERL, Ruby, <b>Java</b>, etc.). Experience in an enterprise setting (eg. Mid-Level - Linux Admin....","url":"http://www.indeed.com/viewjob?jk=230e11d15ec51da5&qd=usoBPHMd3vYN69bRu-PQwcxBheEzuNOj46oJk2PU6yPPaaBuvSwk2ub69Dxr0mQTERp4f6wFZAqzeyPK_mKiS6m1Aj3izkOw87NHJgxznYA&indpubnum=3338919744720141&atk=1bb51484sa38i9bn","onmousedown":"indeed_clk(this,'43');","jobkey":"230e11d15ec51da5","sponsored":false,"expired":false,"indeedApply":true,"formattedLocationFull":"Beaverton, OR","formattedRelativeTime":"19 hours ago","stations":""}]}