{"version":2,"query":"java","location":"","paginationPayload":"","dupefilter":true,"highlight":true,"totalResults":1192,"start":201,"end":225,"pageNumber":8,"results":[{"jobtitle":"Software Engineer","company":"Textron","city":"San Diego","state":"CA","country":"US","formattedLocation":"San Diego, CA","source":"Textron","date":"Mon, 13 Mar 2017 21:38:21 GMT","snippet":"Such as Flex ActionScript, Groovy, <b>Java</b> Script, MSBuild scripts, PERL, Python,. Such as C, C#, C# (.Net 3.5), C++, Fortran, <b>Java</b>, Scala, etc. with....","url":"http://www.indeed.com/viewjob?jk=8773871b7e7f4725&qd=usoBPHMd3vYN69bRu-PQwcxBheEzuNOj46oJk2PU6yPPaaBuvSwk2ub69Dxr0mQTERp4f6wFZAqzeyPK_mKiS6m1Aj3izkOw87NHJgxznYA&indpubnum=3338919744720141&atk=1bb5148op18ir6r9","onmousedown":"indeed_clk(this,'679');","jobkey":"8773871b7e7f4725","sponsored":false,"expired":false,"indeedApply":false,"formattedLocationFull":"San Diego, CA","formattedRelativeTime":"2 hours ago","stations":""},{"jobtitle":"Java Software Engineer II","company":"M&T Bank","city":"Buffalo","state":"NY","country":"US","formattedLocation":"Buffalo, NY","source":"M&T Bank","date":"Mon, 13 Mar 2017 21:36:33 GMT","snippet":"<b>Java</b> Software Engineer II. Experienced <b>Java</b> based web development (2+ years). The <b>Java</b> Software Engineer II provides backup to the Technical Team Leader, as...","url":"http://www.indeed.com/viewjob?jk=9787da0d9391610c&qd=usoBPHMd3vYN69bRu-PQwcxBheEzuNOj46oJk2PU6yPPaaBuvSwk2ub69Dxr0mQTERp4f6wFZAqzeyPK_mKiS6m1Aj3izkOw87NHJgxznYA&indpubnum=3338919744720141&atk=1bb5148op18ir6r9","onmousedown":"indeed_clk(this,'679');","jobkey":"9787da0d9391610c","sponsored":false,"expired":false,"indeedApply":false,"formattedLocationFull":"Buffalo, NY","formattedRelativeTime":"2 hours ago","stations":""},{"jobtitle":"Engineer II - Web Software","company":"ALSAC/St. Jude Children's Research Hospital","city":"Memphis","state":"TN","country":"US","formattedLocation":"Memphis, TN","source":"ALSAC/St. Jude Children's Research Hospital","date":"Mon, 13 Mar 2017 21:26:35 GMT","snippet":"Should be familiar with standard concepts, practices and procedures within the web development field and have working knowledge of HTML, JavaScript, JSP, <b>Java</b>,...","url":"http://www.indeed.com/viewjob?jk=d67d78adc3fed8c1&qd=usoBPHMd3vYN69bRu-PQwcxBheEzuNOj46oJk2PU6yPPaaBuvSwk2ub69Dxr0mQTERp4f6wFZAqzeyPK_mKiS6m1Aj3izkOw87NHJgxznYA&indpubnum=3338919744720141&atk=1bb5148op18ir6r9","onmousedown":"indeed_clk(this,'679');","jobkey":"d67d78adc3fed8c1","sponsored":false,"expired":false,"indeedApply":false,"formattedLocationFull":"Memphis, TN 38105","formattedRelativeTime":"2 hours ago","stations":""},{"jobtitle":"Software Quality Engineer","company":"a.i. solutions","city":"Huntsville","state":"AL","country":"US","formattedLocation":"Huntsville, AL","source":"a.i. solutions","date":"Mon, 13 Mar 2017 21:22:25 GMT","snippet":"Apply technical expertise in quality and mission assurance to support software requirements, maintenance and sustainment, identification and development...","url":"http://www.indeed.com/viewjob?jk=ecb71755358f4428&qd=usoBPHMd3vYN69bRu-PQwcxBheEzuNOj46oJk2PU6yPPaaBuvSwk2ub69Dxr0mQTERp4f6wFZAqzeyPK_mKiS6m1Aj3izkOw87NHJgxznYA&indpubnum=3338919744720141&atk=1bb5148op18ir6r9","onmousedown":"indeed_clk(this,'679');","jobkey":"ecb71755358f4428","sponsored":false,"expired":false,"indeedApply":false,"formattedLocationFull":"Huntsville, AL","formattedRelativeTime":"2 hours ago","stations":""},{"jobtitle":"Software Test Engineer","company":"Wabtec","city":"Fort Worth","state":"TX","country":"US","formattedLocation":"Fort Worth, TX","source":"Wabtec","date":"Mon, 13 Mar 2017 21:14:19 GMT","snippet":"Knowledge of programming in C#, C/C++, XML, <b>Java</b> and JavaScript. The Software Test Engineer is responsible for design, development and maintenance of software...","url":"http://www.indeed.com/viewjob?jk=43bbe84e0f151d59&qd=usoBPHMd3vYN69bRu-PQwcxBheEzuNOj46oJk2PU6yPPaaBuvSwk2ub69Dxr0mQTERp4f6wFZAqzeyPK_mKiS6m1Aj3izkOw87NHJgxznYA&indpubnum=3338919744720141&atk=1bb5148op18ir6r9","onmousedown":"indeed_clk(this,'679');","jobkey":"43bbe84e0f151d59","sponsored":false,"expired":false,"indeedApply":false,"formattedLocationFull":"Fort Worth, TX 76109","formattedRelativeTime":"2 hours ago","stations":""},{"jobtitle":"Software Engineer - Behavioral Modelling","company":"Groupon","city":"Chicago","state":"IL","country":"US","formattedLocation":"Chicago, IL","source":"Groupon","date":"Mon, 13 Mar 2017 21:01:48 GMT","snippet":"You will work on an architecture that transforms data using Storm, analyzes it using Spark, and serves the resulting judgments via <b>Java</b> services to other...","url":"http://www.indeed.com/viewjob?jk=4b475cc70ec29607&qd=usoBPHMd3vYN69bRu-PQwcxBheEzuNOj46oJk2PU6yPPaaBuvSwk2ub69Dxr0mQTERp4f6wFZAqzeyPK_mKiS6m1Aj3izkOw87NHJgxznYA&indpubnum=3338919744720141&atk=1bb5148op18ir6r9","onmousedown":"indeed_clk(this,'679');","jobkey":"4b475cc70ec29607","sponsored":false,"expired":false,"indeedApply":false,"formattedLocationFull":"Chicago, IL 60654","formattedRelativeTime":"2 hours ago","stations":""},{"jobtitle":"Dev Ops Engineer","company":"RealNetworks","city":"New York","state":"NY","country":"US","formattedLocation":"New York, NY","source":"RealNetworks","date":"Mon, 13 Mar 2017 20:45:04 GMT","snippet":"RealNetworks’ Mobile Messaging team in New York is looking for a Dev/Ops Engineer for an initial 3-month project , contributing to the development of new","url":"http://www.indeed.com/viewjob?jk=80397075a2595dd0&qd=usoBPHMd3vYN69bRu-PQwcxBheEzuNOj46oJk2PU6yPPaaBuvSwk2ub69Dxr0mQTERp4f6wFZAqzeyPK_mKiS6m1Aj3izkOw87NHJgxznYA&indpubnum=3338919744720141&atk=1bb5148op18ir6r9","onmousedown":"indeed_clk(this,'679');","jobkey":"80397075a2595dd0","sponsored":false,"expired":false,"indeedApply":false,"formattedLocationFull":"New York, NY","formattedRelativeTime":"3 hours ago","stations":""},{"jobtitle":"Software Engineer","company":"Appriss","city":"Louisville","state":"KY","country":"US","formattedLocation":"Louisville, KY","source":"Appriss","date":"Mon, 13 Mar 2017 20:38:57 GMT","snippet":"O Preferred solid skill set in Ruby, <b>Java</b>, Linux, HTML/CSS, Oracle and PostgreSQL databases. Completes documentation and procedures for installation and...","url":"http://www.indeed.com/viewjob?jk=2e87f6c643960578&qd=usoBPHMd3vYN69bRu-PQwcxBheEzuNOj46oJk2PU6yPPaaBuvSwk2ub69Dxr0mQTERp4f6wFZAqzeyPK_mKiS6m1Aj3izkOw87NHJgxznYA&indpubnum=3338919744720141&atk=1bb5148op18ir6r9","onmousedown":"indeed_clk(this,'679');","jobkey":"2e87f6c643960578","sponsored":false,"expired":false,"indeedApply":false,"formattedLocationFull":"Louisville, KY","formattedRelativeTime":"3 hours ago","stations":""},{"jobtitle":"Linux Engineer","company":"Catchpoint Systems","city":"New York","state":"NY","country":"US","formattedLocation":"New York, NY","source":"Catchpoint Systems","date":"Mon, 13 Mar 2017 20:35:50 GMT","snippet":"7+ years of Post-Academic experience in C++, C#, or <b>Java</b>. Catchpoint is looking for an experienced Linux Software Engineer to join our monitoring agent...","url":"http://www.indeed.com/viewjob?jk=0cbe14ae5dd156cd&qd=usoBPHMd3vYN69bRu-PQwcxBheEzuNOj46oJk2PU6yPPaaBuvSwk2ub69Dxr0mQTERp4f6wFZAqzeyPK_mKiS6m1Aj3izkOw87NHJgxznYA&indpubnum=3338919744720141&atk=1bb5148op18ir6r9","onmousedown":"indeed_clk(this,'679');","jobkey":"0cbe14ae5dd156cd","sponsored":false,"expired":false,"indeedApply":false,"formattedLocationFull":"New York, NY 10003","formattedRelativeTime":"3 hours ago","stations":""},{"jobtitle":"Software Engineer","company":"AlienVault","city":"Austin","state":"TX","country":"US","formattedLocation":"Austin, TX","source":"AlienVault","date":"Mon, 13 Mar 2017 20:33:17 GMT","snippet":"Experience in developing applications using <b>Java</b>. The ideal candidate has experience in developing distributed software systems using the <b>Java</b> programming...","url":"http://www.indeed.com/viewjob?jk=34415d52ff657161&qd=usoBPHMd3vYN69bRu-PQwcxBheEzuNOj46oJk2PU6yPPaaBuvSwk2ub69Dxr0mQTERp4f6wFZAqzeyPK_mKiS6m1Aj3izkOw87NHJgxznYA&indpubnum=3338919744720141&atk=1bb5148op18ir6r9","onmousedown":"indeed_clk(this,'679');","jobkey":"34415d52ff657161","sponsored":false,"expired":false,"indeedApply":false,"formattedLocationFull":"Austin, TX","formattedRelativeTime":"3 hours ago","stations":""},{"jobtitle":"Integration Engineer","company":"RBC","city":"Raleigh","state":"NC","country":"US","formattedLocation":"Raleigh, NC","source":"RBC","date":"Mon, 13 Mar 2017 20:09:59 GMT","snippet":"NodeJS, Ruby on Rails, <b>Java</b>, Spark, Storm, Cassandra, PostgreSQL, CloudFormation, OpenStack, Python, .Net, JavaScript, CSS, SASS. What is the opportunity?...","url":"http://www.indeed.com/viewjob?jk=6f8222aa3d8e8423&qd=usoBPHMd3vYN69bRu-PQwcxBheEzuNOj46oJk2PU6yPPaaBuvSwk2ub69Dxr0mQTERp4f6wFZAqzeyPK_mKiS6m1Aj3izkOw87NHJgxznYA&indpubnum=3338919744720141&atk=1bb5148op18ir6r9","onmousedown":"indeed_clk(this,'679');","jobkey":"6f8222aa3d8e8423","sponsored":false,"expired":false,"indeedApply":false,"formattedLocationFull":"Raleigh, NC 27607","formattedRelativeTime":"3 hours ago","stations":""},{"jobtitle":"Eng 5, SDET","company":"Comcast","city":"Denver","state":"CO","country":"US","formattedLocation":"Denver, CO","source":"Comcast","date":"Mon, 13 Mar 2017 20:06:24 GMT","snippet":"Comcast's Technology & Product organization works at the intersection of media and technology. Our innovative teams are continually developing and delivering","url":"http://www.indeed.com/viewjob?jk=aa7297692e82cd65&qd=usoBPHMd3vYN69bRu-PQwcxBheEzuNOj46oJk2PU6yPPaaBuvSwk2ub69Dxr0mQTERp4f6wFZAqzeyPK_mKiS6m1Aj3izkOw87NHJgxznYA&indpubnum=3338919744720141&atk=1bb5148op18ir6r9","onmousedown":"indeed_clk(this,'679');","jobkey":"aa7297692e82cd65","sponsored":false,"expired":false,"indeedApply":false,"formattedLocationFull":"Denver, CO 80202","formattedRelativeTime":"3 hours ago","stations":""},{"jobtitle":"Platform Engineer - (Microservices, Java, ElasticSearch, AWS)","company":"Tenable","city":"Columbia","state":"MD","country":"US","formattedLocation":"Columbia, MD","source":"Tenable","date":"Mon, 13 Mar 2017 18:48:15 GMT","snippet":"Excellent understanding and working knowledge of <b>Java</b>. Tenable Network Security delivers comprehensive security solutions that provide continuous visibility and...","url":"http://www.indeed.com/viewjob?jk=22b20a1388d594fa&qd=usoBPHMd3vYN69bRu-PQwcxBheEzuNOj46oJk2PU6yPPaaBuvSwk2ub69Dxr0mQTERp4f6wFZAqzeyPK_mKiS6m1Aj3izkOw87NHJgxznYA&indpubnum=3338919744720141&atk=1bb5148op18ir6r9","onmousedown":"indeed_clk(this,'679');","jobkey":"22b20a1388d594fa","sponsored":false,"expired":false,"indeedApply":false,"formattedLocationFull":"Columbia, MD","formattedRelativeTime":"4 hours ago","stations":""},{"jobtitle":"Professional Services Consultant, US Public Sector","company":"Splunk","city":"Washington","state":"DC","country":"US","formattedLocation":"Washington, DC","source":"Splunk","date":"Mon, 13 Mar 2017 18:47:15 GMT","snippet":"Professional Services Consultants fuel solutions to ensure enterprise deployments make the deepest impact possible across an organization....","url":"http://www.indeed.com/viewjob?jk=733dc6d5051a6c01&qd=usoBPHMd3vYN69bRu-PQwcxBheEzuNOj46oJk2PU6yPPaaBuvSwk2ub69Dxr0mQTERp4f6wFZAqzeyPK_mKiS6m1Aj3izkOw87NHJgxznYA&indpubnum=3338919744720141&atk=1bb5148op18ir6r9","onmousedown":"indeed_clk(this,'679');","jobkey":"733dc6d5051a6c01","sponsored":false,"expired":false,"indeedApply":false,"formattedLocationFull":"Washington, DC","formattedRelativeTime":"5 hours ago","stations":""},{"jobtitle":"Process Control Engineer","company":"United States Steel","city":"Ecorse","state":"MI","country":"US","formattedLocation":"Ecorse, MI","source":"United States Steel","date":"Mon, 13 Mar 2017 18:43:07 GMT","snippet":"C, <b>Java</b> or C#, .Net. We currently have an opening for a Process Control Engineer to join our Process Control and Information Technology organization, located at...","url":"http://www.indeed.com/viewjob?jk=1e9ddd70eef1026b&qd=usoBPHMd3vYN69bRu-PQwcxBheEzuNOj46oJk2PU6yPPaaBuvSwk2ub69Dxr0mQTERp4f6wFZAqzeyPK_mKiS6m1Aj3izkOw87NHJgxznYA&indpubnum=3338919744720141&atk=1bb5148op18ir6r9","onmousedown":"indeed_clk(this,'679');","jobkey":"1e9ddd70eef1026b","sponsored":false,"expired":false,"indeedApply":false,"formattedLocationFull":"Ecorse, MI 48229","formattedRelativeTime":"5 hours ago","stations":""},{"jobtitle":"Java Programmers","company":"VEDICSOFT","city":"","state":"","country":"US","formattedLocation":"United States","source":"VEDICSOFT","date":"Mon, 13 Mar 2017 18:40:32 GMT","snippet":"<b>Java</b> Programmers in Iselin, NJ area. Use <b>Java</b>, J2EE, JSP, EJB, JNDI, SQL, PL/SQL, Unix, Shell Scripting, JMS, Ant, SLT....","url":"http://www.indeed.com/viewjob?jk=b37e8fede24607fa&qd=usoBPHMd3vYN69bRu-PQwcxBheEzuNOj46oJk2PU6yPPaaBuvSwk2ub69Dxr0mQTERp4f6wFZAqzeyPK_mKiS6m1Aj3izkOw87NHJgxznYA&indpubnum=3338919744720141&atk=1bb5148op18ir6r9","onmousedown":"indeed_clk(this,'679');","jobkey":"b37e8fede24607fa","sponsored":false,"expired":false,"indeedApply":false,"formattedLocationFull":"United States","formattedRelativeTime":"5 hours ago","stations":""},{"jobtitle":"Software Engineer II, FCS","company":"zulily","city":"Seattle","state":"WA","country":"US","formattedLocation":"Seattle, WA","source":"zulily","date":"Mon, 13 Mar 2017 18:37:53 GMT","snippet":"Strong experience with <b>Java</b>, AngularJS, JavaScript, JQuery, CSS, HTML, MySQL, MongoDB, Redis or equivalents....","url":"http://www.indeed.com/viewjob?jk=62db1863d9ced8cd&qd=usoBPHMd3vYN69bRu-PQwcxBheEzuNOj46oJk2PU6yPPaaBuvSwk2ub69Dxr0mQTERp4f6wFZAqzeyPK_mKiS6m1Aj3izkOw87NHJgxznYA&indpubnum=3338919744720141&atk=1bb5148op18ir6r9","onmousedown":"indeed_clk(this,'679');","jobkey":"62db1863d9ced8cd","sponsored":false,"expired":false,"indeedApply":false,"formattedLocationFull":"Seattle, WA 98121","formattedRelativeTime":"5 hours ago","stations":""},{"jobtitle":"2017 Summer Intern","company":"Broadridge Financial Solutions, Inc.","city":"South Windsor","state":"CT","country":"US","formattedLocation":"South Windsor, CT","source":"Broadridge","date":"Mon, 13 Mar 2017 18:37:34 GMT","snippet":"Some level of experience using <b>Java</b>, AngularJS or Angular2, REST and SOAP Web services, SQL, and Oracle databases....","url":"http://www.indeed.com/viewjob?jk=39efd85e2a294353&qd=usoBPHMd3vYN69bRu-PQwcxBheEzuNOj46oJk2PU6yPPaaBuvSwk2ub69Dxr0mQTERp4f6wFZAqzeyPK_mKiS6m1Aj3izkOw87NHJgxznYA&indpubnum=3338919744720141&atk=1bb5148op18ir6r9","onmousedown":"indeed_clk(this,'679');","jobkey":"39efd85e2a294353","sponsored":false,"expired":false,"indeedApply":false,"formattedLocationFull":"South Windsor, CT 06074","formattedRelativeTime":"5 hours ago","stations":""},{"jobtitle":"Cloud Engineer","company":"ICF","city":"Aberdeen","state":"MD","country":"US","formattedLocation":"Aberdeen, MD","source":"ICF","date":"Mon, 13 Mar 2017 18:34:46 GMT","snippet":"<b>Java</b> development experience or experience developing applications with Cloud-based technologies, including Hadoop HDFS, GFS, DFS, MapReduce, or Ozone Widget...","url":"http://www.indeed.com/viewjob?jk=8dc68b50e705be98&qd=usoBPHMd3vYN69bRu-PQwcxBheEzuNOj46oJk2PU6yPPaaBuvSwk2ub69Dxr0mQTERp4f6wFZAqzeyPK_mKiS6m1Aj3izkOw87NHJgxznYA&indpubnum=3338919744720141&atk=1bb5148op18ir6r9","onmousedown":"indeed_clk(this,'679');","jobkey":"8dc68b50e705be98","sponsored":false,"expired":false,"indeedApply":false,"formattedLocationFull":"Aberdeen, MD","formattedRelativeTime":"5 hours ago","stations":""},{"jobtitle":"Senior Software Engineer","company":"Atlantic.net","city":"","state":"","country":"US","formattedLocation":"United States","source":"Atlantic.net","date":"Mon, 13 Mar 2017 08:28:22 GMT","snippet":"Python, PHP, Go, C/C++, <b>Java</b>. As an Atlantic.Net Senior Software Engineer, you will help architect, build, and deliver systems that add to and improve the...","url":"http://www.indeed.com/viewjob?jk=58cad1a177fc9c79&qd=usoBPHMd3vYN69bRu-PQwcxBheEzuNOj46oJk2PU6yPPaaBuvSwk2ub69Dxr0mQTERp4f6wFZAqzeyPK_mKiS6m1Aj3izkOw87NHJgxznYA&indpubnum=3338919744720141&atk=1bb5148op18ir6r9","onmousedown":"indeed_clk(this,'679');","jobkey":"58cad1a177fc9c79","sponsored":false,"expired":false,"indeedApply":false,"formattedLocationFull":"United States","formattedRelativeTime":"15 hours ago","stations":""},{"jobtitle":"Cloud and Infrastructure Engineer","company":"Digital Management, Inc.","city":"Arlington","state":"VA","country":"US","formattedLocation":"Arlington, VA","source":"Digital Management, Inc.","date":"Mon, 13 Mar 2017 17:33:55 GMT","snippet":"DMI, the world’s first end-to-end mobility company, combines all the skills and services necessary to deliver mobile enterprise solutions....","url":"http://www.indeed.com/viewjob?jk=fb0a6b551bbf5977&qd=usoBPHMd3vYN69bRu-PQwcxBheEzuNOj46oJk2PU6yPPaaBuvSwk2ub69Dxr0mQTERp4f6wFZAqzeyPK_mKiS6m1Aj3izkOw87NHJgxznYA&indpubnum=3338919744720141&atk=1bb5148op18ir6r9","onmousedown":"indeed_clk(this,'679');","jobkey":"fb0a6b551bbf5977","sponsored":false,"expired":false,"indeedApply":false,"formattedLocationFull":"Arlington, VA","formattedRelativeTime":"6 hours ago","stations":""},{"jobtitle":"Mid-level Java EE Developer","company":"Cyber Delivered","city":"Annapolis Junction","state":"MD","country":"US","formattedLocation":"Annapolis Junction, MD","source":"Cyber Delivered","date":"Mon, 13 Mar 2017 10:55:16 GMT","snippet":"We expect demonstrable expertise in <b>Java</b>, and <b>Java</b> based languages. We are a managed security services provider that is currently expanding our <b>Java</b> middleware...","url":"http://www.indeed.com/viewjob?jk=1b5250b2d06d7d40&qd=usoBPHMd3vYN69bRu-PQwcxBheEzuNOj46oJk2PU6yPPaaBuvSwk2ub69Dxr0mQTERp4f6wFZAqzeyPK_mKiS6m1Aj3izkOw87NHJgxznYA&indpubnum=3338919744720141&atk=1bb5148op18ir6r9","onmousedown":"indeed_clk(this,'679');","jobkey":"1b5250b2d06d7d40","sponsored":false,"expired":false,"indeedApply":false,"formattedLocationFull":"Annapolis Junction, MD","formattedRelativeTime":"12 hours ago","stations":""},{"jobtitle":"Software Engineer II","company":"Connexion Point","city":"Salt Lake City","state":"UT","country":"US","formattedLocation":"Salt Lake City, UT","source":"Indeed","date":"Mon, 13 Mar 2017 16:52:22 GMT","snippet":"Proficiency in PHP, MySQL,HTML, and Javascript.Proficiency in at least one (1)additional software programming languages such as <b>Java</b>, C#, Python or other...","url":"http://www.indeed.com/viewjob?jk=f3b42914d997eb30&qd=usoBPHMd3vYN69bRu-PQwcxBheEzuNOj46oJk2PU6yPPaaBuvSwk2ub69Dxr0mQTERp4f6wFZAqzeyPK_mKiS6m1Aj3izkOw87NHJgxznYA&indpubnum=3338919744720141&atk=1bb5148op18ir6r9","onmousedown":"indeed_clk(this,'679');","jobkey":"f3b42914d997eb30","sponsored":false,"expired":false,"indeedApply":false,"formattedLocationFull":"Salt Lake City, UT 84107","formattedRelativeTime":"6 hours ago","stations":""},{"jobtitle":"Modeling and Simulation Software Engineer Intern","company":"Mitre Corporation","city":"Tampa Bay","state":"FL","country":"US","formattedLocation":"Tampa Bay, FL","source":"Mitre Corporation","date":"Mon, 13 Mar 2017 16:48:37 GMT","snippet":"Working knowledge of multiple programming languages such as <b>Java</b>, C#, C++, SQL, Ruby, Python, XML, HTML, JavaScript, .NET, 3D modeling....","url":"http://www.indeed.com/viewjob?jk=aab216374c4445e7&qd=usoBPHMd3vYN69bRu-PQwcxBheEzuNOj46oJk2PU6yPPaaBuvSwk2ub69Dxr0mQTERp4f6wFZAqzeyPK_mKiS6m1Aj3izkOw87NHJgxznYA&indpubnum=3338919744720141&atk=1bb5148op18ir6r9","onmousedown":"indeed_clk(this,'679');","jobkey":"aab216374c4445e7","sponsored":false,"expired":false,"indeedApply":false,"formattedLocationFull":"Tampa Bay, FL","formattedRelativeTime":"6 hours ago","stations":""},{"jobtitle":"Software Engineer III","company":"Reed Elsevier","city":"Boca Raton","state":"FL","country":"US","formattedLocation":"Boca Raton, FL","source":"Reed Elsevier","date":"Mon, 13 Mar 2017 16:22:49 GMT","snippet":"LexisNexis’ enterprise tools team is responsible for implementing and supporting a variety of enterprise wide SDLC tools for our global organization....","url":"http://www.indeed.com/viewjob?jk=61824129a4ec1712&qd=usoBPHMd3vYN69bRu-PQwcxBheEzuNOj46oJk2PU6yPPaaBuvSwk2ub69Dxr0mQTERp4f6wFZAqzeyPK_mKiS6m1Aj3izkOw87NHJgxznYA&indpubnum=3338919744720141&atk=1bb5148op18ir6r9","onmousedown":"indeed_clk(this,'679');","jobkey":"61824129a4ec1712","sponsored":false,"expired":false,"indeedApply":false,"formattedLocationFull":"Boca Raton, FL","formattedRelativeTime":"7 hours ago","stations":""}]}