{"version":2,"query":"java","location":"","paginationPayload":"","dupefilter":true,"highlight":true,"totalResults":1192,"start":926,"end":950,"pageNumber":37,"results":[{"jobtitle":"Java Developer II","company":"Synkriom","city":"Fort Worth","state":"TX","country":"US","formattedLocation":"Fort Worth, TX","source":"Dice","date":"Sun, 12 Mar 2017 12:23:10 GMT","snippet":"<b>Java</b> Developer II Location:. We have an immediate opening an <b>Java</b> Developer II with one of our Client Partner based in Fort Worth, TX..Title:....","url":"http://www.indeed.com/viewjob?jk=7bc477c5eea4a28c&qd=usoBPHMd3vYN69bRu-PQwcxBheEzuNOj46oJk2PU6yPPaaBuvSwk2ub69Dxr0mQT30-4cI82QyB8ovHPH96abam1Aj3izkOw87NHJgxznYA&indpubnum=3338919744720141&atk=1bb5147tq18437rg","onmousedown":"indeed_clk(this,'9816');","jobkey":"7bc477c5eea4a28c","sponsored":false,"expired":false,"indeedApply":false,"formattedLocationFull":"Fort Worth, TX 76106","formattedRelativeTime":"1 day ago","stations":""},{"jobtitle":"VRealize DevOps Automation Engineer","company":"TEKSystems","city":"Omaha","state":"NE","country":"US","formattedLocation":"Omaha, NE","source":"TEKSystems","date":"Mon, 13 Mar 2017 17:03:56 GMT","snippet":"Integration and Deliver Automation solutions using VMware technologies (vRealize), Chef, and public cloud APIs working multiple internal departments in...","url":"http://www.indeed.com/viewjob?jk=2e0c88465088b3fe&qd=usoBPHMd3vYN69bRu-PQwcxBheEzuNOj46oJk2PU6yPPaaBuvSwk2ub69Dxr0mQT30-4cI82QyB8ovHPH96abam1Aj3izkOw87NHJgxznYA&indpubnum=3338919744720141&atk=1bb5147tq18437rg","onmousedown":"indeed_clk(this,'9816');","jobkey":"2e0c88465088b3fe","sponsored":false,"expired":false,"indeedApply":false,"formattedLocationFull":"Omaha, NE","formattedRelativeTime":"6 hours ago","stations":""},{"jobtitle":"AWS DevOps Engineer","company":"TEKSystems","city":"Herndon","state":"VA","country":"US","formattedLocation":"Herndon, VA","source":"TEKSystems","date":"Mon, 13 Mar 2017 17:03:43 GMT","snippet":"Working knowledge of <b>Java</b> and Python. Experience developing code in <b>Java</b> and Python. In-depth knowledge and hands on development experience with <b>Java</b>, J2EE,...","url":"http://www.indeed.com/viewjob?jk=c559c199014568c7&qd=usoBPHMd3vYN69bRu-PQwcxBheEzuNOj46oJk2PU6yPPaaBuvSwk2ub69Dxr0mQT30-4cI82QyB8ovHPH96abam1Aj3izkOw87NHJgxznYA&indpubnum=3338919744720141&atk=1bb5147tq18437rg","onmousedown":"indeed_clk(this,'9816');","jobkey":"c559c199014568c7","sponsored":false,"expired":false,"indeedApply":false,"formattedLocationFull":"Herndon, VA","formattedRelativeTime":"6 hours ago","stations":""},{"jobtitle":"Sr. DevOps Engineer","company":"TEKSystems","city":"Orlando","state":"FL","country":"US","formattedLocation":"Orlando, FL","source":"TEKSystems","date":"Mon, 13 Mar 2017 17:03:33 GMT","snippet":"This person will be supporting tier 4 related <b>Java</b> issues and diagnosing <b>Java</b> logs. Experience diagnosing <b>Java</b> logs / code....","url":"http://www.indeed.com/viewjob?jk=3d6011519ff6c63d&qd=usoBPHMd3vYN69bRu-PQwcxBheEzuNOj46oJk2PU6yPPaaBuvSwk2ub69Dxr0mQT30-4cI82QyB8ovHPH96abam1Aj3izkOw87NHJgxznYA&indpubnum=3338919744720141&atk=1bb5147tq18437rg","onmousedown":"indeed_clk(this,'9816');","jobkey":"3d6011519ff6c63d","sponsored":false,"expired":false,"indeedApply":false,"formattedLocationFull":"Orlando, FL","formattedRelativeTime":"6 hours ago","stations":""},{"jobtitle":"Mid-Junior Software Engineer - Contract","company":"Jobspring Partners","city":"San Mateo","state":"CA","country":"US","formattedLocation":"San Mateo, CA","source":"Jobspring Partners","date":"Mon, 13 Mar 2017 20:23:42 GMT","snippet":"2+ years of developing applications using <b>Java</b>, Spring, MVC, and Hibernate. A Series-F company located in San Mateo is looking for a full-stack <b>Java</b> Engineer to...","url":"http://www.indeed.com/viewjob?jk=1de552da95093684&qd=usoBPHMd3vYN69bRu-PQwcxBheEzuNOj46oJk2PU6yPPaaBuvSwk2ub69Dxr0mQT30-4cI82QyB8ovHPH96abam1Aj3izkOw87NHJgxznYA&indpubnum=3338919744720141&atk=1bb5147tq18437rg","onmousedown":"indeed_clk(this,'9816');","jobkey":"1de552da95093684","sponsored":false,"expired":false,"indeedApply":true,"formattedLocationFull":"San Mateo, CA 94404","formattedRelativeTime":"3 hours ago","stations":""},{"jobtitle":"Senior R&D Engineer","company":"Workbridge Associates","city":"San Jose","state":"CA","country":"US","formattedLocation":"San Jose, CA","source":"Workbridge Associates","date":"Mon, 13 Mar 2017 20:23:48 GMT","snippet":"<b>Java</b> is Perferred but experience in OOL is required. The most Innovative Laboratory in the History of Technology is looking to expand by adding a Senior R&amp;D...","url":"http://www.indeed.com/viewjob?jk=e6f47dc3bcb08e47&qd=usoBPHMd3vYN69bRu-PQwcxBheEzuNOj46oJk2PU6yPPaaBuvSwk2ub69Dxr0mQT30-4cI82QyB8ovHPH96abam1Aj3izkOw87NHJgxznYA&indpubnum=3338919744720141&atk=1bb5147tq18437rg","onmousedown":"indeed_clk(this,'9816');","jobkey":"e6f47dc3bcb08e47","sponsored":false,"expired":false,"indeedApply":true,"formattedLocationFull":"San Jose, CA 95113","formattedRelativeTime":"3 hours ago","stations":""},{"jobtitle":"Privacy and Data Security Analyst (Ref # BIT_NYC_PDSA_6035)","company":"New York State Office of the Attorney General (OAG)","city":"New York","state":"NY","country":"US","formattedLocation":"New York, NY","source":"Indeed","date":"Mon, 13 Mar 2017 20:28:07 GMT","snippet":"Programming and web development tools, including <b>JAVA</b>, Python, PHP and Ruby; Economic Justice Division*....","url":"http://www.indeed.com/viewjob?jk=64e7a0dcffef1bca&qd=usoBPHMd3vYN69bRu-PQwcxBheEzuNOj46oJk2PU6yPPaaBuvSwk2ub69Dxr0mQT30-4cI82QyB8ovHPH96abam1Aj3izkOw87NHJgxznYA&indpubnum=3338919744720141&atk=1bb5147tq18437rg","onmousedown":"indeed_clk(this,'9816');","jobkey":"64e7a0dcffef1bca","sponsored":false,"expired":false,"indeedApply":true,"formattedLocationFull":"New York, NY","formattedRelativeTime":"3 hours ago","stations":""},{"jobtitle":"Front End/UX Engineer","company":"LeadStack Inc","city":"San Francisco","state":"CA","country":"US","formattedLocation":"San Francisco, CA","source":"LeadStack Inc","date":"Mon, 13 Mar 2017 08:27:30 GMT","snippet":"(C#, Node, <b>Java</b>, Ruby, PHP). A Front-End Engineer on the User Experience Architecture team is responsible for assisting with the design and development of a...","url":"http://www.indeed.com/viewjob?jk=f37bbc5340483f31&qd=usoBPHMd3vYN69bRu-PQwcxBheEzuNOj46oJk2PU6yPPaaBuvSwk2ub69Dxr0mQT30-4cI82QyB8ovHPH96abam1Aj3izkOw87NHJgxznYA&indpubnum=3338919744720141&atk=1bb5147tq18437rg","onmousedown":"indeed_clk(this,'9816');","jobkey":"f37bbc5340483f31","sponsored":false,"expired":false,"indeedApply":true,"formattedLocationFull":"San Francisco, CA 94105","formattedRelativeTime":"15 hours ago","stations":""},{"jobtitle":"DIRECTOR DIGITAL CONTENT SERVICES (SHAREPOINT ARCHITECT)","company":"Ralph Lauren","city":"New York","state":"NY","country":"US","formattedLocation":"New York, NY","source":"Ralph Lauren","date":"Sun, 12 Mar 2017 06:08:31 GMT","snippet":"Experience with <b>Java</b> development strongly desired. Proven experience leading both the development and support of enterprise platforms....","url":"http://www.indeed.com/viewjob?jk=4bd4623ce51a55ae&qd=usoBPHMd3vYN69bRu-PQwcxBheEzuNOj46oJk2PU6yPPaaBuvSwk2ub69Dxr0mQT30-4cI82QyB8ovHPH96abam1Aj3izkOw87NHJgxznYA&indpubnum=3338919744720141&atk=1bb5147tq18437rg","onmousedown":"indeed_clk(this,'9816');","jobkey":"4bd4623ce51a55ae","sponsored":false,"expired":false,"indeedApply":false,"formattedLocationFull":"New York, NY","formattedRelativeTime":"1 day ago","stations":""},{"jobtitle":"Associate Director Biostatistics - Discovery","company":"inVentiv Health Clinical","city":"","state":"IL","country":"US","formattedLocation":"Illinois","source":"inVentiv Health Clinical","date":"Mon, 13 Mar 2017 09:19:27 GMT","snippet":"Familiarity in web-based tool development, <b>JAVA</b>, Perl, Visual Basic, etc. Maintain and develop further expertise in the use of R, SAS, UNIX utilities, <b>JAVA</b>,...","url":"http://www.indeed.com/viewjob?jk=09cab627bcf72b21&qd=usoBPHMd3vYN69bRu-PQwcxBheEzuNOj46oJk2PU6yPPaaBuvSwk2ub69Dxr0mQT30-4cI82QyB8ovHPH96abam1Aj3izkOw87NHJgxznYA&indpubnum=3338919744720141&atk=1bb5147tq18437rg","onmousedown":"indeed_clk(this,'9816');","jobkey":"09cab627bcf72b21","sponsored":false,"expired":false,"indeedApply":true,"formattedLocationFull":"Illinois","formattedRelativeTime":"14 hours ago","stations":""},{"jobtitle":"Pega Developer","company":"Bank of America","city":"Addison","state":"TX","country":"US","formattedLocation":"Addison, TX","source":"Bank of America","date":"Mon, 13 Mar 2017 20:30:23 GMT","snippet":"Experience in either J2EE ( JSP, Servlets, EJB, XML, <b>Java</b> ), web development (JSP/<b>Java</b> script/CSS), .Net or any object oriented programming language....","url":"http://www.indeed.com/viewjob?jk=17e9afb2d733ca52&qd=usoBPHMd3vYN69bRu-PQwcxBheEzuNOj46oJk2PU6yPPaaBuvSwk2ub69Dxr0mQT30-4cI82QyB8ovHPH96abam1Aj3izkOw87NHJgxznYA&indpubnum=3338919744720141&atk=1bb5147tq18437rg","onmousedown":"indeed_clk(this,'9816');","jobkey":"17e9afb2d733ca52","sponsored":false,"expired":false,"indeedApply":false,"formattedLocationFull":"Addison, TX 75001","formattedRelativeTime":"3 hours ago","stations":""},{"jobtitle":"Senior Support Engineer Job","company":"SAP","city":"Newtown Square","state":"PA","country":"US","formattedLocation":"Newtown Square, PA","source":"SAP","date":"Mon, 13 Mar 2017 18:24:56 GMT","snippet":"Experience must also involve monitoring and performance analysis in SAP applications and SAP basis (ABAP, <b>Java</b>, or Databases)....","url":"http://www.indeed.com/viewjob?jk=791b6363a20f9c33&qd=usoBPHMd3vYN69bRu-PQwcxBheEzuNOj46oJk2PU6yPPaaBuvSwk2ub69Dxr0mQT30-4cI82QyB8ovHPH96abam1Aj3izkOw87NHJgxznYA&indpubnum=3338919744720141&atk=1bb5147tq18437rg","onmousedown":"indeed_clk(this,'9816');","jobkey":"791b6363a20f9c33","sponsored":false,"expired":false,"indeedApply":false,"formattedLocationFull":"Newtown Square, PA","formattedRelativeTime":"5 hours ago","stations":""},{"jobtitle":"Information Technology","company":"Career Brokers","city":"Woodland Hills","state":"CA","country":"US","formattedLocation":"Woodland Hills, CA","source":"Career Brokers","date":"Mon, 13 Mar 2017 22:55:22 GMT","snippet":"And application programming/scripting languages (C, <b>Java</b>, Perl, Shell). Security implementation - Design, implement and integrate security solutions to address...","url":"http://www.indeed.com/viewjob?jk=4ed51099b7ba4d25&qd=usoBPHMd3vYN69bRu-PQwcxBheEzuNOj46oJk2PU6yPPaaBuvSwk2ub69Dxr0mQT30-4cI82QyB8ovHPH96abam1Aj3izkOw87NHJgxznYA&indpubnum=3338919744720141&atk=1bb5147tq18437rg","onmousedown":"indeed_clk(this,'9816');","jobkey":"4ed51099b7ba4d25","sponsored":false,"expired":false,"indeedApply":false,"formattedLocationFull":"Woodland Hills, CA","formattedRelativeTime":"52 minutes ago","stations":""},{"jobtitle":"FULL STACK DEVELOPER","company":"Somasoft Solutions. Inc.","city":"Aurora","state":"CO","country":"US","formattedLocation":"Aurora, CO","source":"Dice","date":"Mon, 13 Mar 2017 00:33:08 GMT","snippet":"Design, deployment and maintenance of web-based verification tools and interfaces;;;;;Database Design:. ;;;;;;;Undergraduate degree in Computer Science or...","url":"http://www.indeed.com/viewjob?jk=154770bd39bf581f&qd=usoBPHMd3vYN69bRu-PQwcxBheEzuNOj46oJk2PU6yPPaaBuvSwk2ub69Dxr0mQT30-4cI82QyB8ovHPH96abam1Aj3izkOw87NHJgxznYA&indpubnum=3338919744720141&atk=1bb5147tq18437rg","onmousedown":"indeed_clk(this,'9816');","jobkey":"154770bd39bf581f","sponsored":false,"expired":false,"indeedApply":false,"formattedLocationFull":"Aurora, CO 80014","formattedRelativeTime":"23 hours ago","stations":""},{"jobtitle":"Java Developer w/ Big Data and Dev Ops","company":"Computer Enterprises, Inc. (CEI)","city":"Englewood","state":"CO","country":"US","formattedLocation":"Englewood, CO","source":"CareerBuilder","date":"Sun, 12 Mar 2017 11:41:58 GMT","snippet":"Senior <b>Java</b> Engineer. Experience in developing, deploying and administering <b>Java</b> applications using <b>JAVA</b>, J2EE....","url":"http://www.indeed.com/viewjob?jk=310e7bd86193dccc&qd=usoBPHMd3vYN69bRu-PQwcxBheEzuNOj46oJk2PU6yPPaaBuvSwk2ub69Dxr0mQT30-4cI82QyB8ovHPH96abam1Aj3izkOw87NHJgxznYA&indpubnum=3338919744720141&atk=1bb5147tq18437rg","onmousedown":"indeed_clk(this,'9816');","jobkey":"310e7bd86193dccc","sponsored":false,"expired":false,"indeedApply":false,"formattedLocationFull":"Englewood, CO 80151","formattedRelativeTime":"1 day ago","stations":""},{"jobtitle":"Big Data Engineer","company":"Amazon Corporate LLC","city":"Seattle","state":"WA","country":"US","formattedLocation":"Seattle, WA","source":"Amazon.com","date":"Mon, 13 Mar 2017 06:07:33 GMT","snippet":"Experience with <b>Java</b>, Python or similar. DynamoDB is synonymous with NoSQL....","url":"http://www.indeed.com/viewjob?jk=68c3b8db2360afd0&qd=usoBPHMd3vYN69bRu-PQwcxBheEzuNOj46oJk2PU6yPPaaBuvSwk2ub69Dxr0mQT30-4cI82QyB8ovHPH96abam1Aj3izkOw87NHJgxznYA&indpubnum=3338919744720141&atk=1bb5147tq18437rg","onmousedown":"indeed_clk(this,'9816');","jobkey":"68c3b8db2360afd0","sponsored":false,"expired":false,"indeedApply":false,"formattedLocationFull":"Seattle, WA","formattedRelativeTime":"17 hours ago","stations":""},{"jobtitle":"Senior Developer in Test","company":"Citrix","city":"San Francisco","state":"CA","country":"US","formattedLocation":"San Francisco, CA","source":"Citrix Systems, Inc.","date":"Sun, 12 Mar 2017 21:14:21 GMT","snippet":"Strong <b>Java</b> programming skills, (active coder) with 2 –3 years <b>Java</b> development experience. Software Engineer in Test, <b>Java</b>, JavaScript, Automation, Quality....","url":"http://www.indeed.com/viewjob?jk=f94c5684c5bcc9e3&qd=usoBPHMd3vYN69bRu-PQwcxBheEzuNOj46oJk2PU6yPPaaBuvSwk2ub69Dxr0mQT30-4cI82QyB8ovHPH96abam1Aj3izkOw87NHJgxznYA&indpubnum=3338919744720141&atk=1bb5147tq18437rg","onmousedown":"indeed_clk(this,'9816');","jobkey":"f94c5684c5bcc9e3","sponsored":false,"expired":false,"indeedApply":false,"formattedLocationFull":"San Francisco, CA","formattedRelativeTime":"1 day ago","stations":""},{"jobtitle":"Sr. Developers","company":"Nationstar Mortgage","city":"Coppell","state":"TX","country":"US","formattedLocation":"Coppell, TX","source":"Nationstar Mortgage","date":"Mon, 13 Mar 2017 21:37:25 GMT","snippet":"Working knowledge of J2EE, EJB 3.0, <b>Java</b> Mail, SQL, IBM RAD 7.5/Eclipse, DOJO, IBM Case Manager, <b>Java</b> Springs. Sr....","url":"http://www.indeed.com/viewjob?jk=79b7f612bc105033&qd=usoBPHMd3vYN69bRu-PQwcxBheEzuNOj46oJk2PU6yPPaaBuvSwk2ub69Dxr0mQT30-4cI82QyB8ovHPH96abam1Aj3izkOw87NHJgxznYA&indpubnum=3338919744720141&atk=1bb5147tq18437rg","onmousedown":"indeed_clk(this,'9816');","jobkey":"79b7f612bc105033","sponsored":false,"expired":false,"indeedApply":false,"formattedLocationFull":"Coppell, TX 75019","formattedRelativeTime":"2 hours ago","stations":""},{"jobtitle":"Data Center Design Engineer","company":"Bay State","city":"Pontiac","state":"MI","country":"US","formattedLocation":"Pontiac, MI","source":"Bay State","date":"Mon, 13 Mar 2017 22:27:24 GMT","snippet":"Experience with scripting/ development work using Shell scripting, PL/SQL, <b>Java</b>, Perl, HTML. As a trusted Data Center Design Engineer, you will assist with...","url":"http://www.indeed.com/viewjob?jk=7175e48650d90422&qd=usoBPHMd3vYN69bRu-PQwcxBheEzuNOj46oJk2PU6yPPaaBuvSwk2ub69Dxr0mQT30-4cI82QyB8ovHPH96abam1Aj3izkOw87NHJgxznYA&indpubnum=3338919744720141&atk=1bb5147tq18437rg","onmousedown":"indeed_clk(this,'9816');","jobkey":"7175e48650d90422","sponsored":false,"expired":false,"indeedApply":false,"formattedLocationFull":"Pontiac, MI","formattedRelativeTime":"1 hour ago","stations":""},{"jobtitle":"Sr Data Engineer (Palo Alto)","company":"Globant","city":"Palo Alto","state":"CA","country":"US","formattedLocation":"Palo Alto, CA","source":"Globant","date":"Sun, 12 Mar 2017 08:13:11 GMT","snippet":"As a Data Analytics Engineer, you will be working with the latest Data Analytics, <b>Java</b>, Spark. Our passion for technology reverberates in every area of our...","url":"http://www.indeed.com/viewjob?jk=03f7d7004d774d42&qd=usoBPHMd3vYN69bRu-PQwcxBheEzuNOj46oJk2PU6yPPaaBuvSwk2ub69Dxr0mQT30-4cI82QyB8ovHPH96abam1Aj3izkOw87NHJgxznYA&indpubnum=3338919744720141&atk=1bb5147tq18437rg","onmousedown":"indeed_clk(this,'9816');","jobkey":"03f7d7004d774d42","sponsored":false,"expired":false,"indeedApply":true,"formattedLocationFull":"Palo Alto, CA","formattedRelativeTime":"1 day ago","stations":""},{"jobtitle":"Back-End Engineer (Python/Ruby/Scala)","company":"Workbridge Associates","city":"Dallas","state":"TX","country":"US","formattedLocation":"Dallas, TX","source":"Workbridge Associates","date":"Mon, 13 Mar 2017 16:16:00 GMT","snippet":"Full stack, Engineer, Developer, Startup, Python, OOP, SOA, Django, <b>Java</b>, Scala, MySQL, MongoDB, relational, non-relational, PHP, Ruby, Angular.JS, Express.JS,...","url":"http://www.indeed.com/viewjob?jk=295e7ee76b2bfa8f&qd=usoBPHMd3vYN69bRu-PQwcxBheEzuNOj46oJk2PU6yPPaaBuvSwk2ub69Dxr0mQT30-4cI82QyB8ovHPH96abam1Aj3izkOw87NHJgxznYA&indpubnum=3338919744720141&atk=1bb5147tq18437rg","onmousedown":"indeed_clk(this,'9816');","jobkey":"295e7ee76b2bfa8f","sponsored":false,"expired":false,"indeedApply":true,"formattedLocationFull":"Dallas, TX 75205","formattedRelativeTime":"7 hours ago","stations":""},{"jobtitle":"JavaScript Engineer","company":"Osmium Recruitment LLC","city":"San Francisco","state":"CA","country":"US","formattedLocation":"San Francisco, CA","source":"Osmium Recruitment LLC","date":"Mon, 13 Mar 2017 08:23:25 GMT","snippet":"<b>Java</b>, Python, PHP, Ruby. A growing San Francisco startup company in the SAAS space is hiring for a JavaScript Developer to join the team....","url":"http://www.indeed.com/viewjob?jk=a735b3dba1de7f3d&qd=usoBPHMd3vYN69bRu-PQwcxBheEzuNOj46oJk2PU6yPPaaBuvSwk2ub69Dxr0mQT30-4cI82QyB8ovHPH96abam1Aj3izkOw87NHJgxznYA&indpubnum=3338919744720141&atk=1bb5147tq18437rg","onmousedown":"indeed_clk(this,'9816');","jobkey":"a735b3dba1de7f3d","sponsored":false,"expired":false,"indeedApply":true,"formattedLocationFull":"San Francisco, CA 94104","formattedRelativeTime":"15 hours ago","stations":""},{"jobtitle":"Systems Integration Architect","company":"NTT DATA","city":"Reston","state":"VA","country":"US","formattedLocation":"Reston, VA","source":"NTT Data","date":"Mon, 13 Mar 2017 21:09:32 GMT","snippet":"Experience in <b>Java</b> technologies including Hibernate, MyBatis. Knowledge of components for enterprise architecture like enterprise beans is a plus....","url":"http://www.indeed.com/viewjob?jk=02333e75e6e51488&qd=usoBPHMd3vYN69bRu-PQwcxBheEzuNOj46oJk2PU6yPPaaBuvSwk2ub69Dxr0mQT30-4cI82QyB8ovHPH96abam1Aj3izkOw87NHJgxznYA&indpubnum=3338919744720141&atk=1bb5147tq18437rg","onmousedown":"indeed_clk(this,'9816');","jobkey":"02333e75e6e51488","sponsored":false,"expired":false,"indeedApply":false,"formattedLocationFull":"Reston, VA","formattedRelativeTime":"2 hours ago","stations":""},{"jobtitle":"Junior / Mid level Software Engineer","company":"Stanson Health, Inc.","city":"Los Angeles","state":"CA","country":"US","formattedLocation":"Los Angeles, CA","source":"We Work Remotely","date":"Mon, 13 Mar 2017 21:04:38 GMT","snippet":"Our current stack includes an Angular application with a <b>Java</b> / Postgres / Linux backend, Spring Boot based web APIs, and a set of backend services written in...","url":"http://www.indeed.com/viewjob?jk=b858e01bae1b0d3a&qd=usoBPHMd3vYN69bRu-PQwcxBheEzuNOj46oJk2PU6yPPaaBuvSwk2ub69Dxr0mQT30-4cI82QyB8ovHPH96abam1Aj3izkOw87NHJgxznYA&indpubnum=3338919744720141&atk=1bb5147tq18437rg","onmousedown":"indeed_clk(this,'9816');","jobkey":"b858e01bae1b0d3a","sponsored":false,"expired":false,"indeedApply":false,"formattedLocationFull":"Los Angeles, CA 90025","formattedRelativeTime":"2 hours ago","stations":""},{"jobtitle":"Senior DevOps Engineer","company":"Jobspring Partners","city":"Mountain View","state":"CA","country":"US","formattedLocation":"Mountain View, CA","source":"Jobspring Partners","date":"Mon, 13 Mar 2017 20:23:46 GMT","snippet":"Strong coding skills in one or more languages (Python, <b>Java</b>, Ruby, Perl, etc.). A quickly growing, innovative tech company in Mountain View is looking to hire a...","url":"http://www.indeed.com/viewjob?jk=17480e6a34c1301e&qd=usoBPHMd3vYN69bRu-PQwcxBheEzuNOj46oJk2PU6yPPaaBuvSwk2ub69Dxr0mQT30-4cI82QyB8ovHPH96abam1Aj3izkOw87NHJgxznYA&indpubnum=3338919744720141&atk=1bb5147tq18437rg","onmousedown":"indeed_clk(this,'9816');","jobkey":"17480e6a34c1301e","sponsored":false,"expired":false,"indeedApply":true,"formattedLocationFull":"Mountain View, CA","formattedRelativeTime":"3 hours ago","stations":""}]}