{"version":2,"query":"java","location":"","paginationPayload":"","dupefilter":true,"highlight":true,"totalResults":1192,"start":26,"end":50,"pageNumber":1,"results":[{"jobtitle":"Software Developer","company":"alsco today llc","city":"New York","state":"NY","country":"US","formattedLocation":"New York, NY","source":"Indeed","date":"Sun, 12 Mar 2017 21:51:09 GMT","snippet":"The software Developer will be working with ATLAS CMS application and HRMS Software which need experiences in <b>java</b>, C# and *Oracle*. New York, NY....","url":"http://www.indeed.com/viewjob?jk=f00b0916d4103153&qd=usoBPHMd3vYN69bRu-PQwcxBheEzuNOj46oJk2PU6yPPaaBuvSwk2ub69Dxr0mQTERp4f6wFZAqzeyPK_mKiS6m1Aj3izkOw87NHJgxznYA&indpubnum=3338919744720141&atk=1bb5148pc184h57p","onmousedown":"indeed_clk(this,'684');","jobkey":"f00b0916d4103153","sponsored":false,"expired":false,"indeedApply":true,"formattedLocationFull":"New York, NY","formattedRelativeTime":"1 day ago","stations":""},{"jobtitle":"Java Developer","company":"Centric Consulting","city":"Columbus","state":"OH","country":"US","formattedLocation":"Columbus, OH","source":"Centric Consulting","date":"Sun, 12 Mar 2017 08:09:51 GMT","snippet":"What We Look For In <b>Java</b> Developers. Last but not least, you will, of course, need to know <b>Java</b>. Centric Consulting is hiring salaried and contract <b>Java</b>...","url":"http://www.indeed.com/viewjob?jk=b19893c6af1d0922&qd=usoBPHMd3vYN69bRu-PQwcxBheEzuNOj46oJk2PU6yPPaaBuvSwk2ub69Dxr0mQTERp4f6wFZAqzeyPK_mKiS6m1Aj3izkOw87NHJgxznYA&indpubnum=3338919744720141&atk=1bb5148pc184h57p","onmousedown":"indeed_clk(this,'684');","jobkey":"b19893c6af1d0922","sponsored":false,"expired":false,"indeedApply":false,"formattedLocationFull":"Columbus, OH","formattedRelativeTime":"1 day ago","stations":""},{"jobtitle":"Java Developer","company":"Marathon TS, Inc.","city":"Annapolis Junction","state":"MD","country":"US","formattedLocation":"Annapolis Junction, MD","source":"Marathon TS, Inc.","date":"Sun, 12 Mar 2017 08:34:31 GMT","snippet":"Candidate would be responsible for maintaining and enhancing web based J2EE applications to support a US homeland security mission and must have mid-level...","url":"http://www.indeed.com/viewjob?jk=9f4d4aa2f3dfcfad&qd=usoBPHMd3vYN69bRu-PQwcxBheEzuNOj46oJk2PU6yPPaaBuvSwk2ub69Dxr0mQTERp4f6wFZAqzeyPK_mKiS6m1Aj3izkOw87NHJgxznYA&indpubnum=3338919744720141&atk=1bb5148pc184h57p","onmousedown":"indeed_clk(this,'684');","jobkey":"9f4d4aa2f3dfcfad","sponsored":false,"expired":false,"indeedApply":false,"formattedLocationFull":"Annapolis Junction, MD","formattedRelativeTime":"1 day ago","stations":""},{"jobtitle":"Java Developer","company":"Autodata Solutions","city":"Westbury","state":"NY","country":"US","formattedLocation":"Westbury, NY","source":"Autodata Solutions","date":"Mon, 13 Mar 2017 22:15:27 GMT","snippet":"<b>Java</b>, C#) and frameworks (ex. Chrome Data is looking for an Intermediate <b>Java</b> Developer to join their Westbury Development team!...","url":"http://www.indeed.com/viewjob?jk=0b9a5b0741d424e4&qd=usoBPHMd3vYN69bRu-PQwcxBheEzuNOj46oJk2PU6yPPaaBuvSwk2ub69Dxr0mQTERp4f6wFZAqzeyPK_mKiS6m1Aj3izkOw87NHJgxznYA&indpubnum=3338919744720141&atk=1bb5148pc184h57p","onmousedown":"indeed_clk(this,'684');","jobkey":"0b9a5b0741d424e4","sponsored":false,"expired":false,"indeedApply":false,"formattedLocationFull":"Westbury, NY 11590","formattedRelativeTime":"1 hour ago","stations":""},{"jobtitle":"Senior Object-Oriented Programmer Analyst","company":"American Airlines","city":"Dallas","state":"TX","country":"US","formattedLocation":"Dallas, TX","source":"American Airlines","date":"Mon, 13 Mar 2017 22:26:02 GMT","snippet":"Sr. Object-Oriented Programmer Analyst Job Description American Airlines, Inc. has multiple openings for a Senior Object-Oriented Programmer Analyst to","url":"http://www.indeed.com/viewjob?jk=5d18dd487f313cf2&qd=usoBPHMd3vYN69bRu-PQwcxBheEzuNOj46oJk2PU6yPPaaBuvSwk2ub69Dxr0mQTERp4f6wFZAqzeyPK_mKiS6m1Aj3izkOw87NHJgxznYA&indpubnum=3338919744720141&atk=1bb5148pc184h57p","onmousedown":"indeed_clk(this,'684');","jobkey":"5d18dd487f313cf2","sponsored":false,"expired":false,"indeedApply":false,"formattedLocationFull":"Dallas, TX","formattedRelativeTime":"1 hour ago","stations":""},{"jobtitle":"Full Stack Developer","company":"Oranj","city":"Chicago","state":"IL","country":"US","formattedLocation":"Chicago, IL","source":"Indeed","date":"Mon, 13 Mar 2017 15:18:22 GMT","snippet":"At least 3+ years software engineering experience using <b>Java</b>, Spring and Hibernate. We are looking for a passionate full stack developer, who is ready to work...","url":"http://www.indeed.com/viewjob?jk=040594fdc1beef93&qd=usoBPHMd3vYN69bRu-PQwcxBheEzuNOj46oJk2PU6yPPaaBuvSwk2ub69Dxr0mQTERp4f6wFZAqzeyPK_mKiS6m1Aj3izkOw87NHJgxznYA&indpubnum=3338919744720141&atk=1bb5148pc184h57p","onmousedown":"indeed_clk(this,'684');","jobkey":"040594fdc1beef93","sponsored":false,"expired":false,"indeedApply":true,"formattedLocationFull":"Chicago, IL","formattedRelativeTime":"8 hours ago","stations":""},{"jobtitle":"Full Stack Developer","company":"RevZilla","city":"Philadelphia","state":"PA","country":"US","formattedLocation":"Philadelphia, PA","source":"Indeed","date":"Sun, 12 Mar 2017 21:32:00 GMT","snippet":"Proficiency in at least one mainstream compiled language (Elixir, Objective-C, C#, <b>Java</b>, etc.). RevZilla's Technology Team is looking for full stack engineers...","url":"http://www.indeed.com/viewjob?jk=831adae08bd0c8a7&qd=usoBPHMd3vYN69bRu-PQwcxBheEzuNOj46oJk2PU6yPPaaBuvSwk2ub69Dxr0mQTERp4f6wFZAqzeyPK_mKiS6m1Aj3izkOw87NHJgxznYA&indpubnum=3338919744720141&atk=1bb5148pc184h57p","onmousedown":"indeed_clk(this,'684');","jobkey":"831adae08bd0c8a7","sponsored":false,"expired":false,"indeedApply":true,"formattedLocationFull":"Philadelphia, PA 19112","formattedRelativeTime":"1 day ago","stations":""},{"jobtitle":"Java Developer","company":"Paypal","city":"Omaha","state":"NE","country":"US","formattedLocation":"Omaha, NE","source":"Paypal","date":"Mon, 13 Mar 2017 16:20:16 GMT","snippet":"Spends most of the time developing code, and efficiently produces exemplar and thoroughly tested code for the most challenging feature using <b>Java</b> programming...","url":"http://www.indeed.com/viewjob?jk=e2432b274ec1bf6d&qd=usoBPHMd3vYN69bRu-PQwcxBheEzuNOj46oJk2PU6yPPaaBuvSwk2ub69Dxr0mQTERp4f6wFZAqzeyPK_mKiS6m1Aj3izkOw87NHJgxznYA&indpubnum=3338919744720141&atk=1bb5148pc184h57p","onmousedown":"indeed_clk(this,'684');","jobkey":"e2432b274ec1bf6d","sponsored":false,"expired":false,"indeedApply":false,"formattedLocationFull":"Omaha, NE","formattedRelativeTime":"7 hours ago","stations":""},{"jobtitle":"Sr. Software Developer in Test","company":"Solar Mosaic","city":"Oakland","state":"CA","country":"US","formattedLocation":"Oakland, CA","source":"Solar Mosaic","date":"Sun, 12 Mar 2017 06:51:21 GMT","snippet":"Proficiency with <b>Java</b> and a scripting language (e.g. Develop and implement tests of our product suite, including end-to-end <b>Java</b> services and JavaScript-based...","url":"http://www.indeed.com/viewjob?jk=1df2d78a0f09f218&qd=usoBPHMd3vYN69bRu-PQwcxBheEzuNOj46oJk2PU6yPPaaBuvSwk2ub69Dxr0mQTERp4f6wFZAqzeyPK_mKiS6m1Aj3izkOw87NHJgxznYA&indpubnum=3338919744720141&atk=1bb5148pc184h57p","onmousedown":"indeed_clk(this,'684');","jobkey":"1df2d78a0f09f218","sponsored":false,"expired":false,"indeedApply":true,"formattedLocationFull":"Oakland, CA","formattedRelativeTime":"1 day ago","stations":""},{"jobtitle":"Mid-Senior Risk Developer - Investment Banking - 140 - Chicago","company":"Huxley Banking & Financial Services","city":"Chicago","state":"IL","country":"US","formattedLocation":"Chicago, IL","source":"Indeed","date":"Mon, 13 Mar 2017 15:14:37 GMT","snippet":"Expertise in an OO software development language (Python, C++, <b>Java</b>, C#, etc.). A global Investment Bank located in downtown *Chicago*....","url":"http://www.indeed.com/viewjob?jk=9d4ea2e27c78b214&qd=usoBPHMd3vYN69bRu-PQwcxBheEzuNOj46oJk2PU6yPPaaBuvSwk2ub69Dxr0mQTERp4f6wFZAqzeyPK_mKiS6m1Aj3izkOw87NHJgxznYA&indpubnum=3338919744720141&atk=1bb5148pc184h57p","onmousedown":"indeed_clk(this,'684');","jobkey":"9d4ea2e27c78b214","sponsored":false,"expired":false,"indeedApply":true,"formattedLocationFull":"Chicago, IL","formattedRelativeTime":"8 hours ago","stations":""},{"jobtitle":"J2EE Developer","company":"Pragmatics, Inc.","city":"Austin","state":"TX","country":"US","formattedLocation":"Austin, TX","source":"Indeed","date":"Mon, 13 Mar 2017 16:56:05 GMT","snippet":"Expert level knowledge of <b>Java</b> and related technologies:. As a <b>Java</b> Developer, you will be performing the following responsibilities:....","url":"http://www.indeed.com/viewjob?jk=dc34b75ef75abce1&qd=usoBPHMd3vYN69bRu-PQwcxBheEzuNOj46oJk2PU6yPPaaBuvSwk2ub69Dxr0mQTERp4f6wFZAqzeyPK_mKiS6m1Aj3izkOw87NHJgxznYA&indpubnum=3338919744720141&atk=1bb5148pc184h57p","onmousedown":"indeed_clk(this,'684');","jobkey":"dc34b75ef75abce1","sponsored":false,"expired":false,"indeedApply":true,"formattedLocationFull":"Austin, TX","formattedRelativeTime":"6 hours ago","stations":""},{"jobtitle":"3m HIS Software Engineer- Java Programmer (Wallingford, CT)","company":"3M","city":"Wallingford","state":"CT","country":"US","formattedLocation":"Wallingford, CT","source":"3M","date":"Sun, 12 Mar 2017 14:16:04 GMT","snippet":"Proficient in <b>Java</b> programming. Contributor on development of next generation framework for C&amp;ER component development using <b>Java</b> and advanced design patterns /...","url":"http://www.indeed.com/viewjob?jk=31be97e3f69173ab&qd=usoBPHMd3vYN69bRu-PQwcxBheEzuNOj46oJk2PU6yPPaaBuvSwk2ub69Dxr0mQTERp4f6wFZAqzeyPK_mKiS6m1Aj3izkOw87NHJgxznYA&indpubnum=3338919744720141&atk=1bb5148pc184h57p","onmousedown":"indeed_clk(this,'684');","jobkey":"31be97e3f69173ab","sponsored":false,"expired":false,"indeedApply":false,"formattedLocationFull":"Wallingford, CT","formattedRelativeTime":"1 day ago","stations":""},{"jobtitle":"Senior Object-Oriented Programmer Analyst","company":"American Airlines","city":"Fort Worth","state":"TX","country":"US","formattedLocation":"Fort Worth, TX","source":"American Airlines","date":"Mon, 13 Mar 2017 16:25:09 GMT","snippet":"Ideally application development experience using Business Works (BW), Business Events (BE), Enterprise Message Service (EMS)/JMS, <b>JAVA</b>, SOA, SOAP, REST, JSON,...","url":"http://www.indeed.com/viewjob?jk=5da8d9e95363131a&qd=usoBPHMd3vYN69bRu-PQwcxBheEzuNOj46oJk2PU6yPPaaBuvSwk2ub69Dxr0mQTERp4f6wFZAqzeyPK_mKiS6m1Aj3izkOw87NHJgxznYA&indpubnum=3338919744720141&atk=1bb5148pc184h57p","onmousedown":"indeed_clk(this,'684');","jobkey":"5da8d9e95363131a","sponsored":false,"expired":false,"indeedApply":false,"formattedLocationFull":"Fort Worth, TX","formattedRelativeTime":"7 hours ago","stations":""},{"jobtitle":"Senior Java/J2EE Developer with AngularJS experience","company":"Divihn Integration, inc","city":"Lemont","state":"IL","country":"US","formattedLocation":"Lemont, IL","source":"Indeed","date":"Mon, 13 Mar 2017 16:15:53 GMT","snippet":"<b>Java</b>, <b>Java</b> EE, XML, JSON, HTML5, CSS, Web Services, Spring MVC framework. Spring MVC, <b>Java</b>, <b>Java</b> EE, Python, PL/SQL, SQL, Angular JS, Ext JS, jQuery, and Linux...","url":"http://www.indeed.com/viewjob?jk=07eeb0e48dfa4edb&qd=usoBPHMd3vYN69bRu-PQwcxBheEzuNOj46oJk2PU6yPPaaBuvSwk2ub69Dxr0mQTERp4f6wFZAqzeyPK_mKiS6m1Aj3izkOw87NHJgxznYA&indpubnum=3338919744720141&atk=1bb5148pc184h57p","onmousedown":"indeed_clk(this,'684');","jobkey":"07eeb0e48dfa4edb","sponsored":false,"expired":false,"indeedApply":true,"formattedLocationFull":"Lemont, IL","formattedRelativeTime":"7 hours ago","stations":""},{"jobtitle":"Java Applications Developer","company":"JPMorgan Chase","city":"Jersey City","state":"NJ","country":"US","formattedLocation":"Jersey City, NJ","source":"JPMorgan Chase","date":"Mon, 13 Mar 2017 22:34:12 GMT","snippet":"<b>Java</b> Applications Developer. Strong Core <b>Java</b> knowledge. You also know the ins and outs of <b>Java</b> Web Application development. JPMorgan Chase &amp; Co....","url":"http://www.indeed.com/viewjob?jk=cea522bf47a0bc67&qd=usoBPHMd3vYN69bRu-PQwcxBheEzuNOj46oJk2PU6yPPaaBuvSwk2ub69Dxr0mQTERp4f6wFZAqzeyPK_mKiS6m1Aj3izkOw87NHJgxznYA&indpubnum=3338919744720141&atk=1bb5148pc184h57p","onmousedown":"indeed_clk(this,'684');","jobkey":"cea522bf47a0bc67","sponsored":false,"expired":false,"indeedApply":false,"formattedLocationFull":"Jersey City, NJ","formattedRelativeTime":"1 hour ago","stations":""},{"jobtitle":"Jr.- Mid Level Java Developer","company":"CEI","city":"Philadelphia","state":"PA","country":"US","formattedLocation":"Philadelphia, PA","source":"Indeed","date":"Mon, 13 Mar 2017 16:06:56 GMT","snippet":"3 - 5 years <b>Java</b> /C++/Python/Scala experience. Mid Level <b>Java</b> Developer (Local Candidates Only)*. Jr....","url":"http://www.indeed.com/viewjob?jk=9177c259696ad704&qd=usoBPHMd3vYN69bRu-PQwcxBheEzuNOj46oJk2PU6yPPaaBuvSwk2ub69Dxr0mQTERp4f6wFZAqzeyPK_mKiS6m1Aj3izkOw87NHJgxznYA&indpubnum=3338919744720141&atk=1bb5148pc184h57p","onmousedown":"indeed_clk(this,'684');","jobkey":"9177c259696ad704","sponsored":false,"expired":false,"indeedApply":true,"formattedLocationFull":"Philadelphia, PA","formattedRelativeTime":"7 hours ago","stations":""},{"jobtitle":"JAVA, PERL, PYTHON DEVELOPER","company":"Conquest Technical Associates, LLC","city":"New York","state":"NY","country":"US","formattedLocation":"New York, NY","source":"Indeed","date":"Mon, 13 Mar 2017 16:01:23 GMT","snippet":"<b>JAVA</b>, PERL, PYTHON:. Any of programming languages like <b>Java</b>, Perl, Python*. Participate in setup, configuration and maintenance of software test environments....","url":"http://www.indeed.com/viewjob?jk=295da9c1f5630a1c&qd=usoBPHMd3vYN69bRu-PQwcxBheEzuNOj46oJk2PU6yPPaaBuvSwk2ub69Dxr0mQTERp4f6wFZAqzeyPK_mKiS6m1Aj3izkOw87NHJgxznYA&indpubnum=3338919744720141&atk=1bb5148pc184h57p","onmousedown":"indeed_clk(this,'684');","jobkey":"295da9c1f5630a1c","sponsored":false,"expired":false,"indeedApply":true,"formattedLocationFull":"New York, NY 10016","formattedRelativeTime":"7 hours ago","stations":""},{"jobtitle":"Java Full Stack Developer","company":"iiTS","city":"Wilmington","state":"DE","country":"US","formattedLocation":"Wilmington, DE","source":"Indeed","date":"Mon, 13 Mar 2017 15:12:06 GMT","snippet":"<b>Java</b> Full Stack Developer. 2+ years of hands-on strong programming experience in AngularJS, JavaScript, CSS, <b>JAVA</b>, Hibernate, Spring development....","url":"http://www.indeed.com/viewjob?jk=df8d416ad2ff1d2f&qd=usoBPHMd3vYN69bRu-PQwcxBheEzuNOj46oJk2PU6yPPaaBuvSwk2ub69Dxr0mQTERp4f6wFZAqzeyPK_mKiS6m1Aj3izkOw87NHJgxznYA&indpubnum=3338919744720141&atk=1bb5148pc184h57p","onmousedown":"indeed_clk(this,'684');","jobkey":"df8d416ad2ff1d2f","sponsored":false,"expired":false,"indeedApply":true,"formattedLocationFull":"Wilmington, DE","formattedRelativeTime":"8 hours ago","stations":""},{"jobtitle":"Java Web Application Developer","company":"Advantech","city":"Bolingbrook","state":"IL","country":"US","formattedLocation":"Bolingbrook, IL","source":"Advantech","date":"Mon, 13 Mar 2017 20:21:38 GMT","snippet":"We are looking for a full life-cycle <b>Java</b> Web Application Developer . Spring MVC, <b>Java</b>, J2EE, Python, PL/SQL, SQL, Angular JS, Ext JS, jQuery, and Linux shell...","url":"http://www.indeed.com/viewjob?jk=3447be3b2a0ae327&qd=usoBPHMd3vYN69bRu-PQwcxBheEzuNOj46oJk2PU6yPPaaBuvSwk2ub69Dxr0mQTERp4f6wFZAqzeyPK_mKiS6m1Aj3izkOw87NHJgxznYA&indpubnum=3338919744720141&atk=1bb5148pc184h57p","onmousedown":"indeed_clk(this,'684');","jobkey":"3447be3b2a0ae327","sponsored":false,"expired":false,"indeedApply":true,"formattedLocationFull":"Bolingbrook, IL 60440","formattedRelativeTime":"3 hours ago","stations":""},{"jobtitle":"Java Web Application Developer","company":"Hmg America LLC","city":"Austin","state":"TX","country":"US","formattedLocation":"Austin, TX","source":"Indeed","date":"Mon, 13 Mar 2017 19:54:56 GMT","snippet":"<b>Java</b> technologies including <b>Java</b> 6/7/8, Struts 2, Tiles, Spring, JDBC, Hibernate, JSP, JSTL, Web services(SOAP/WSDL), JAXB, Ehcache, Maven, Tomcat server:....","url":"http://www.indeed.com/viewjob?jk=40f2ad638f463667&qd=usoBPHMd3vYN69bRu-PQwcxBheEzuNOj46oJk2PU6yPPaaBuvSwk2ub69Dxr0mQTERp4f6wFZAqzeyPK_mKiS6m1Aj3izkOw87NHJgxznYA&indpubnum=3338919744720141&atk=1bb5148pc184h57p","onmousedown":"indeed_clk(this,'684');","jobkey":"40f2ad638f463667","sponsored":false,"expired":false,"indeedApply":true,"formattedLocationFull":"Austin, TX","formattedRelativeTime":"3 hours ago","stations":""},{"jobtitle":"Java Lead Developer","company":"Mindtree","city":"Alpharetta","state":"GA","country":"US","formattedLocation":"Alpharetta, GA","source":"Indeed","date":"Mon, 13 Mar 2017 19:35:41 GMT","snippet":"Years of Experience – 7+ Mandatory Skills – <b>Java</b>, Hibernate/iBatis. Must have 5+ years of experience • Must Have Skills Technical Skills - <b>Java</b>, Hibernate...","url":"http://www.indeed.com/viewjob?jk=25ef627bae477018&qd=usoBPHMd3vYN69bRu-PQwcxBheEzuNOj46oJk2PU6yPPaaBuvSwk2ub69Dxr0mQTERp4f6wFZAqzeyPK_mKiS6m1Aj3izkOw87NHJgxznYA&indpubnum=3338919744720141&atk=1bb5148pc184h57p","onmousedown":"indeed_clk(this,'684');","jobkey":"25ef627bae477018","sponsored":false,"expired":false,"indeedApply":true,"formattedLocationFull":"Alpharetta, GA","formattedRelativeTime":"4 hours ago","stations":""},{"jobtitle":"Lead Java Developer in New Jersey, NJ","company":"Zodiac Solutions Inc.","city":"Jersey","state":"GA","country":"US","formattedLocation":"Jersey, GA","source":"Indeed","date":"Mon, 13 Mar 2017 18:05:20 GMT","snippet":"Lead <b>Java</b> Developer. • 8+ years of enterprise <b>Java</b> development design experience. • Designs, codes, documents and implements high quality scalable Enterprise...","url":"http://www.indeed.com/viewjob?jk=5abbee8c33349e65&qd=usoBPHMd3vYN69bRu-PQwcxBheEzuNOj46oJk2PU6yPPaaBuvSwk2ub69Dxr0mQTERp4f6wFZAqzeyPK_mKiS6m1Aj3izkOw87NHJgxznYA&indpubnum=3338919744720141&atk=1bb5148pc184h57p","onmousedown":"indeed_clk(this,'684');","jobkey":"5abbee8c33349e65","sponsored":false,"expired":false,"indeedApply":true,"formattedLocationFull":"Jersey, GA","formattedRelativeTime":"5 hours ago","stations":""},{"jobtitle":"Java Architect / Developer - Software Architect","company":"Kite Staffing","city":"Santa Barbara","state":"CA","country":"US","formattedLocation":"Santa Barbara, CA","source":"conrep","date":"Mon, 13 Mar 2017 16:01:24 GMT","snippet":"We have Urgent opening for <b>Java</b> Architect / Developer - Software Architect. Santa Barbara, CA....","url":"http://www.indeed.com/viewjob?jk=f8a1045757de80ab&qd=usoBPHMd3vYN69bRu-PQwcxBheEzuNOj46oJk2PU6yPPaaBuvSwk2ub69Dxr0mQTERp4f6wFZAqzeyPK_mKiS6m1Aj3izkOw87NHJgxznYA&indpubnum=3338919744720141&atk=1bb5148pc184h57p","onmousedown":"indeed_clk(this,'684');","jobkey":"f8a1045757de80ab","sponsored":false,"expired":false,"indeedApply":true,"formattedLocationFull":"Santa Barbara, CA 93101","formattedRelativeTime":"7 hours ago","stations":""},{"jobtitle":"Java ATG Developer Full time","company":"Marvel Infotech Inc","city":"Chicago","state":"IL","country":"US","formattedLocation":"Chicago, IL","source":"Indeed","date":"Mon, 13 Mar 2017 14:33:59 GMT","snippet":"Immediate position for <b>Java</b> ATG Developer. Experience with coding languages, such as <b>Java</b>, MVC, SQL, DDL, etc....","url":"http://www.indeed.com/viewjob?jk=702f3a9f370ccdd3&qd=usoBPHMd3vYN69bRu-PQwcxBheEzuNOj46oJk2PU6yPPaaBuvSwk2ub69Dxr0mQTERp4f6wFZAqzeyPK_mKiS6m1Aj3izkOw87NHJgxznYA&indpubnum=3338919744720141&atk=1bb5148pc184h57p","onmousedown":"indeed_clk(this,'684');","jobkey":"702f3a9f370ccdd3","sponsored":false,"expired":false,"indeedApply":true,"formattedLocationFull":"Chicago, IL","formattedRelativeTime":"9 hours ago","stations":""},{"jobtitle":"Java Developer (No third party candidates)","company":"Prism Inc.","city":"Rensselaer","state":"NY","country":"US","formattedLocation":"Rensselaer, NY","source":"Indeed","date":"Mon, 13 Mar 2017 14:09:03 GMT","snippet":"At least 5 years of extensive working experience in J2EE Technologies such as JMS, <b>Java</b> Server Pages, <b>Java</b> Servlets, HTML, <b>Java</b> Script, XML, XSD, XSLT, Xpath...","url":"http://www.indeed.com/viewjob?jk=0f4ebc60b3b1540f&qd=usoBPHMd3vYN69bRu-PQwcxBheEzuNOj46oJk2PU6yPPaaBuvSwk2ub69Dxr0mQTERp4f6wFZAqzeyPK_mKiS6m1Aj3izkOw87NHJgxznYA&indpubnum=3338919744720141&atk=1bb5148pc184h57p","onmousedown":"indeed_clk(this,'684');","jobkey":"0f4ebc60b3b1540f","sponsored":false,"expired":false,"indeedApply":true,"formattedLocationFull":"Rensselaer, NY","formattedRelativeTime":"9 hours ago","stations":""}]}