{"version":2,"query":"java","location":"","paginationPayload":"","dupefilter":true,"highlight":true,"totalResults":1177,"start":651,"end":675,"pageNumber":26,"results":[{"jobtitle":"Policy Quality Assurance Analyst","company":"Visionary Integration Professionals","city":"Sacramento","state":"CA","country":"US","formattedLocation":"Sacramento, CA","source":"Visionary Integration Professionals","date":"Sun, 12 Mar 2017 11:16:34 GMT","snippet":"<b>Java</b>, <b>Java</b> Script, SQL background and experience required. Working knowledge of <b>Java</b>, Linux and Windows. Visionary Integration Professionals (VIP) offers a...","url":"http://www.indeed.com/viewjob?jk=fe01b28e78dff559&qd=usoBPHMd3vYN69bRu-PQwcxBheEzuNOj46oJk2PU6yOs9RmphsZwXkpEhIV6UdnwERp4f6wFZAqzeyPK_mKiS6m1Aj3izkOw87NHJgxznYA&indpubnum=3338919744720141&atk=1bb5148b618hb65d","onmousedown":"indeed_clk(this,'241');","jobkey":"fe01b28e78dff559","sponsored":false,"expired":false,"indeedApply":false,"formattedLocationFull":"Sacramento, CA 95833","formattedRelativeTime":"1 day ago","stations":""},{"jobtitle":"ServiceNow ITSM Sol Architect","company":"Truven Health Analytics, Inc. & Simpler Consulting","city":"Ann Arbor","state":"MI","country":"US","formattedLocation":"Ann Arbor, MI","source":"Truven Health Analytics, Inc. & Simpler Consulting","date":"Mon, 13 Mar 2017 11:21:02 GMT","snippet":"<b>Java</b> Scripting experience. ITSM software design, development, analysis and maintenance adding functionality within IT service management to improve IT reporting...","url":"http://www.indeed.com/viewjob?jk=3ac0e66cf300203d&qd=usoBPHMd3vYN69bRu-PQwcxBheEzuNOj46oJk2PU6yOs9RmphsZwXkpEhIV6UdnwERp4f6wFZAqzeyPK_mKiS6m1Aj3izkOw87NHJgxznYA&indpubnum=3338919744720141&atk=1bb5148b618hb65d","onmousedown":"indeed_clk(this,'241');","jobkey":"3ac0e66cf300203d","sponsored":false,"expired":false,"indeedApply":false,"formattedLocationFull":"Ann Arbor, MI 48108","formattedRelativeTime":"12 hours ago","stations":""},{"jobtitle":"Chief Architect, Cloud R&D tool Chain","company":"Huawei","city":"Santa Clara","state":"CA","country":"US","formattedLocation":"Santa Clara, CA","source":"Huawei","date":"Mon, 13 Mar 2017 10:39:43 GMT","snippet":"Familiar with Go, Python, <b>Java</b>, Node.JS Programming Languages. Focus on building required end-to-end software delivery capabilities for Huawei R&amp;D tools...","url":"http://www.indeed.com/viewjob?jk=45494ed9137d01e1&qd=usoBPHMd3vYN69bRu-PQwcxBheEzuNOj46oJk2PU6yOs9RmphsZwXkpEhIV6UdnwERp4f6wFZAqzeyPK_mKiS6m1Aj3izkOw87NHJgxznYA&indpubnum=3338919744720141&atk=1bb5148b618hb65d","onmousedown":"indeed_clk(this,'241');","jobkey":"45494ed9137d01e1","sponsored":false,"expired":false,"indeedApply":false,"formattedLocationFull":"Santa Clara, CA","formattedRelativeTime":"13 hours ago","stations":""},{"jobtitle":"Appian Architect","company":"First Republic Bank","city":"San Francisco","state":"CA","country":"US","formattedLocation":"San Francisco, CA","source":"First Republic Bank","date":"Mon, 13 Mar 2017 08:21:57 GMT","snippet":"Engage with enterprise architects on design collaboration and review to ensure Appian solutions align with enterprise initiatives....","url":"http://www.indeed.com/viewjob?jk=1bc2cba682463ecb&qd=usoBPHMd3vYN69bRu-PQwcxBheEzuNOj46oJk2PU6yOs9RmphsZwXkpEhIV6UdnwERp4f6wFZAqzeyPK_mKiS6m1Aj3izkOw87NHJgxznYA&indpubnum=3338919744720141&atk=1bb5148b618hb65d","onmousedown":"indeed_clk(this,'241');","jobkey":"1bc2cba682463ecb","sponsored":false,"expired":false,"indeedApply":false,"formattedLocationFull":"San Francisco, CA","formattedRelativeTime":"15 hours ago","stations":""},{"jobtitle":"Application Architect - BPM","company":"First Republic Bank","city":"San Francisco","state":"CA","country":"US","formattedLocation":"San Francisco, CA","source":"First Republic Bank","date":"Mon, 13 Mar 2017 08:21:16 GMT","snippet":"Engage with enterprise architects on design collaboration and review to ensure Appian solutions align with enterprise initiatives....","url":"http://www.indeed.com/viewjob?jk=8f5fd06f87037853&qd=usoBPHMd3vYN69bRu-PQwcxBheEzuNOj46oJk2PU6yOs9RmphsZwXkpEhIV6UdnwERp4f6wFZAqzeyPK_mKiS6m1Aj3izkOw87NHJgxznYA&indpubnum=3338919744720141&atk=1bb5148b618hb65d","onmousedown":"indeed_clk(this,'241');","jobkey":"8f5fd06f87037853","sponsored":false,"expired":false,"indeedApply":false,"formattedLocationFull":"San Francisco, CA","formattedRelativeTime":"15 hours ago","stations":""},{"jobtitle":"GRC Manager","company":"ACI Federal","city":"Arlington","state":"VA","country":"US","formattedLocation":"Arlington, VA","source":"Indeed","date":"Mon, 13 Mar 2017 18:47:30 GMT","snippet":"Should have skills in <b>Java</b> to create Custom objects needed to implement use cases. Performs as System Integrator (SI) GRC Lead to install, design, configure,....","url":"http://www.indeed.com/viewjob?jk=d349fbee96afc57f&qd=usoBPHMd3vYN69bRu-PQwcxBheEzuNOj46oJk2PU6yOs9RmphsZwXkpEhIV6UdnwERp4f6wFZAqzeyPK_mKiS6m1Aj3izkOw87NHJgxznYA&indpubnum=3338919744720141&atk=1bb5148b618hb65d","onmousedown":"indeed_clk(this,'241');","jobkey":"d349fbee96afc57f","sponsored":false,"expired":false,"indeedApply":true,"formattedLocationFull":"Arlington, VA","formattedRelativeTime":"5 hours ago","stations":""},{"jobtitle":"Software Architect, Staff Principle","company":"Pragmatics","city":"Omaha","state":"NE","country":"US","formattedLocation":"Omaha, NE","source":"Indeed","date":"Sun, 12 Mar 2017 20:10:50 GMT","snippet":"Knowledge/use of JBoss Data Virtualization, development and maintenance of web based applications, mapping, IE and/or Firefox, Adobe Flex, <b>Java</b>, Ext-JS,...","url":"http://www.indeed.com/viewjob?jk=85d0409ffbbed072&qd=usoBPHMd3vYN69bRu-PQwcxBheEzuNOj46oJk2PU6yOs9RmphsZwXkpEhIV6UdnwERp4f6wFZAqzeyPK_mKiS6m1Aj3izkOw87NHJgxznYA&indpubnum=3338919744720141&atk=1bb5148b618hb65d","onmousedown":"indeed_clk(this,'241');","jobkey":"85d0409ffbbed072","sponsored":false,"expired":false,"indeedApply":true,"formattedLocationFull":"Omaha, NE","formattedRelativeTime":"1 day ago","stations":""},{"jobtitle":"Test Prep Editor and Producer (Multiple Subjects)","company":"Shmoop","city":"Mountain View","state":"CA","country":"US","formattedLocation":"Mountain View, CA","source":"Shmoop","date":"Sun, 12 Mar 2017 08:14:04 GMT","snippet":"If they decide along the way that they’re super into <b>Java</b> programming or the study of land grants in medieval Europe or something that isn’t something super...","url":"http://www.indeed.com/viewjob?jk=eaafec84c1a78c10&qd=usoBPHMd3vYN69bRu-PQwcxBheEzuNOj46oJk2PU6yOs9RmphsZwXkpEhIV6UdnwERp4f6wFZAqzeyPK_mKiS6m1Aj3izkOw87NHJgxznYA&indpubnum=3338919744720141&atk=1bb5148b618hb65d","onmousedown":"indeed_clk(this,'241');","jobkey":"eaafec84c1a78c10","sponsored":false,"expired":false,"indeedApply":true,"formattedLocationFull":"Mountain View, CA","formattedRelativeTime":"1 day ago","stations":""},{"jobtitle":"UX Architect","company":"R-E-S.com","city":"New York","state":"NY","country":"US","formattedLocation":"New York, NY","source":"Indeed","date":"Sun, 12 Mar 2017 07:13:21 GMT","snippet":"High Volume transaction system experience at architecture level and operational knowledge FFS data security knowledge Scala <b>Java</b> Javascript w/ HTML5 Angular.JS...","url":"http://www.indeed.com/viewjob?jk=51b37c469d3cfa9d&qd=usoBPHMd3vYN69bRu-PQwcxBheEzuNOj46oJk2PU6yOs9RmphsZwXkpEhIV6UdnwERp4f6wFZAqzeyPK_mKiS6m1Aj3izkOw87NHJgxznYA&indpubnum=3338919744720141&atk=1bb5148b618hb65d","onmousedown":"indeed_clk(this,'241');","jobkey":"51b37c469d3cfa9d","sponsored":false,"expired":false,"indeedApply":true,"formattedLocationFull":"New York, NY","formattedRelativeTime":"1 day ago","stations":""},{"jobtitle":"Architect","company":"Unisys","city":"Alexandria","state":"VA","country":"US","formattedLocation":"Alexandria, VA","source":"Unisys","date":"Sun, 12 Mar 2017 15:24:24 GMT","snippet":"Provides expertise in applying the enterprise architecture for business or technical activities to a specific system or function....","url":"http://www.indeed.com/viewjob?jk=14c344760db7c413&qd=usoBPHMd3vYN69bRu-PQwcxBheEzuNOj46oJk2PU6yOs9RmphsZwXkpEhIV6UdnwERp4f6wFZAqzeyPK_mKiS6m1Aj3izkOw87NHJgxznYA&indpubnum=3338919744720141&atk=1bb5148b618hb65d","onmousedown":"indeed_clk(this,'241');","jobkey":"14c344760db7c413","sponsored":false,"expired":false,"indeedApply":false,"formattedLocationFull":"Alexandria, VA 22314","formattedRelativeTime":"1 day ago","stations":""},{"jobtitle":"Full Stack Java Engineer – Mobile Marketing","company":"CodeBroker","city":"Reston","state":"VA","country":"US","formattedLocation":"Reston, VA","source":"Indeed","date":"Sun, 12 Mar 2017 17:02:27 GMT","snippet":"At least four (4) years of programming experience in <b>Java</b>, <b>Java</b> Servlets, and <b>Java</b> Server Pages with application deployment on Apache Tomcat and MySQL as the...","url":"http://www.indeed.com/viewjob?jk=976ceb05c04934cc&qd=usoBPHMd3vYN69bRu-PQwcxBheEzuNOj46oJk2PU6yOs9RmphsZwXkpEhIV6UdnwERp4f6wFZAqzeyPK_mKiS6m1Aj3izkOw87NHJgxznYA&indpubnum=3338919744720141&atk=1bb5148b618hb65d","onmousedown":"indeed_clk(this,'241');","jobkey":"976ceb05c04934cc","sponsored":false,"expired":false,"indeedApply":true,"formattedLocationFull":"Reston, VA","formattedRelativeTime":"1 day ago","stations":""},{"jobtitle":"Pivotal Cloud Foundry Solution Architect","company":"Luxoft","city":"Reston","state":"VA","country":"US","formattedLocation":"Reston, VA","source":"Luxoft","date":"Sun, 12 Mar 2017 07:22:01 GMT","snippet":"Ensure the successful architecture and deployment of enterprise grade PaaS solutions using PCF as well as proper operation during initial Application migration...","url":"http://www.indeed.com/viewjob?jk=936a59208148916b&qd=usoBPHMd3vYN69bRu-PQwcxBheEzuNOj46oJk2PU6yOs9RmphsZwXkpEhIV6UdnwERp4f6wFZAqzeyPK_mKiS6m1Aj3izkOw87NHJgxznYA&indpubnum=3338919744720141&atk=1bb5148b618hb65d","onmousedown":"indeed_clk(this,'241');","jobkey":"936a59208148916b","sponsored":false,"expired":false,"indeedApply":false,"formattedLocationFull":"Reston, VA","formattedRelativeTime":"1 day ago","stations":""},{"jobtitle":"Pivotal Cloud Foundry Solution Architect","company":"Luxoft","city":"Philadelphia","state":"PA","country":"US","formattedLocation":"Philadelphia, PA","source":"Luxoft","date":"Sun, 12 Mar 2017 07:22:01 GMT","snippet":"Ensure the successful architecture and deployment of enterprise grade PaaS solutions using PCF as well as proper operation during initial Application migration...","url":"http://www.indeed.com/viewjob?jk=990cfb3a1793600a&qd=usoBPHMd3vYN69bRu-PQwcxBheEzuNOj46oJk2PU6yOs9RmphsZwXkpEhIV6UdnwERp4f6wFZAqzeyPK_mKiS6m1Aj3izkOw87NHJgxznYA&indpubnum=3338919744720141&atk=1bb5148b618hb65d","onmousedown":"indeed_clk(this,'241');","jobkey":"990cfb3a1793600a","sponsored":false,"expired":false,"indeedApply":false,"formattedLocationFull":"Philadelphia, PA","formattedRelativeTime":"1 day ago","stations":""},{"jobtitle":"Applications Architect","company":"Tillster","city":"San Diego","state":"CA","country":"US","formattedLocation":"San Diego, CA","source":"Tillster","date":"Sun, 12 Mar 2017 07:46:39 GMT","snippet":"Hands-on experience with <b>Java</b>, Spring, SOAP, AngularJS, jQuery or other JavaScript libraries, NoSQL. In-depth understanding of object-oriented programming,...","url":"http://www.indeed.com/viewjob?jk=431ca09bfc325a70&qd=usoBPHMd3vYN69bRu-PQwcxBheEzuNOj46oJk2PU6yOs9RmphsZwXkpEhIV6UdnwERp4f6wFZAqzeyPK_mKiS6m1Aj3izkOw87NHJgxznYA&indpubnum=3338919744720141&atk=1bb5148b618hb65d","onmousedown":"indeed_clk(this,'241');","jobkey":"431ca09bfc325a70","sponsored":false,"expired":false,"indeedApply":false,"formattedLocationFull":"San Diego, CA","formattedRelativeTime":"1 day ago","stations":""},{"jobtitle":"Analyst, Business Systems- Contractor","company":"Availity","city":"Indianapolis","state":"IN","country":"US","formattedLocation":"Indianapolis, IN","source":"Availity","date":"Mon, 13 Mar 2017 18:25:10 GMT","snippet":"Understanding of OOD (<b>Java</b>, HTML, XML, <b>Java</b> Script and Patterns) and impact to the development process a plus....","url":"http://www.indeed.com/viewjob?jk=96eadc2b93f226de&qd=usoBPHMd3vYN69bRu-PQwcxBheEzuNOj46oJk2PU6yOs9RmphsZwXkpEhIV6UdnwERp4f6wFZAqzeyPK_mKiS6m1Aj3izkOw87NHJgxznYA&indpubnum=3338919744720141&atk=1bb5148b618hb65d","onmousedown":"indeed_clk(this,'241');","jobkey":"96eadc2b93f226de","sponsored":false,"expired":false,"indeedApply":true,"formattedLocationFull":"Indianapolis, IN 46240","formattedRelativeTime":"5 hours ago","stations":""},{"jobtitle":"Lead Software Develop Engineer","company":"Allegis Global Solutions","city":"Raleigh","state":"NC","country":"US","formattedLocation":"Raleigh, NC","source":"Indeed","date":"Mon, 13 Mar 2017 21:34:58 GMT","snippet":"Enterprise Application Development (EAD) provides customer-centric global technology solutions tailored to meet the needs of businesses across the enterprise,...","url":"http://www.indeed.com/viewjob?jk=8bb74f5541e22fcb&qd=usoBPHMd3vYN69bRu-PQwcxBheEzuNOj46oJk2PU6yOs9RmphsZwXkpEhIV6UdnwERp4f6wFZAqzeyPK_mKiS6m1Aj3izkOw87NHJgxznYA&indpubnum=3338919744720141&atk=1bb5148b618hb65d","onmousedown":"indeed_clk(this,'241');","jobkey":"8bb74f5541e22fcb","sponsored":false,"expired":false,"indeedApply":true,"formattedLocationFull":"Raleigh, NC 27607","formattedRelativeTime":"2 hours ago","stations":""},{"jobtitle":"Senior Java/Spring Developer - 006190","company":"OUTSOURCE Consulting Services, Inc.","city":"Walnut Creek","state":"CA","country":"US","formattedLocation":"Walnut Creek, CA","source":"OUTSOURCE Consulting Services, Inc.","date":"Mon, 13 Mar 2017 21:31:14 GMT","snippet":"Experience in implementing <b>Java</b> EE design patterns such as MVC, Singleton, Session Facade, DAO, DTO, and Business Delegate in the development of Multi-Tier...","url":"http://www.indeed.com/viewjob?jk=264ef692df5ea6fd&qd=usoBPHMd3vYN69bRu-PQwcxBheEzuNOj46oJk2PU6yOs9RmphsZwXkpEhIV6UdnwERp4f6wFZAqzeyPK_mKiS6m1Aj3izkOw87NHJgxznYA&indpubnum=3338919744720141&atk=1bb5148b618hb65d","onmousedown":"indeed_clk(this,'241');","jobkey":"264ef692df5ea6fd","sponsored":false,"expired":false,"indeedApply":false,"formattedLocationFull":"Walnut Creek, CA","formattedRelativeTime":"2 hours ago","stations":""},{"jobtitle":"Watson Health Imaging - Software Engineer","company":"IBM","city":"San Jose","state":"CA","country":"US","formattedLocation":"San Jose, CA","source":"IBM","date":"Mon, 13 Mar 2017 21:56:47 GMT","snippet":"Strong <b>java</b> programming skills. Minimum 2 years’ experience developing in a <b>Java</b> environment and large code base systems....","url":"http://www.indeed.com/viewjob?jk=60fda83d21199593&qd=usoBPHMd3vYN69bRu-PQwcxBheEzuNOj46oJk2PU6yOs9RmphsZwXkpEhIV6UdnwERp4f6wFZAqzeyPK_mKiS6m1Aj3izkOw87NHJgxznYA&indpubnum=3338919744720141&atk=1bb5148b618hb65d","onmousedown":"indeed_clk(this,'241');","jobkey":"60fda83d21199593","sponsored":false,"expired":false,"indeedApply":false,"formattedLocationFull":"San Jose, CA","formattedRelativeTime":"1 hour ago","stations":""},{"jobtitle":"Sr. Developer","company":"Agile","city":"Alpharetta","state":"GA","country":"US","formattedLocation":"Alpharetta, GA","source":"Agile","date":"Mon, 13 Mar 2017 22:20:24 GMT","snippet":"A deep understanding of the .NET platform and/or <b>Java</b> Platform and experience with JEE technologies. Sr....","url":"http://www.indeed.com/viewjob?jk=9a017e770447a205&qd=usoBPHMd3vYN69bRu-PQwcxBheEzuNOj46oJk2PU6yOs9RmphsZwXkpEhIV6UdnwERp4f6wFZAqzeyPK_mKiS6m1Aj3izkOw87NHJgxznYA&indpubnum=3338919744720141&atk=1bb5148b618hb65d","onmousedown":"indeed_clk(this,'241');","jobkey":"9a017e770447a205","sponsored":false,"expired":false,"indeedApply":false,"formattedLocationFull":"Alpharetta, GA","formattedRelativeTime":"1 hour ago","stations":""},{"jobtitle":"Principal Information Systems Engineer","company":"Nationstar Mortgage","city":"Coppell","state":"TX","country":"US","formattedLocation":"Coppell, TX","source":"Nationstar Mortgage","date":"Mon, 13 Mar 2017 21:37:10 GMT","snippet":"You will apply your background in enterprise application development using <b>Java</b> and related frameworks to build services that integrate with traditional...","url":"http://www.indeed.com/viewjob?jk=370750805ccee91a&qd=usoBPHMd3vYN69bRu-PQwcxBheEzuNOj46oJk2PU6yOs9RmphsZwXkpEhIV6UdnwERp4f6wFZAqzeyPK_mKiS6m1Aj3izkOw87NHJgxznYA&indpubnum=3338919744720141&atk=1bb5148b618hb65d","onmousedown":"indeed_clk(this,'241');","jobkey":"370750805ccee91a","sponsored":false,"expired":false,"indeedApply":false,"formattedLocationFull":"Coppell, TX 75019","formattedRelativeTime":"2 hours ago","stations":""},{"jobtitle":"Technical Architect: Banking Big data - Hadoop, AWS, .Net","company":"Optima Connections","city":"Charlotte","state":"NC","country":"US","formattedLocation":"Charlotte, NC","source":"JobServe USA","date":"Mon, 13 Mar 2017 11:29:20 GMT","snippet":"Big Data, Hadoop, Hive, Spark, microservices, MVC, iOS, Android, Angular, Node, Cloud architecture and strategy (AWS, Azure etc) and Containers (Docker etc), C#...","url":"http://www.indeed.com/viewjob?jk=60a117aaa4744152&qd=usoBPHMd3vYN69bRu-PQwcxBheEzuNOj46oJk2PU6yOs9RmphsZwXkpEhIV6UdnwERp4f6wFZAqzeyPK_mKiS6m1Aj3izkOw87NHJgxznYA&indpubnum=3338919744720141&atk=1bb5148b618hb65d","onmousedown":"indeed_clk(this,'241');","jobkey":"60a117aaa4744152","sponsored":false,"expired":false,"indeedApply":false,"formattedLocationFull":"Charlotte, NC","formattedRelativeTime":"12 hours ago","stations":""},{"jobtitle":"Senior Software Engineer, Server-Side Java","company":"Resource Technology Partners","city":"Waltham","state":"MA","country":"US","formattedLocation":"Waltham, MA","source":"ReSource Technology Partners","date":"Sun, 12 Mar 2017 23:32:17 GMT","snippet":"Senior Software Engineer, Server-Side <b>Java</b>. Working knowledge of <b>Java</b> open source frameworks like Spring, Hibernate is a plus....","url":"http://www.indeed.com/viewjob?jk=842bfad30cdbe2cb&qd=usoBPHMd3vYN69bRu-PQwcxBheEzuNOj46oJk2PU6yOs9RmphsZwXkpEhIV6UdnwERp4f6wFZAqzeyPK_mKiS6m1Aj3izkOw87NHJgxznYA&indpubnum=3338919744720141&atk=1bb5148b618hb65d","onmousedown":"indeed_clk(this,'241');","jobkey":"842bfad30cdbe2cb","sponsored":false,"expired":false,"indeedApply":false,"formattedLocationFull":"Waltham, MA","formattedRelativeTime":"1 day ago","stations":""},{"jobtitle":"Software Development Engineer (Mid to Senior level)","company":"scube software square system Inc","city":"Boston","state":"MA","country":"US","formattedLocation":"Boston, MA","source":"Indeed","date":"Mon, 13 Mar 2017 20:49:50 GMT","snippet":"4 to 10 + years coding experience with a modern programming language such as <b>Java</b>, C++, Python. Client can sponsor visa for this position and if someone is...","url":"http://www.indeed.com/viewjob?jk=9fba6642c83afb80&qd=usoBPHMd3vYN69bRu-PQwcxBheEzuNOj46oJk2PU6yOs9RmphsZwXkpEhIV6UdnwERp4f6wFZAqzeyPK_mKiS6m1Aj3izkOw87NHJgxznYA&indpubnum=3338919744720141&atk=1bb5148b618hb65d","onmousedown":"indeed_clk(this,'241');","jobkey":"9fba6642c83afb80","sponsored":false,"expired":false,"indeedApply":true,"formattedLocationFull":"Boston, MA","formattedRelativeTime":"2 hours ago","stations":""},{"jobtitle":"Senior Software Engineer (Ad Tech / Blockchain)","company":"MadHive","city":"New York","state":"NY","country":"US","formattedLocation":"New York, NY","source":"MadHive","date":"Mon, 13 Mar 2017 20:14:52 GMT","snippet":"Our prime technologies are in <b>java</b>, python, golang, javascript and ruby running on google cloud. Madhive // Blockchain + Ad Tech:....","url":"http://www.indeed.com/viewjob?jk=75da06dab94a0caf&qd=usoBPHMd3vYN69bRu-PQwcxBheEzuNOj46oJk2PU6yOs9RmphsZwXkpEhIV6UdnwERp4f6wFZAqzeyPK_mKiS6m1Aj3izkOw87NHJgxznYA&indpubnum=3338919744720141&atk=1bb5148b618hb65d","onmousedown":"indeed_clk(this,'241');","jobkey":"75da06dab94a0caf","sponsored":false,"expired":false,"indeedApply":true,"formattedLocationFull":"New York, NY","formattedRelativeTime":"3 hours ago","stations":""},{"jobtitle":"Senior Security Engineer","company":"Vision Technology Services","city":"Rockville","state":"MD","country":"US","formattedLocation":"Rockville, MD","source":"Indeed","date":"Mon, 13 Mar 2017 17:45:11 GMT","snippet":"Software &amp; Application Development ( .Net and <b>Java</b> ). Vision Technology Services (Vision) is a leading provider of IT talent and project management services to...","url":"http://www.indeed.com/viewjob?jk=344c491b4054fd95&qd=usoBPHMd3vYN69bRu-PQwcxBheEzuNOj46oJk2PU6yOs9RmphsZwXkpEhIV6UdnwERp4f6wFZAqzeyPK_mKiS6m1Aj3izkOw87NHJgxznYA&indpubnum=3338919744720141&atk=1bb5148b618hb65d","onmousedown":"indeed_clk(this,'241');","jobkey":"344c491b4054fd95","sponsored":false,"expired":false,"indeedApply":true,"formattedLocationFull":"Rockville, MD","formattedRelativeTime":"6 hours ago","stations":""}]}