{"version":2,"query":"java","location":"","paginationPayload":"","dupefilter":true,"highlight":true,"totalResults":1192,"start":951,"end":975,"pageNumber":38,"results":[{"jobtitle":"Database Developer","company":"ektello","city":"Orlando","state":"FL","country":"US","formattedLocation":"Orlando, FL","source":"Indeed","date":"Mon, 13 Mar 2017 17:29:42 GMT","snippet":"Proficient with at least one or more scripting languages, preferably Python and <b>Java</b> Script, and one object-oriented language like <b>Java</b>/C#. $55 - $65 hr....","url":"http://www.indeed.com/viewjob?jk=5054df98d7a6f998&qd=usoBPHMd3vYN69bRu-PQwcxBheEzuNOj46oJk2PU6yPPaaBuvSwk2ub69Dxr0mQTERp4f6wFZAqzeyPK_mKiS6m1Aj3izkOw87NHJgxznYA&indpubnum=3338919744720141&atk=1bb5148mj185q4qt","onmousedown":"indeed_clk(this,'610');","jobkey":"5054df98d7a6f998","sponsored":false,"expired":false,"indeedApply":true,"formattedLocationFull":"Orlando, FL","formattedRelativeTime":"6 hours ago","stations":""},{"jobtitle":"Database Developer / Oracle DBA (Clearance Sponsorship Available)","company":"CACI","city":"Fairfax","state":"VA","country":"US","formattedLocation":"Fairfax, VA","source":"CACI","date":"Sun, 12 Mar 2017 10:11:38 GMT","snippet":"We are seeking an experienced Database Developer/DBA who under minimal direction performs as a fully experienced DBA in database administration tasks and...","url":"http://www.indeed.com/viewjob?jk=8c8428e3fd2405e2&qd=usoBPHMd3vYN69bRu-PQwcxBheEzuNOj46oJk2PU6yPPaaBuvSwk2ub69Dxr0mQTERp4f6wFZAqzeyPK_mKiS6m1Aj3izkOw87NHJgxznYA&indpubnum=3338919744720141&atk=1bb5148mj185q4qt","onmousedown":"indeed_clk(this,'610');","jobkey":"8c8428e3fd2405e2","sponsored":false,"expired":false,"indeedApply":false,"formattedLocationFull":"Fairfax, VA 22032","formattedRelativeTime":"1 day ago","stations":""},{"jobtitle":"Windows Systems Application Engineer III","company":"GM Financial","city":"Arlington","state":"TX","country":"US","formattedLocation":"Arlington, TX","source":"GM Financial","date":"Mon, 13 Mar 2017 18:31:27 GMT","snippet":"Web services, <b>Java</b> virtual machines, and the applications that run with these technologies. Environment architecture / re-architecture along with task...","url":"http://www.indeed.com/viewjob?jk=3bc966c71eb22b2f&qd=usoBPHMd3vYN69bRu-PQwcxBheEzuNOj46oJk2PU6yPPaaBuvSwk2ub69Dxr0mQTERp4f6wFZAqzeyPK_mKiS6m1Aj3izkOw87NHJgxznYA&indpubnum=3338919744720141&atk=1bb5148mj185q4qt","onmousedown":"indeed_clk(this,'610');","jobkey":"3bc966c71eb22b2f","sponsored":false,"expired":false,"indeedApply":false,"formattedLocationFull":"Arlington, TX","formattedRelativeTime":"5 hours ago","stations":""},{"jobtitle":"Software Engineer Stf / Java & C++","company":"Lockheed Martin","city":"Hanover","state":"MD","country":"US","formattedLocation":"Hanover, MD","source":"Lockheed Martin","date":"Mon, 13 Mar 2017 10:18:45 GMT","snippet":"Experience in software development/engineering, including requirements analysis, software development, installation, integration, evaluation, enhancement,...","url":"http://www.indeed.com/viewjob?jk=a5f9aa5f0ef6fa24&qd=usoBPHMd3vYN69bRu-PQwcxBheEzuNOj46oJk2PU6yPPaaBuvSwk2ub69Dxr0mQTERp4f6wFZAqzeyPK_mKiS6m1Aj3izkOw87NHJgxznYA&indpubnum=3338919744720141&atk=1bb5148mj185q4qt","onmousedown":"indeed_clk(this,'610');","jobkey":"a5f9aa5f0ef6fa24","sponsored":false,"expired":false,"indeedApply":false,"formattedLocationFull":"Hanover, MD 21076","formattedRelativeTime":"13 hours ago","stations":""},{"jobtitle":"Software Engineer - Clearance","company":"Volt Workforce Solutions","city":"Aurora","state":"CO","country":"US","formattedLocation":"Aurora, CO","source":"Volt Workforce Solutions","date":"Mon, 13 Mar 2017 22:50:48 GMT","snippet":"Experience with <b>Java</b>, C++. Volt Workforce Solutions is currently recruiting for a Software Engineer for a position we have open Aurora, CO....","url":"http://www.indeed.com/viewjob?jk=4107055986b27391&qd=usoBPHMd3vYN69bRu-PQwcxBheEzuNOj46oJk2PU6yPPaaBuvSwk2ub69Dxr0mQTERp4f6wFZAqzeyPK_mKiS6m1Aj3izkOw87NHJgxznYA&indpubnum=3338919744720141&atk=1bb5148mj185q4qt","onmousedown":"indeed_clk(this,'610');","jobkey":"4107055986b27391","sponsored":false,"expired":false,"indeedApply":false,"formattedLocationFull":"Aurora, CO","formattedRelativeTime":"57 minutes ago","stations":""},{"jobtitle":"SW Engineer","company":"Volt Workforce Solutions","city":"Santa Clara","state":"CA","country":"US","formattedLocation":"Santa Clara, CA","source":"Volt Workforce Solutions","date":"Mon, 13 Mar 2017 22:50:27 GMT","snippet":"4+ years’ experience building web applications with PHP 5.0 and/or other common web technologies ( <b>Java</b>, Ruby, Python , or .NET)....","url":"http://www.indeed.com/viewjob?jk=06a46fe608162dfe&qd=usoBPHMd3vYN69bRu-PQwcxBheEzuNOj46oJk2PU6yPPaaBuvSwk2ub69Dxr0mQTERp4f6wFZAqzeyPK_mKiS6m1Aj3izkOw87NHJgxznYA&indpubnum=3338919744720141&atk=1bb5148mj185q4qt","onmousedown":"indeed_clk(this,'610');","jobkey":"06a46fe608162dfe","sponsored":false,"expired":false,"indeedApply":false,"formattedLocationFull":"Santa Clara, CA","formattedRelativeTime":"57 minutes ago","stations":""},{"jobtitle":"Software Engineer - Clearance","company":"Volt Workforce Solutions","city":"San Diego","state":"CA","country":"US","formattedLocation":"San Diego, CA","source":"Volt Workforce Solutions","date":"Mon, 13 Mar 2017 22:50:09 GMT","snippet":"Programming experience in UNIX/Linux, Windows environments using <b>Java</b>, C, C++, or C#. Are you proficient with programming experience in UNIX/Linux, Windows...","url":"http://www.indeed.com/viewjob?jk=03819089abd43550&qd=usoBPHMd3vYN69bRu-PQwcxBheEzuNOj46oJk2PU6yPPaaBuvSwk2ub69Dxr0mQTERp4f6wFZAqzeyPK_mKiS6m1Aj3izkOw87NHJgxznYA&indpubnum=3338919744720141&atk=1bb5148mj185q4qt","onmousedown":"indeed_clk(this,'610');","jobkey":"03819089abd43550","sponsored":false,"expired":false,"indeedApply":false,"formattedLocationFull":"San Diego, CA 92131","formattedRelativeTime":"57 minutes ago","stations":""},{"jobtitle":"Security Engineer - Threat Infrastructure","company":"Facebook","city":"Menlo Park","state":"CA","country":"US","formattedLocation":"Menlo Park, CA","source":"Facebook","date":"Mon, 13 Mar 2017 05:04:57 GMT","snippet":"Facebook's mission is to give people the power to share, and make the world more open and connected. Through our growing family of apps and services, we're","url":"http://www.indeed.com/viewjob?jk=bdf252c43746736a&qd=usoBPHMd3vYN69bRu-PQwcxBheEzuNOj46oJk2PU6yPPaaBuvSwk2ub69Dxr0mQTERp4f6wFZAqzeyPK_mKiS6m1Aj3izkOw87NHJgxznYA&indpubnum=3338919744720141&atk=1bb5148mj185q4qt","onmousedown":"indeed_clk(this,'610');","jobkey":"bdf252c43746736a","sponsored":false,"expired":false,"indeedApply":false,"formattedLocationFull":"Menlo Park, CA","formattedRelativeTime":"18 hours ago","stations":""},{"jobtitle":"Programmer Analyst IV","company":"Intellect Resources","city":"","state":"NY","country":"US","formattedLocation":"New York State","source":"Intellect Resources","date":"Mon, 13 Mar 2017 23:25:53 GMT","snippet":"Knowledge and experience in high level languages such as <b>Java</b>, PHP, Javascript and frameworks such as React, D3 and JQuery is a strong plus....","url":"http://www.indeed.com/viewjob?jk=62e6ce64f9558ada&qd=usoBPHMd3vYN69bRu-PQwcxBheEzuNOj46oJk2PU6yPPaaBuvSwk2ub69Dxr0mQTERp4f6wFZAqzeyPK_mKiS6m1Aj3izkOw87NHJgxznYA&indpubnum=3338919744720141&atk=1bb5148mj185q4qt","onmousedown":"indeed_clk(this,'610');","jobkey":"62e6ce64f9558ada","sponsored":false,"expired":false,"indeedApply":false,"formattedLocationFull":"New York State","formattedRelativeTime":"21 minutes ago","stations":""},{"jobtitle":"IT Security Engineer - Livonia, MI","company":"WorkForce Software","city":"Livonia","state":"MI","country":"US","formattedLocation":"Livonia, MI","source":"WorkForce Software","date":"Sun, 12 Mar 2017 14:41:54 GMT","snippet":"3+ years VMware, Linux Server Administration experience, including diagnosis of performance issues, package management, load estimation, kernel tuning,...","url":"http://www.indeed.com/viewjob?jk=9fc525fed0dd7743&qd=usoBPHMd3vYN69bRu-PQwcxBheEzuNOj46oJk2PU6yPPaaBuvSwk2ub69Dxr0mQTERp4f6wFZAqzeyPK_mKiS6m1Aj3izkOw87NHJgxznYA&indpubnum=3338919744720141&atk=1bb5148mj185q4qt","onmousedown":"indeed_clk(this,'610');","jobkey":"9fc525fed0dd7743","sponsored":false,"expired":false,"indeedApply":false,"formattedLocationFull":"Livonia, MI 48152","formattedRelativeTime":"1 day ago","stations":""},{"jobtitle":"Senior Build and DevOps Engineer","company":"idexcel","city":"Irving","state":"TX","country":"US","formattedLocation":"Irving, TX","source":"Indeed","date":"Mon, 13 Mar 2017 18:00:32 GMT","snippet":"Experience in deployment patterns for Weblogic and <b>Java</b> applications. Experience in working with build projects for large distributed <b>java</b> applications....","url":"http://www.indeed.com/viewjob?jk=2814889bf899e95c&qd=usoBPHMd3vYN69bRu-PQwcxBheEzuNOj46oJk2PU6yPPaaBuvSwk2ub69Dxr0mQTERp4f6wFZAqzeyPK_mKiS6m1Aj3izkOw87NHJgxznYA&indpubnum=3338919744720141&atk=1bb5148mj185q4qt","onmousedown":"indeed_clk(this,'610');","jobkey":"2814889bf899e95c","sponsored":false,"expired":false,"indeedApply":true,"formattedLocationFull":"Irving, TX","formattedRelativeTime":"5 hours ago","stations":""},{"jobtitle":"Software Systems Engineer - I","company":"KellyMitchell","city":"Alpharetta","state":"GA","country":"US","formattedLocation":"Alpharetta, GA","source":"KellyMitchell","date":"Mon, 13 Mar 2017 22:44:22 GMT","snippet":"Web programming skills in languages such <b>Java</b>, J2EE, JavaScript, HTML. KellyMitchell matches the best IT and business talent with premier organizations...","url":"http://www.indeed.com/viewjob?jk=83bd95156a6dd986&qd=usoBPHMd3vYN69bRu-PQwcxBheEzuNOj46oJk2PU6yPPaaBuvSwk2ub69Dxr0mQTERp4f6wFZAqzeyPK_mKiS6m1Aj3izkOw87NHJgxznYA&indpubnum=3338919744720141&atk=1bb5148mj185q4qt","onmousedown":"indeed_clk(this,'610');","jobkey":"83bd95156a6dd986","sponsored":false,"expired":false,"indeedApply":true,"formattedLocationFull":"Alpharetta, GA","formattedRelativeTime":"1 hour ago","stations":""},{"jobtitle":"Senior/Lead Android Developer","company":"Copper Mobile, Inc.","city":"Dallas","state":"TX","country":"US","formattedLocation":"Dallas, TX","source":"Indeed","date":"Mon, 13 Mar 2017 22:20:44 GMT","snippet":"Strong in <b>Java</b> programming and OOPS fundamentals. Our developers have been building enterprise apps since the first iOS SDK release....","url":"http://www.indeed.com/viewjob?jk=a482bb78d399b662&qd=usoBPHMd3vYN69bRu-PQwcxBheEzuNOj46oJk2PU6yPPaaBuvSwk2ub69Dxr0mQTERp4f6wFZAqzeyPK_mKiS6m1Aj3izkOw87NHJgxznYA&indpubnum=3338919744720141&atk=1bb5148mj185q4qt","onmousedown":"indeed_clk(this,'610');","jobkey":"a482bb78d399b662","sponsored":false,"expired":false,"indeedApply":true,"formattedLocationFull":"Dallas, TX","formattedRelativeTime":"1 hour ago","stations":""},{"jobtitle":"Jr. Android developer","company":"People Tech group","city":"Olympia","state":"WA","country":"US","formattedLocation":"Olympia, WA","source":"Indeed","date":"Mon, 13 Mar 2017 19:09:45 GMT","snippet":"Strong experience with <b>Java</b>. Experience developing, releasing, and maintaining native <b>Java</b> applications (we’d like to see what you’ve built)....","url":"http://www.indeed.com/viewjob?jk=983aac7b1f18fe5c&qd=usoBPHMd3vYN69bRu-PQwcxBheEzuNOj46oJk2PU6yPPaaBuvSwk2ub69Dxr0mQTERp4f6wFZAqzeyPK_mKiS6m1Aj3izkOw87NHJgxznYA&indpubnum=3338919744720141&atk=1bb5148mj185q4qt","onmousedown":"indeed_clk(this,'610');","jobkey":"983aac7b1f18fe5c","sponsored":false,"expired":false,"indeedApply":true,"formattedLocationFull":"Olympia, WA","formattedRelativeTime":"4 hours ago","stations":""},{"jobtitle":"Lead Android Developer","company":"MARVEL TECHNOLOGIES INC","city":"Seattle","state":"WA","country":"US","formattedLocation":"Seattle, WA","source":"Indeed","date":"Mon, 13 Mar 2017 18:51:46 GMT","snippet":"Object Oriented Programming <b>Java</b> and the Android frameworks. W2 Candidates only!*....","url":"http://www.indeed.com/viewjob?jk=a9cd7f782fcdb683&qd=usoBPHMd3vYN69bRu-PQwcxBheEzuNOj46oJk2PU6yPPaaBuvSwk2ub69Dxr0mQTERp4f6wFZAqzeyPK_mKiS6m1Aj3izkOw87NHJgxznYA&indpubnum=3338919744720141&atk=1bb5148mj185q4qt","onmousedown":"indeed_clk(this,'610');","jobkey":"a9cd7f782fcdb683","sponsored":false,"expired":false,"indeedApply":true,"formattedLocationFull":"Seattle, WA","formattedRelativeTime":"4 hours ago","stations":""},{"jobtitle":"Android Developer Intern","company":"Witsberry, Inc.","city":"Corning","state":"NY","country":"US","formattedLocation":"Corning, NY","source":"Indeed","date":"Mon, 13 Mar 2017 01:37:26 GMT","snippet":"We expect you don't need to have any experience and finishing high school is enough and you have to be willing to work with <b>Java</b>, Android, RESTFul APIs,...","url":"http://www.indeed.com/viewjob?jk=21d2e4b66ccad798&qd=usoBPHMd3vYN69bRu-PQwcxBheEzuNOj46oJk2PU6yPPaaBuvSwk2ub69Dxr0mQTERp4f6wFZAqzeyPK_mKiS6m1Aj3izkOw87NHJgxznYA&indpubnum=3338919744720141&atk=1bb5148mj185q4qt","onmousedown":"indeed_clk(this,'610');","jobkey":"21d2e4b66ccad798","sponsored":false,"expired":false,"indeedApply":true,"formattedLocationFull":"Corning, NY","formattedRelativeTime":"22 hours ago","stations":""},{"jobtitle":"Senior Linux Systems Engineer","company":"Precision System Design, Inc.","city":"Mayfield","state":"OH","country":"US","formattedLocation":"Mayfield, OH","source":"JobServe USA","date":"Mon, 13 Mar 2017 11:29:20 GMT","snippet":"Knowledge of .NET or <b>Java</b> a plus. Must be experienced in LINUX/UNIX environment at an enterprise level. Our Fortune 500 client in Mayfield Village, Ohio is...","url":"http://www.indeed.com/viewjob?jk=04f82e2aa4e87491&qd=usoBPHMd3vYN69bRu-PQwcxBheEzuNOj46oJk2PU6yPPaaBuvSwk2ub69Dxr0mQTERp4f6wFZAqzeyPK_mKiS6m1Aj3izkOw87NHJgxznYA&indpubnum=3338919744720141&atk=1bb5148mj185q4qt","onmousedown":"indeed_clk(this,'610');","jobkey":"04f82e2aa4e87491","sponsored":false,"expired":false,"indeedApply":false,"formattedLocationFull":"Mayfield, OH","formattedRelativeTime":"12 hours ago","stations":""},{"jobtitle":"Android Developer Intern","company":"Solebrity, Inc.","city":"Ashburn","state":"VA","country":"US","formattedLocation":"Ashburn, VA","source":"Indeed","date":"Sun, 12 Mar 2017 20:15:53 GMT","snippet":"Past native Android development experience and familiarity with Android studio, XML, <b>Java</b>, Object-Oriented Programming....","url":"http://www.indeed.com/viewjob?jk=ba50dc989920b8d9&qd=usoBPHMd3vYN69bRu-PQwcxBheEzuNOj46oJk2PU6yPPaaBuvSwk2ub69Dxr0mQTERp4f6wFZAqzeyPK_mKiS6m1Aj3izkOw87NHJgxznYA&indpubnum=3338919744720141&atk=1bb5148mj185q4qt","onmousedown":"indeed_clk(this,'610');","jobkey":"ba50dc989920b8d9","sponsored":false,"expired":false,"indeedApply":true,"formattedLocationFull":"Ashburn, VA 20147","formattedRelativeTime":"1 day ago","stations":""},{"jobtitle":"Android Developer","company":"DramaFever","city":"Philadelphia","state":"PA","country":"US","formattedLocation":"Philadelphia, PA","source":"DramaFever","date":"Sun, 12 Mar 2017 08:14:03 GMT","snippet":"Who We Are DramaFever, a subsidiary of Warner Bros., is the leading online destination for international television shows and movies. Our millions of young,...","url":"http://www.indeed.com/viewjob?jk=555a9e739333ec4c&qd=usoBPHMd3vYN69bRu-PQwcxBheEzuNOj46oJk2PU6yPPaaBuvSwk2ub69Dxr0mQTERp4f6wFZAqzeyPK_mKiS6m1Aj3izkOw87NHJgxznYA&indpubnum=3338919744720141&atk=1bb5148mj185q4qt","onmousedown":"indeed_clk(this,'610');","jobkey":"555a9e739333ec4c","sponsored":false,"expired":false,"indeedApply":true,"formattedLocationFull":"Philadelphia, PA","formattedRelativeTime":"1 day ago","stations":""},{"jobtitle":"Senior Software Engineer - Server","company":"Verimatrix","city":"San Diego","state":"CA","country":"US","formattedLocation":"San Diego, CA","source":"Verimatrix","date":"Mon, 13 Mar 2017 22:12:55 GMT","snippet":"2 or more years <b>Java</b> design and coding experience. Senior Software Engineer – Server....","url":"http://www.indeed.com/viewjob?jk=fc557fa2ffb9a1f2&qd=usoBPHMd3vYN69bRu-PQwcxBheEzuNOj46oJk2PU6yPPaaBuvSwk2ub69Dxr0mQTERp4f6wFZAqzeyPK_mKiS6m1Aj3izkOw87NHJgxznYA&indpubnum=3338919744720141&atk=1bb5148mj185q4qt","onmousedown":"indeed_clk(this,'610');","jobkey":"fc557fa2ffb9a1f2","sponsored":false,"expired":false,"indeedApply":false,"formattedLocationFull":"San Diego, CA","formattedRelativeTime":"1 hour ago","stations":""},{"jobtitle":"Associate Digital Analytics Specialist","company":"Horizontal Integration","city":"Southfield","state":"MI","country":"US","formattedLocation":"Southfield, MI","source":"Horizontal Integration","date":"Mon, 13 Mar 2017 20:46:55 GMT","snippet":"Familiarity with technical aspects of digital development, including but not limited to HTML, <b>Java</b> Script, CSS, Flash, HTML5, PHP, XML/JSON, SOAP, REST, web...","url":"http://www.indeed.com/viewjob?jk=552fa6e02cb94e66&qd=usoBPHMd3vYN69bRu-PQwcxBheEzuNOj46oJk2PU6yPPaaBuvSwk2ub69Dxr0mQTERp4f6wFZAqzeyPK_mKiS6m1Aj3izkOw87NHJgxznYA&indpubnum=3338919744720141&atk=1bb5148mj185q4qt","onmousedown":"indeed_clk(this,'610');","jobkey":"552fa6e02cb94e66","sponsored":false,"expired":false,"indeedApply":false,"formattedLocationFull":"Southfield, MI","formattedRelativeTime":"3 hours ago","stations":""},{"jobtitle":"Mobile Developer - Android","company":"Brightwing","city":"Auburn Hills","state":"MI","country":"US","formattedLocation":"Auburn Hills, MI","source":"Indeed","date":"Mon, 13 Mar 2017 18:27:14 GMT","snippet":"Experience in Python, <b>Java</b> or others a huge plus. The Senior Mobile Engineer will be the development lead with responsibility to deliver working software at the...","url":"http://www.indeed.com/viewjob?jk=ea38a4f4695c8b02&qd=usoBPHMd3vYN69bRu-PQwcxBheEzuNOj46oJk2PU6yPPaaBuvSwk2ub69Dxr0mQTERp4f6wFZAqzeyPK_mKiS6m1Aj3izkOw87NHJgxznYA&indpubnum=3338919744720141&atk=1bb5148mj185q4qt","onmousedown":"indeed_clk(this,'610');","jobkey":"ea38a4f4695c8b02","sponsored":false,"expired":false,"indeedApply":true,"formattedLocationFull":"Auburn Hills, MI 48326","formattedRelativeTime":"5 hours ago","stations":""},{"jobtitle":"Systems Analyst","company":"Maxonic","city":"Campbell","state":"CA","country":"US","formattedLocation":"Campbell, CA","source":"Maxonic","date":"Mon, 13 Mar 2017 22:34:21 GMT","snippet":"Provide comprehensive SAP Basis administration support for enterprise instances with both ABAP and <b>Java</b> stacks;...","url":"http://www.indeed.com/viewjob?jk=6641ec30b4f7eac3&qd=usoBPHMd3vYN69bRu-PQwcxBheEzuNOj46oJk2PU6yPPaaBuvSwk2ub69Dxr0mQTERp4f6wFZAqzeyPK_mKiS6m1Aj3izkOw87NHJgxznYA&indpubnum=3338919744720141&atk=1bb5148mj185q4qt","onmousedown":"indeed_clk(this,'610');","jobkey":"6641ec30b4f7eac3","sponsored":false,"expired":false,"indeedApply":false,"formattedLocationFull":"Campbell, CA","formattedRelativeTime":"1 hour ago","stations":""},{"jobtitle":"Engineering Manager - Edge Insights","company":"Netflix","city":"Los Gatos","state":"CA","country":"US","formattedLocation":"Los Gatos, CA","source":"Netflix","date":"Mon, 13 Mar 2017 08:37:17 GMT","snippet":"Netflix is the world's leading internet streaming service with over 93 million members in 190 countries. Our members enjoy more than 125 million hours of","url":"http://www.indeed.com/viewjob?jk=3fa82c593a447b07&qd=usoBPHMd3vYN69bRu-PQwcxBheEzuNOj46oJk2PU6yPPaaBuvSwk2ub69Dxr0mQTERp4f6wFZAqzeyPK_mKiS6m1Aj3izkOw87NHJgxznYA&indpubnum=3338919744720141&atk=1bb5148mj185q4qt","onmousedown":"indeed_clk(this,'610');","jobkey":"3fa82c593a447b07","sponsored":false,"expired":false,"indeedApply":false,"formattedLocationFull":"Los Gatos, CA","formattedRelativeTime":"15 hours ago","stations":""},{"jobtitle":"DevOps Engineer","company":"Jobspring Partners","city":"Philadelphia","state":"PA","country":"US","formattedLocation":"Philadelphia, PA","source":"Jobspring Partners","date":"Mon, 13 Mar 2017 20:23:42 GMT","snippet":".NET, <b>Java</b>, SQL, or Python release mgmt experience. A global investment management firm is looking to add an DevOps Engineer to their growing technology...","url":"http://www.indeed.com/viewjob?jk=36d554502f0612da&qd=usoBPHMd3vYN69bRu-PQwcxBheEzuNOj46oJk2PU6yPPaaBuvSwk2ub69Dxr0mQTERp4f6wFZAqzeyPK_mKiS6m1Aj3izkOw87NHJgxznYA&indpubnum=3338919744720141&atk=1bb5148mj185q4qt","onmousedown":"indeed_clk(this,'610');","jobkey":"36d554502f0612da","sponsored":false,"expired":false,"indeedApply":true,"formattedLocationFull":"Philadelphia, PA 19102","formattedRelativeTime":"3 hours ago","stations":""}]}