{"version":2,"query":"java","location":"","paginationPayload":"","dupefilter":true,"highlight":true,"totalResults":1192,"start":1,"end":25,"pageNumber":0,"results":[{"jobtitle":"J2EE Developer","company":"Bank of America","city":"Plano","state":"TX","country":"US","formattedLocation":"Plano, TX","source":"Bank of America","date":"Mon, 13 Mar 2017 20:30:22 GMT","snippet":"<b>Java</b> JMS(<b>Java</b> Messeging Service). Proficiency with <b>JAVA</b>, J2EE, Struts,Spring Framework (Transaction Management, MVC, Restful Webservices) DB2 or Oracle, SQL,...","url":"http://www.indeed.com/viewjob?jk=bc9ac8f78c342194&qd=usoBPHMd3vYN69bRu-PQwcxBheEzuNOj46oJk2PU6yPPaaBuvSwk2ub69Dxr0mQTERp4f6wFZAqzeyPK_mKiS6m1Aj3izkOw87NHJgxznYA&indpubnum=3338919744720141&atk=1bb5148j618ja1jq","onmousedown":"indeed_clk(this,'501');","jobkey":"bc9ac8f78c342194","sponsored":false,"expired":false,"indeedApply":false,"formattedLocationFull":"Plano, TX 75024","formattedRelativeTime":"3 hours ago","stations":""},{"jobtitle":"Jr Java developer + QE role","company":"Business Intelli Solutions","city":"Frisco","state":"TX","country":"US","formattedLocation":"Frisco, TX","source":"Indeed","date":"Mon, 13 Mar 2017 19:26:16 GMT","snippet":"Hi Hope you are doing great, This is Simon, currently we are looking for a *Java + QE Role* @ *Overland Park, KS* *Fell free to call me my number 972-666...","url":"http://www.indeed.com/viewjob?jk=d97dde30004095aa&qd=usoBPHMd3vYN69bRu-PQwcxBheEzuNOj46oJk2PU6yPPaaBuvSwk2ub69Dxr0mQTERp4f6wFZAqzeyPK_mKiS6m1Aj3izkOw87NHJgxznYA&indpubnum=3338919744720141&atk=1bb5148j618ja1jq","onmousedown":"indeed_clk(this,'501');","jobkey":"d97dde30004095aa","sponsored":false,"expired":false,"indeedApply":true,"formattedLocationFull":"Frisco, TX","formattedRelativeTime":"4 hours ago","stations":""},{"jobtitle":"Java Developer","company":"Horizontal Integration","city":"Seattle","state":"WA","country":"US","formattedLocation":"Seattle, WA","source":"Indeed","date":"Mon, 13 Mar 2017 21:51:20 GMT","snippet":"*Position: Java Developer* *Location: Seattle, WA* *Full Time (Direct Hire position)* *Skills and Certifications* * Design and architecture knowledge, as","url":"http://www.indeed.com/viewjob?jk=07750241a299ec01&qd=usoBPHMd3vYN69bRu-PQwcxBheEzuNOj46oJk2PU6yPPaaBuvSwk2ub69Dxr0mQTERp4f6wFZAqzeyPK_mKiS6m1Aj3izkOw87NHJgxznYA&indpubnum=3338919744720141&atk=1bb5148j618ja1jq","onmousedown":"indeed_clk(this,'501');","jobkey":"07750241a299ec01","sponsored":false,"expired":false,"indeedApply":true,"formattedLocationFull":"Seattle, WA","formattedRelativeTime":"1 hour ago","stations":""},{"jobtitle":"Java Developer","company":"Datatrine","city":"Durham","state":"NC","country":"US","formattedLocation":"Durham, NC","source":"Indeed","date":"Mon, 13 Mar 2017 20:51:56 GMT","snippet":"<b>Java</b> programming using JEE/Spring framework, eclipse/Rational Application Developer. Only candidates who can work directly with us may apply....","url":"http://www.indeed.com/viewjob?jk=06ce2ed6a986bc2d&qd=usoBPHMd3vYN69bRu-PQwcxBheEzuNOj46oJk2PU6yPPaaBuvSwk2ub69Dxr0mQTERp4f6wFZAqzeyPK_mKiS6m1Aj3izkOw87NHJgxznYA&indpubnum=3338919744720141&atk=1bb5148j618ja1jq","onmousedown":"indeed_clk(this,'501');","jobkey":"06ce2ed6a986bc2d","sponsored":false,"expired":false,"indeedApply":true,"formattedLocationFull":"Durham, NC 27702","formattedRelativeTime":"2 hours ago","stations":""},{"jobtitle":"Java Developer","company":"Salient CRGT","city":"Rockville","state":"MD","country":"US","formattedLocation":"Rockville, MD","source":"Indeed","date":"Mon, 13 Mar 2017 20:44:02 GMT","snippet":"We are currently seeking a Senior <b>Java</b> Developer with Spring, Hibernate, JSP, and JSF experience. At least 5+ years experience....","url":"http://www.indeed.com/viewjob?jk=6982db50b1b72985&qd=usoBPHMd3vYN69bRu-PQwcxBheEzuNOj46oJk2PU6yPPaaBuvSwk2ub69Dxr0mQTERp4f6wFZAqzeyPK_mKiS6m1Aj3izkOw87NHJgxznYA&indpubnum=3338919744720141&atk=1bb5148j618ja1jq","onmousedown":"indeed_clk(this,'501');","jobkey":"6982db50b1b72985","sponsored":false,"expired":false,"indeedApply":true,"formattedLocationFull":"Rockville, MD","formattedRelativeTime":"3 hours ago","stations":""},{"jobtitle":"Java Developer","company":"ClientSolv Technologies","city":"Broomfield","state":"CO","country":"US","formattedLocation":"Broomfield, CO","source":"Indeed","date":"Mon, 13 Mar 2017 19:26:22 GMT","snippet":"<b>Java</b> Developer(Mid-Senior level.). We are looking for hands on <b>Java</b> *developers*. Experience developing applications using technologies such as <b>Java</b>, SQL,...","url":"http://www.indeed.com/viewjob?jk=5fd4527fec3dbcde&qd=usoBPHMd3vYN69bRu-PQwcxBheEzuNOj46oJk2PU6yPPaaBuvSwk2ub69Dxr0mQTERp4f6wFZAqzeyPK_mKiS6m1Aj3izkOw87NHJgxznYA&indpubnum=3338919744720141&atk=1bb5148j618ja1jq","onmousedown":"indeed_clk(this,'501');","jobkey":"5fd4527fec3dbcde","sponsored":false,"expired":false,"indeedApply":true,"formattedLocationFull":"Broomfield, CO","formattedRelativeTime":"4 hours ago","stations":""},{"jobtitle":"Java Developer","company":"Logistics Integration Solutions (LIS)","city":"Pontiac","state":"MI","country":"US","formattedLocation":"Pontiac, MI","source":"Indeed","date":"Mon, 13 Mar 2017 18:29:20 GMT","snippet":"<b>Java</b>, shell script, pl/sql, pearl, html, middleware, user provisioning:. 5+ years exp., <b>java</b>, shell script, pl/sql, pearl, html, middleware, user provisioning....","url":"http://www.indeed.com/viewjob?jk=d9bdbb2def52f1ba&qd=usoBPHMd3vYN69bRu-PQwcxBheEzuNOj46oJk2PU6yPPaaBuvSwk2ub69Dxr0mQTERp4f6wFZAqzeyPK_mKiS6m1Aj3izkOw87NHJgxznYA&indpubnum=3338919744720141&atk=1bb5148j618ja1jq","onmousedown":"indeed_clk(this,'501');","jobkey":"d9bdbb2def52f1ba","sponsored":false,"expired":false,"indeedApply":true,"formattedLocationFull":"Pontiac, MI","formattedRelativeTime":"5 hours ago","stations":""},{"jobtitle":"Java Developer","company":"IT America","city":"Des Moines","state":"IA","country":"US","formattedLocation":"Des Moines, IA","source":"Indeed","date":"Mon, 13 Mar 2017 17:49:44 GMT","snippet":"Senior <b>Java</b> Developer*. Looking for <b>Java</b> candidates with 5 - 8 years of experience working as an application developer with <b>java</b> technologies....","url":"http://www.indeed.com/viewjob?jk=e9fc6c5696536d2f&qd=usoBPHMd3vYN69bRu-PQwcxBheEzuNOj46oJk2PU6yPPaaBuvSwk2ub69Dxr0mQTERp4f6wFZAqzeyPK_mKiS6m1Aj3izkOw87NHJgxznYA&indpubnum=3338919744720141&atk=1bb5148j618ja1jq","onmousedown":"indeed_clk(this,'501');","jobkey":"e9fc6c5696536d2f","sponsored":false,"expired":false,"indeedApply":true,"formattedLocationFull":"Des Moines, IA","formattedRelativeTime":"5 hours ago","stations":""},{"jobtitle":"Developer - Team Lead","company":"32 Solutions Ltd","city":"Golden","state":"CO","country":"US","formattedLocation":"Golden, CO","source":"Indeed","date":"Mon, 13 Mar 2017 15:23:07 GMT","snippet":"Strong <b>Java</b>, Go, Python, NodeJS or Javascript skills in a CI/CD environment. We are currently looking for a *Developer Team Lead*....","url":"http://www.indeed.com/viewjob?jk=66c99cc4c6fd7d1f&qd=usoBPHMd3vYN69bRu-PQwcxBheEzuNOj46oJk2PU6yPPaaBuvSwk2ub69Dxr0mQTERp4f6wFZAqzeyPK_mKiS6m1Aj3izkOw87NHJgxznYA&indpubnum=3338919744720141&atk=1bb5148j618ja1jq","onmousedown":"indeed_clk(this,'501');","jobkey":"66c99cc4c6fd7d1f","sponsored":false,"expired":false,"indeedApply":true,"formattedLocationFull":"Golden, CO","formattedRelativeTime":"8 hours ago","stations":""},{"jobtitle":"Java Developer","company":"Prism Inc.","city":"Rensselaer","state":"NY","country":"US","formattedLocation":"Rensselaer, NY","source":"Indeed","date":"Mon, 13 Mar 2017 16:27:15 GMT","snippet":"<b>Java</b>, spring, healthcare , EDI:. 11.At least 7 years of extensive working experience in J2EE Technologies such as JMS, <b>Java</b> Server Pages, <b>Java</b> Servlets, HTML,...","url":"http://www.indeed.com/viewjob?jk=b829a0c62cee4e75&qd=usoBPHMd3vYN69bRu-PQwcxBheEzuNOj46oJk2PU6yPPaaBuvSwk2ub69Dxr0mQTERp4f6wFZAqzeyPK_mKiS6m1Aj3izkOw87NHJgxznYA&indpubnum=3338919744720141&atk=1bb5148j618ja1jq","onmousedown":"indeed_clk(this,'501');","jobkey":"b829a0c62cee4e75","sponsored":false,"expired":false,"indeedApply":true,"formattedLocationFull":"Rensselaer, NY","formattedRelativeTime":"7 hours ago","stations":""},{"jobtitle":"Java Developer","company":"32 Solutions Ltd","city":"Golden","state":"CO","country":"US","formattedLocation":"Golden, CO","source":"Indeed","date":"Mon, 13 Mar 2017 15:22:58 GMT","snippet":"Strong <b>Java</b> skills in a CI/CD environment. We are currently looking for strong Developers to join our client in their brand new office in Littleton, CO....","url":"http://www.indeed.com/viewjob?jk=96e008c49e766336&qd=usoBPHMd3vYN69bRu-PQwcxBheEzuNOj46oJk2PU6yPPaaBuvSwk2ub69Dxr0mQTERp4f6wFZAqzeyPK_mKiS6m1Aj3izkOw87NHJgxznYA&indpubnum=3338919744720141&atk=1bb5148j618ja1jq","onmousedown":"indeed_clk(this,'501');","jobkey":"96e008c49e766336","sponsored":false,"expired":false,"indeedApply":true,"formattedLocationFull":"Golden, CO","formattedRelativeTime":"8 hours ago","stations":""},{"jobtitle":"Java Developer","company":"TekMasters","city":"Herndon","state":"VA","country":"US","formattedLocation":"Herndon, VA","source":"Indeed","date":"Mon, 13 Mar 2017 05:21:21 GMT","snippet":"Software development will use Angular, <b>Java</b>, Javascript and other front end scripting for dashboards. 5+ years Software Development 3+ years <b>Java</b> (j2ee)...","url":"http://www.indeed.com/viewjob?jk=7f8235d1b0c33aa6&qd=usoBPHMd3vYN69bRu-PQwcxBheEzuNOj46oJk2PU6yPPaaBuvSwk2ub69Dxr0mQTERp4f6wFZAqzeyPK_mKiS6m1Aj3izkOw87NHJgxznYA&indpubnum=3338919744720141&atk=1bb5148j618ja1jq","onmousedown":"indeed_clk(this,'501');","jobkey":"7f8235d1b0c33aa6","sponsored":false,"expired":false,"indeedApply":true,"formattedLocationFull":"Herndon, VA","formattedRelativeTime":"18 hours ago","stations":""},{"jobtitle":"Java Developer","company":"CAYS Inc -Consultants At Your Service","city":"Providence","state":"RI","country":"US","formattedLocation":"Providence, RI","source":"Indeed","date":"Mon, 13 Mar 2017 01:09:25 GMT","snippet":"3 to 8 years of experience with <b>Java</b>, J2EE Programming, EJB, Servlet ,logging mechanisms and JSP/JQuery,SQL, Oracle and JDBC query, websphere/weblogic,<b>Java</b>...","url":"http://www.indeed.com/viewjob?jk=cd50189398f0bc72&qd=usoBPHMd3vYN69bRu-PQwcxBheEzuNOj46oJk2PU6yPPaaBuvSwk2ub69Dxr0mQTERp4f6wFZAqzeyPK_mKiS6m1Aj3izkOw87NHJgxznYA&indpubnum=3338919744720141&atk=1bb5148j618ja1jq","onmousedown":"indeed_clk(this,'501');","jobkey":"cd50189398f0bc72","sponsored":false,"expired":false,"indeedApply":true,"formattedLocationFull":"Providence, RI","formattedRelativeTime":"22 hours ago","stations":""},{"jobtitle":"Java Developer","company":"Solution Street","city":"Washington","state":"DC","country":"US","formattedLocation":"Washington, DC","source":"Solution Street","date":"Sun, 12 Mar 2017 08:13:11 GMT","snippet":"Strong in Core <b>Java</b>. Develop application code for <b>Java</b> programs. Design, implement and maintain <b>Java</b> application phases....","url":"http://www.indeed.com/viewjob?jk=0d294a240455bb43&qd=usoBPHMd3vYN69bRu-PQwcxBheEzuNOj46oJk2PU6yPPaaBuvSwk2ub69Dxr0mQTERp4f6wFZAqzeyPK_mKiS6m1Aj3izkOw87NHJgxznYA&indpubnum=3338919744720141&atk=1bb5148j618ja1jq","onmousedown":"indeed_clk(this,'501');","jobkey":"0d294a240455bb43","sponsored":false,"expired":false,"indeedApply":true,"formattedLocationFull":"Washington, DC","formattedRelativeTime":"1 day ago","stations":""},{"jobtitle":"Java Developer","company":"ProMedia Careers","city":"San Diego","state":"CA","country":"US","formattedLocation":"San Diego, CA","source":"ProMedia Telecom, Inc.","date":"Sun, 12 Mar 2017 08:50:46 GMT","snippet":"++Looking for a developer with 5+ years of back-end <b>Java</b> development experience. ++Solid knowledge of <b>Java</b> technologies including experience with Apache...","url":"http://www.indeed.com/viewjob?jk=b084791fae14f10a&qd=usoBPHMd3vYN69bRu-PQwcxBheEzuNOj46oJk2PU6yPPaaBuvSwk2ub69Dxr0mQTERp4f6wFZAqzeyPK_mKiS6m1Aj3izkOw87NHJgxznYA&indpubnum=3338919744720141&atk=1bb5148j618ja1jq","onmousedown":"indeed_clk(this,'501');","jobkey":"b084791fae14f10a","sponsored":false,"expired":false,"indeedApply":true,"formattedLocationFull":"San Diego, CA","formattedRelativeTime":"1 day ago","stations":""},{"jobtitle":"Need Java Developer","company":"Software Specialists","city":"Pittsburgh","state":"PA","country":"US","formattedLocation":"Pittsburgh, PA","source":"JobServe USA","date":"Mon, 13 Mar 2017 23:26:04 GMT","snippet":"Description: Extensive Java experience Java EE/JAX-RS experience Experience with WebSphere Extensive Experience building RESTful API's Experience with Build...","url":"http://www.indeed.com/viewjob?jk=331e669c03d3a95a&qd=usoBPHMd3vYN69bRu-PQwcxBheEzuNOj46oJk2PU6yPPaaBuvSwk2ub69Dxr0mQTERp4f6wFZAqzeyPK_mKiS6m1Aj3izkOw87NHJgxznYA&indpubnum=3338919744720141&atk=1bb5148j618ja1jq","onmousedown":"indeed_clk(this,'501');","jobkey":"331e669c03d3a95a","sponsored":false,"expired":false,"indeedApply":false,"formattedLocationFull":"Pittsburgh, PA","formattedRelativeTime":"21 minutes ago","stations":""},{"jobtitle":"Senior Java Developer","company":"Zenfair Solutions Inc","city":"Dallas","state":"TX","country":"US","formattedLocation":"Dallas, TX","source":"Indeed","date":"Sun, 12 Mar 2017 16:43:56 GMT","snippet":"Senior <b>Java</b> developer. 8+ years of <b>Java</b> programming language experience to solve large programming tasks. \\*\\*\\*No Phone calls Please \\*\\*\\*....","url":"http://www.indeed.com/viewjob?jk=a64c91d66e893141&qd=usoBPHMd3vYN69bRu-PQwcxBheEzuNOj46oJk2PU6yPPaaBuvSwk2ub69Dxr0mQTERp4f6wFZAqzeyPK_mKiS6m1Aj3izkOw87NHJgxznYA&indpubnum=3338919744720141&atk=1bb5148j618ja1jq","onmousedown":"indeed_clk(this,'501');","jobkey":"a64c91d66e893141","sponsored":false,"expired":false,"indeedApply":true,"formattedLocationFull":"Dallas, TX","formattedRelativeTime":"1 day ago","stations":""},{"jobtitle":"Front-End Web Applications Developer","company":"Arena","city":"Foster City","state":"CA","country":"US","formattedLocation":"Foster City, CA","source":"Arena","date":"Sun, 12 Mar 2017 08:12:40 GMT","snippet":"Good understanding of <b>Java</b> and/or Groovy and related development tools (including the Spring framework and Grails) preferred....","url":"http://www.indeed.com/viewjob?jk=aa647c1e8b65db79&qd=usoBPHMd3vYN69bRu-PQwcxBheEzuNOj46oJk2PU6yPPaaBuvSwk2ub69Dxr0mQTERp4f6wFZAqzeyPK_mKiS6m1Aj3izkOw87NHJgxznYA&indpubnum=3338919744720141&atk=1bb5148j618ja1jq","onmousedown":"indeed_clk(this,'501');","jobkey":"aa647c1e8b65db79","sponsored":false,"expired":false,"indeedApply":true,"formattedLocationFull":"Foster City, CA","formattedRelativeTime":"1 day ago","stations":""},{"jobtitle":"Java Developer","company":"ACI Federal","city":"Baltimore","state":"MD","country":"US","formattedLocation":"Baltimore, MD","source":"Indeed","date":"Mon, 13 Mar 2017 19:12:27 GMT","snippet":"JEE Security, <b>Java</b> Batch, and EJBRoles*. *6 years of experience with <b>Java</b> or J2EE*. Description of Work:....","url":"http://www.indeed.com/viewjob?jk=b75df7be0e4d88bd&qd=usoBPHMd3vYN69bRu-PQwcxBheEzuNOj46oJk2PU6yPPaaBuvSwk2ub69Dxr0mQTERp4f6wFZAqzeyPK_mKiS6m1Aj3izkOw87NHJgxznYA&indpubnum=3338919744720141&atk=1bb5148j618ja1jq","onmousedown":"indeed_clk(this,'501');","jobkey":"b75df7be0e4d88bd","sponsored":false,"expired":false,"indeedApply":true,"formattedLocationFull":"Baltimore, MD","formattedRelativeTime":"4 hours ago","stations":""},{"jobtitle":"Jr. Software Developer","company":"ALAE Consultants","city":"Warner Robins","state":"GA","country":"US","formattedLocation":"Warner Robins, GA","source":"Indeed","date":"Mon, 13 Mar 2017 19:03:05 GMT","snippet":"ColdFusion or <b>Java</b> JEE6:. Experience with ColdFusion or <b>Java</b> JEE6 is a plus. The position will primarily involve software maintenance on a number of current...","url":"http://www.indeed.com/viewjob?jk=9d090f60d635f513&qd=usoBPHMd3vYN69bRu-PQwcxBheEzuNOj46oJk2PU6yPPaaBuvSwk2ub69Dxr0mQTERp4f6wFZAqzeyPK_mKiS6m1Aj3izkOw87NHJgxznYA&indpubnum=3338919744720141&atk=1bb5148j618ja1jq","onmousedown":"indeed_clk(this,'501');","jobkey":"9d090f60d635f513","sponsored":false,"expired":false,"indeedApply":true,"formattedLocationFull":"Warner Robins, GA 31088","formattedRelativeTime":"4 hours ago","stations":""},{"jobtitle":"Entry Level Software Developer","company":"Telarix","city":"Vienna","state":"VA","country":"US","formattedLocation":"Vienna, VA","source":"Telarix","date":"Mon, 13 Mar 2017 06:09:02 GMT","snippet":"Knowledge of .NET, C#, <b>Java</b> or an OOP language. Telarix is a leading provider of interconnect and settlement software solutions to telecom communication service...","url":"http://www.indeed.com/viewjob?jk=a9d180c6457d819b&qd=usoBPHMd3vYN69bRu-PQwcxBheEzuNOj46oJk2PU6yPPaaBuvSwk2ub69Dxr0mQTERp4f6wFZAqzeyPK_mKiS6m1Aj3izkOw87NHJgxznYA&indpubnum=3338919744720141&atk=1bb5148j618ja1jq","onmousedown":"indeed_clk(this,'501');","jobkey":"a9d180c6457d819b","sponsored":false,"expired":false,"indeedApply":false,"formattedLocationFull":"Vienna, VA 22182","formattedRelativeTime":"17 hours ago","stations":""},{"jobtitle":"Java Developer","company":"Verizon","city":"Piscataway","state":"NJ","country":"US","formattedLocation":"Piscataway, NJ","source":"Verizon","date":"Mon, 13 Mar 2017 22:05:33 GMT","snippet":"Master’s Degree in computer science Five or more years of IT experience in analysis, design, development, documentation, implementing and testing of software...","url":"http://www.indeed.com/viewjob?jk=fe561a3a0ebb0343&qd=usoBPHMd3vYN69bRu-PQwcxBheEzuNOj46oJk2PU6yPPaaBuvSwk2ub69Dxr0mQTERp4f6wFZAqzeyPK_mKiS6m1Aj3izkOw87NHJgxznYA&indpubnum=3338919744720141&atk=1bb5148j618ja1jq","onmousedown":"indeed_clk(this,'501');","jobkey":"fe561a3a0ebb0343","sponsored":false,"expired":false,"indeedApply":false,"formattedLocationFull":"Piscataway, NJ 08854","formattedRelativeTime":"1 hour ago","stations":""},{"jobtitle":"Java Developer","company":"Accenture","city":"Hartford","state":"CT","country":"US","formattedLocation":"Hartford, CT","source":"Accenture","date":"Mon, 13 Mar 2017 20:39:31 GMT","snippet":"Our client is seeking a Java Developer in Hartford, CT Day to day activities includes design, build and configure applications to meet business process and...","url":"http://www.indeed.com/viewjob?jk=e304b3c3c8be5387&qd=usoBPHMd3vYN69bRu-PQwcxBheEzuNOj46oJk2PU6yPPaaBuvSwk2ub69Dxr0mQTERp4f6wFZAqzeyPK_mKiS6m1Aj3izkOw87NHJgxznYA&indpubnum=3338919744720141&atk=1bb5148j618ja1jq","onmousedown":"indeed_clk(this,'501');","jobkey":"e304b3c3c8be5387","sponsored":false,"expired":false,"indeedApply":false,"formattedLocationFull":"Hartford, CT 06103","formattedRelativeTime":"3 hours ago","stations":""},{"jobtitle":"Java Developer","company":"Solutions By Design II, LLC","city":"Fairfax","state":"VA","country":"US","formattedLocation":"Fairfax, VA","source":"Solutions By Design II, LLC","date":"Mon, 13 Mar 2017 20:21:44 GMT","snippet":"Solutions By Design II, LLC (SBD) is seeking a Mid-Level <b>Java</b> Developer to join an exciting project to provide maintenance and support for our federal client at...","url":"http://www.indeed.com/viewjob?jk=88dcd5cbd7682e29&qd=usoBPHMd3vYN69bRu-PQwcxBheEzuNOj46oJk2PU6yPPaaBuvSwk2ub69Dxr0mQTERp4f6wFZAqzeyPK_mKiS6m1Aj3izkOw87NHJgxznYA&indpubnum=3338919744720141&atk=1bb5148j618ja1jq","onmousedown":"indeed_clk(this,'501');","jobkey":"88dcd5cbd7682e29","sponsored":false,"expired":false,"indeedApply":false,"formattedLocationFull":"Fairfax, VA","formattedRelativeTime":"3 hours ago","stations":""},{"jobtitle":"JAVA DEVELOPER","company":"CIITS","city":"San Jose","state":"CA","country":"US","formattedLocation":"San Jose, CA","source":"CIITS","date":"Mon, 13 Mar 2017 19:04:41 GMT","snippet":"Backend <b>Java</b> Developer II. *Must be specializing and well-versed in NodeJS, MongoDB, JavaScript and <b>Java</b>. 3+ months with possible extension....","url":"http://www.indeed.com/viewjob?jk=2585b7bb6a71702e&qd=usoBPHMd3vYN69bRu-PQwcxBheEzuNOj46oJk2PU6yPPaaBuvSwk2ub69Dxr0mQTERp4f6wFZAqzeyPK_mKiS6m1Aj3izkOw87NHJgxznYA&indpubnum=3338919744720141&atk=1bb5148j618ja1jq","onmousedown":"indeed_clk(this,'501');","jobkey":"2585b7bb6a71702e","sponsored":false,"expired":false,"indeedApply":false,"formattedLocationFull":"San Jose, CA","formattedRelativeTime":"4 hours ago","stations":""}]}