{"version":2,"query":"java","location":"","paginationPayload":"","dupefilter":true,"highlight":true,"totalResults":1192,"start":826,"end":850,"pageNumber":33,"results":[{"jobtitle":"AEM Developer (LiveCycle)","company":"EZEN Computer Services Inc.","city":"New Albany","state":"OH","country":"US","formattedLocation":"New Albany, OH","source":"Indeed","date":"Mon, 13 Mar 2017 13:14:48 GMT","snippet":"Adobe-LiveCycle-Forms, <b>Java</b> 7 platform, Adobe LiveCycle, Adobe Experience Manager. AEM Developer (LiveCycle)*....","url":"http://www.indeed.com/viewjob?jk=d92079dfc85ef141&qd=usoBPHMd3vYN69bRu-PQwcxBheEzuNOj46oJk2PU6yPPaaBuvSwk2ub69Dxr0mQT30-4cI82QyB8ovHPH96abam1Aj3izkOw87NHJgxznYA&indpubnum=3338919744720141&atk=1bb5147tra3ci8lf","onmousedown":"indeed_clk(this,'9817');","jobkey":"d92079dfc85ef141","sponsored":false,"expired":false,"indeedApply":true,"formattedLocationFull":"New Albany, OH","formattedRelativeTime":"10 hours ago","stations":""},{"jobtitle":"Internship - Master Pricer","company":"Amadeus","city":"Boston","state":"MA","country":"US","formattedLocation":"Boston, MA","source":"Amadeus","date":"Mon, 13 Mar 2017 18:36:25 GMT","snippet":"Angular JS, HTML5, CSS, <b>Java</b> Script, <b>Java</b>. Shaping the future of travel is important to us at Amadeus....","url":"http://www.indeed.com/viewjob?jk=0b09b825763b005f&qd=usoBPHMd3vYN69bRu-PQwcxBheEzuNOj46oJk2PU6yPPaaBuvSwk2ub69Dxr0mQT30-4cI82QyB8ovHPH96abam1Aj3izkOw87NHJgxznYA&indpubnum=3338919744720141&atk=1bb5147tra3ci8lf","onmousedown":"indeed_clk(this,'9817');","jobkey":"0b09b825763b005f","sponsored":false,"expired":false,"indeedApply":false,"formattedLocationFull":"Boston, MA","formattedRelativeTime":"5 hours ago","stations":""},{"jobtitle":"Senior DataPower Developer; Full Time","company":"Diversity Direct","city":"Scottsdale","state":"AZ","country":"US","formattedLocation":"Scottsdale, AZ","source":"Indeed","date":"Mon, 13 Mar 2017 12:54:39 GMT","snippet":"Core <b>Java</b>, RESTFul Web Services, Spring Core 2.5+ Spring MVC, Spring Data. Experience with SOA, WSDLs, XSDs - Analyze, design, develop and document technical...","url":"http://www.indeed.com/viewjob?jk=e8299565ec73aaaa&qd=usoBPHMd3vYN69bRu-PQwcxBheEzuNOj46oJk2PU6yPPaaBuvSwk2ub69Dxr0mQT30-4cI82QyB8ovHPH96abam1Aj3izkOw87NHJgxznYA&indpubnum=3338919744720141&atk=1bb5147tra3ci8lf","onmousedown":"indeed_clk(this,'9817');","jobkey":"e8299565ec73aaaa","sponsored":false,"expired":false,"indeedApply":true,"formattedLocationFull":"Scottsdale, AZ","formattedRelativeTime":"10 hours ago","stations":""},{"jobtitle":"Curam Developer","company":"eSystems Inc.","city":"","state":"NJ","country":"US","formattedLocation":"New Jersey","source":"eSystems Inc.","date":"Mon, 13 Mar 2017 02:26:50 GMT","snippet":"<b>Java</b>, J2SE, J2EE, XML, XSL, Eclipse, HTML, Cascading Style Sheets, and Web Services standards (SOAP and WSDL)....","url":"http://www.indeed.com/viewjob?jk=c244248616a69e7d&qd=usoBPHMd3vYN69bRu-PQwcxBheEzuNOj46oJk2PU6yPPaaBuvSwk2ub69Dxr0mQT30-4cI82QyB8ovHPH96abam1Aj3izkOw87NHJgxznYA&indpubnum=3338919744720141&atk=1bb5147tra3ci8lf","onmousedown":"indeed_clk(this,'9817');","jobkey":"c244248616a69e7d","sponsored":false,"expired":false,"indeedApply":true,"formattedLocationFull":"New Jersey","formattedRelativeTime":"21 hours ago","stations":""},{"jobtitle":"Barista","company":"Port City Java","city":"Wilmington","state":"NC","country":"US","formattedLocation":"Wilmington, NC","source":"Indeed","date":"Mon, 13 Mar 2017 13:04:07 GMT","snippet":"Port City <b>Java</b> is hiring Baristas in our Wilmington and Brunswick County locations. We are seeking dynamic motivated individuals to join our team....","url":"http://www.indeed.com/viewjob?jk=ee13ee6aaaed4947&qd=usoBPHMd3vYN69bRu-PQwcxBheEzuNOj46oJk2PU6yPPaaBuvSwk2ub69Dxr0mQT30-4cI82QyB8ovHPH96abam1Aj3izkOw87NHJgxznYA&indpubnum=3338919744720141&atk=1bb5147tra3ci8lf","onmousedown":"indeed_clk(this,'9817');","jobkey":"ee13ee6aaaed4947","sponsored":false,"expired":false,"indeedApply":true,"formattedLocationFull":"Wilmington, NC","formattedRelativeTime":"10 hours ago","stations":""},{"jobtitle":"Senior Applications Developer","company":"RM Dayton Analytics, Ltd. Co.","city":"Warrensville Heights","state":"OH","country":"US","formattedLocation":"Warrensville Heights, OH","source":"Indeed","date":"Sun, 12 Mar 2017 23:38:18 GMT","snippet":"Object-oriented analysis and design (OOAD) in one or more of the following languages - C#, <b>Java</b>, Ruby.:....","url":"http://www.indeed.com/viewjob?jk=97466b57263e80d5&qd=usoBPHMd3vYN69bRu-PQwcxBheEzuNOj46oJk2PU6yPPaaBuvSwk2ub69Dxr0mQT30-4cI82QyB8ovHPH96abam1Aj3izkOw87NHJgxznYA&indpubnum=3338919744720141&atk=1bb5147tra3ci8lf","onmousedown":"indeed_clk(this,'9817');","jobkey":"97466b57263e80d5","sponsored":false,"expired":false,"indeedApply":true,"formattedLocationFull":"Warrensville Heights, OH","formattedRelativeTime":"1 day ago","stations":""},{"jobtitle":"Director, IT Implementation Services","company":"Cross Match Technologies, Inc.","city":"Remote","state":"","country":"US","formattedLocation":"Remote","source":"Cross Match Technologies, Inc.","date":"Mon, 13 Mar 2017 15:54:00 GMT","snippet":"Experience with programming languages like <b>Java</b>, Asp.Net and JavaScript. She/he will strive to earn trusted status - architecting / deploying enterprise and...","url":"http://www.indeed.com/viewjob?jk=74bde67f8020c30a&qd=usoBPHMd3vYN69bRu-PQwcxBheEzuNOj46oJk2PU6yPPaaBuvSwk2ub69Dxr0mQT30-4cI82QyB8ovHPH96abam1Aj3izkOw87NHJgxznYA&indpubnum=3338919744720141&atk=1bb5147tra3ci8lf","onmousedown":"indeed_clk(this,'9817');","jobkey":"74bde67f8020c30a","sponsored":false,"expired":false,"indeedApply":false,"formattedLocationFull":"Remote","formattedRelativeTime":"7 hours ago","stations":""},{"jobtitle":"Investment Guidelines Vice President","company":"BlackRock","city":"Wilmington","state":"DE","country":"US","formattedLocation":"Wilmington, DE","source":"BlackRock","date":"Mon, 13 Mar 2017 06:45:37 GMT","snippet":"Although not required, knowledge of programming languages (such as Visual Basic, C++, or <b>Java</b>) and an understanding of relational database concepts (including...","url":"http://www.indeed.com/viewjob?jk=d2c5cd11697004f0&qd=usoBPHMd3vYN69bRu-PQwcxBheEzuNOj46oJk2PU6yPPaaBuvSwk2ub69Dxr0mQT30-4cI82QyB8ovHPH96abam1Aj3izkOw87NHJgxznYA&indpubnum=3338919744720141&atk=1bb5147tra3ci8lf","onmousedown":"indeed_clk(this,'9817');","jobkey":"d2c5cd11697004f0","sponsored":false,"expired":false,"indeedApply":false,"formattedLocationFull":"Wilmington, DE 19801","formattedRelativeTime":"17 hours ago","stations":""},{"jobtitle":"SENIOR COMPUTER SPECIALIST","company":"University of Washington Medical Center","city":"Seattle","state":"WA","country":"US","formattedLocation":"Seattle, WA","source":"University of Washington Medical Center","date":"Mon, 13 Mar 2017 22:38:08 GMT","snippet":"Experience with a programming language such as C#, Swift, Python, <b>Java</b>, JavaScript. Support mission critical applications, such as TMA (a computerized...","url":"http://www.indeed.com/viewjob?jk=cc39ac0b345ba54d&qd=usoBPHMd3vYN69bRu-PQwcxBheEzuNOj46oJk2PU6yPPaaBuvSwk2ub69Dxr0mQT30-4cI82QyB8ovHPH96abam1Aj3izkOw87NHJgxznYA&indpubnum=3338919744720141&atk=1bb5147tra3ci8lf","onmousedown":"indeed_clk(this,'9817');","jobkey":"cc39ac0b345ba54d","sponsored":false,"expired":false,"indeedApply":false,"formattedLocationFull":"Seattle, WA","formattedRelativeTime":"1 hour ago","stations":""},{"jobtitle":"SeniorJava/Net Developer, Client and Integration Technology","company":"Bank of America","city":"Addison","state":"TX","country":"US","formattedLocation":"Addison, TX","source":"Bank of America","date":"Mon, 13 Mar 2017 20:30:47 GMT","snippet":"Provide deep technical expertise in the design, development, integration, enhancement, debugging, support, maintenance and testing for software applications &amp;...","url":"http://www.indeed.com/viewjob?jk=843bd06fe7ed33ac&qd=usoBPHMd3vYN69bRu-PQwcxBheEzuNOj46oJk2PU6yPPaaBuvSwk2ub69Dxr0mQT30-4cI82QyB8ovHPH96abam1Aj3izkOw87NHJgxznYA&indpubnum=3338919744720141&atk=1bb5147tra3ci8lf","onmousedown":"indeed_clk(this,'9817');","jobkey":"843bd06fe7ed33ac","sponsored":false,"expired":false,"indeedApply":false,"formattedLocationFull":"Addison, TX 75001","formattedRelativeTime":"3 hours ago","stations":""},{"jobtitle":"Senior Xamarin Developer","company":"Cie Digital Labs","city":"Irvine","state":"CA","country":"US","formattedLocation":"Irvine, CA","source":"Cie Digital Labs","date":"Sun, 12 Mar 2017 07:19:31 GMT","snippet":"We’re looking for a Senior Xamarin Developer to help create cutting edge consumer and enterprise mobile applications for nationally recognized large scale...","url":"http://www.indeed.com/viewjob?jk=bf923466ace2e743&qd=usoBPHMd3vYN69bRu-PQwcxBheEzuNOj46oJk2PU6yPPaaBuvSwk2ub69Dxr0mQT30-4cI82QyB8ovHPH96abam1Aj3izkOw87NHJgxznYA&indpubnum=3338919744720141&atk=1bb5147tra3ci8lf","onmousedown":"indeed_clk(this,'9817');","jobkey":"bf923466ace2e743","sponsored":false,"expired":false,"indeedApply":true,"formattedLocationFull":"Irvine, CA 92612","formattedRelativeTime":"1 day ago","stations":""},{"jobtitle":"Research Specialist, Sr","company":"Rensselaer Polytechnic Institute","city":"Troy","state":"NY","country":"US","formattedLocation":"Troy, NY","source":"Rensselaer Polytechnic Institute","date":"Mon, 13 Mar 2017 18:20:08 GMT","snippet":"Programming skills including <b>Java</b> Scripts (e.g. Research Specialist is responsible for assisting in the design, development, and conduct of research projects,...","url":"http://www.indeed.com/viewjob?jk=59b529fa1c6a2c55&qd=usoBPHMd3vYN69bRu-PQwcxBheEzuNOj46oJk2PU6yPPaaBuvSwk2ub69Dxr0mQT30-4cI82QyB8ovHPH96abam1Aj3izkOw87NHJgxznYA&indpubnum=3338919744720141&atk=1bb5147tra3ci8lf","onmousedown":"indeed_clk(this,'9817');","jobkey":"59b529fa1c6a2c55","sponsored":false,"expired":false,"indeedApply":false,"formattedLocationFull":"Troy, NY 12180","formattedRelativeTime":"5 hours ago","stations":""},{"jobtitle":"Information Security Architect","company":"Appian Corporation","city":"Reston","state":"VA","country":"US","formattedLocation":"Reston, VA","source":"Appian Corporation","date":"Sun, 12 Mar 2017 06:54:15 GMT","snippet":"Experience with <b>Java</b> application server platforms. Experience with languages such as <b>Java</b>, Python, Ruby, Perl, C, etc. Role &amp; Responsibility....","url":"http://www.indeed.com/viewjob?jk=befeadb6da289690&qd=usoBPHMd3vYN69bRu-PQwcxBheEzuNOj46oJk2PU6yPPaaBuvSwk2ub69Dxr0mQT30-4cI82QyB8ovHPH96abam1Aj3izkOw87NHJgxznYA&indpubnum=3338919744720141&atk=1bb5147tra3ci8lf","onmousedown":"indeed_clk(this,'9817');","jobkey":"befeadb6da289690","sponsored":false,"expired":false,"indeedApply":true,"formattedLocationFull":"Reston, VA","formattedRelativeTime":"1 day ago","stations":""},{"jobtitle":"UNIX/Linux System Administrator","company":"DEPT OF INFO TECH & TELECOMM","city":"Brooklyn","state":"NY","country":"US","formattedLocation":"Brooklyn, NY","source":"NYC Careers","date":"Sun, 12 Mar 2017 11:00:24 GMT","snippet":"Sun <b>Java</b> Web Server, Weblogic &amp; Siebel Server; In-depth installation, configuration, administration and tuning enterprise class servers;...","url":"http://www.indeed.com/viewjob?jk=18c993baa3f8bd7b&qd=usoBPHMd3vYN69bRu-PQwcxBheEzuNOj46oJk2PU6yPPaaBuvSwk2ub69Dxr0mQT30-4cI82QyB8ovHPH96abam1Aj3izkOw87NHJgxznYA&indpubnum=3338919744720141&atk=1bb5147tra3ci8lf","onmousedown":"indeed_clk(this,'9817');","jobkey":"18c993baa3f8bd7b","sponsored":false,"expired":false,"indeedApply":false,"formattedLocationFull":"Brooklyn, NY","formattedRelativeTime":"1 day ago","stations":""},{"jobtitle":"Sr Applications Programmer","company":"TEKSystems","city":"Stamford","state":"CT","country":"US","formattedLocation":"Stamford, CT","source":"TEKSystems","date":"Mon, 13 Mar 2017 17:03:49 GMT","snippet":"Experience with high level programming languages such as C++, <b>Java</b>, .Net, etc. Experience using Pitney Bowes Output Manager and Enterprise Manager Software or...","url":"http://www.indeed.com/viewjob?jk=3a3a3f2a9c92abc5&qd=usoBPHMd3vYN69bRu-PQwcxBheEzuNOj46oJk2PU6yPPaaBuvSwk2ub69Dxr0mQT30-4cI82QyB8ovHPH96abam1Aj3izkOw87NHJgxznYA&indpubnum=3338919744720141&atk=1bb5147tra3ci8lf","onmousedown":"indeed_clk(this,'9817');","jobkey":"3a3a3f2a9c92abc5","sponsored":false,"expired":false,"indeedApply":false,"formattedLocationFull":"Stamford, CT","formattedRelativeTime":"6 hours ago","stations":""},{"jobtitle":"Senior Site Reliability Engineer","company":"Intuit","city":"San Diego","state":"CA","country":"US","formattedLocation":"San Diego, CA","source":"Intuit","date":"Mon, 13 Mar 2017 10:16:39 GMT","snippet":"5+ years of experience developing <b>java</b> applications. <b>Java</b>, Spring, JavaScript/AJAX, HTML/DOM, CSS, JQuery, Oracle, NoSQL Technologies like Cassandra &amp; Mongo DB....","url":"http://www.indeed.com/viewjob?jk=d3d537f8da92e560&qd=usoBPHMd3vYN69bRu-PQwcxBheEzuNOj46oJk2PU6yPPaaBuvSwk2ub69Dxr0mQT30-4cI82QyB8ovHPH96abam1Aj3izkOw87NHJgxznYA&indpubnum=3338919744720141&atk=1bb5147tra3ci8lf","onmousedown":"indeed_clk(this,'9817');","jobkey":"d3d537f8da92e560","sponsored":false,"expired":false,"indeedApply":false,"formattedLocationFull":"San Diego, CA 92129","formattedRelativeTime":"13 hours ago","stations":""},{"jobtitle":"UI Developers/ Computer Programmers","company":"IFYTECH","city":"Irving","state":"TX","country":"US","formattedLocation":"Irving, TX","source":"Indeed","date":"Mon, 13 Mar 2017 21:52:16 GMT","snippet":"He will be working on the following tools <b>Java</b>, ios, Android, Oracle, Quality Assurance tools, Core <b>Java</b>, J2EE, JQuery, Angular JS, Node JS, STRUTS, SPRING and...","url":"http://www.indeed.com/viewjob?jk=f58c77d0f56b9ff0&qd=usoBPHMd3vYN69bRu-PQwcxBheEzuNOj46oJk2PU6yPPaaBuvSwk2ub69Dxr0mQT30-4cI82QyB8ovHPH96abam1Aj3izkOw87NHJgxznYA&indpubnum=3338919744720141&atk=1bb5147tra3ci8lf","onmousedown":"indeed_clk(this,'9817');","jobkey":"f58c77d0f56b9ff0","sponsored":false,"expired":false,"indeedApply":true,"formattedLocationFull":"Irving, TX 75063","formattedRelativeTime":"1 hour ago","stations":""},{"jobtitle":"Integration Lead (DevOps)","company":"ACI Federal","city":"Baltimore","state":"MD","country":"US","formattedLocation":"Baltimore, MD","source":"Indeed","date":"Mon, 13 Mar 2017 19:23:41 GMT","snippet":"Technically capable with <b>Java</b>, Selenium, Jenkins, Cucumber but not limited to these. Description of Work:....","url":"http://www.indeed.com/viewjob?jk=f3130d9574bdc1aa&qd=usoBPHMd3vYN69bRu-PQwcxBheEzuNOj46oJk2PU6yPPaaBuvSwk2ub69Dxr0mQT30-4cI82QyB8ovHPH96abam1Aj3izkOw87NHJgxznYA&indpubnum=3338919744720141&atk=1bb5147tra3ci8lf","onmousedown":"indeed_clk(this,'9817');","jobkey":"f3130d9574bdc1aa","sponsored":false,"expired":false,"indeedApply":true,"formattedLocationFull":"Baltimore, MD","formattedRelativeTime":"4 hours ago","stations":""},{"jobtitle":"ROBOTICS Training Instructur","company":"IronFist Corporation","city":"Shelby Twp","state":"MI","country":"US","formattedLocation":"Shelby Twp, MI","source":"Indeed","date":"Mon, 13 Mar 2017 15:40:08 GMT","snippet":"Experienced in advanced computer languages such as C, C++, and/or C#, and/or <b>Java</b>. Delivers high quality Robotic/Automation Training Seminars for client...","url":"http://www.indeed.com/viewjob?jk=0fcdb60513c33e9c&qd=usoBPHMd3vYN69bRu-PQwcxBheEzuNOj46oJk2PU6yPPaaBuvSwk2ub69Dxr0mQT30-4cI82QyB8ovHPH96abam1Aj3izkOw87NHJgxznYA&indpubnum=3338919744720141&atk=1bb5147tra3ci8lf","onmousedown":"indeed_clk(this,'9817');","jobkey":"0fcdb60513c33e9c","sponsored":false,"expired":false,"indeedApply":true,"formattedLocationFull":"Shelby Twp, MI","formattedRelativeTime":"8 hours ago","stations":""},{"jobtitle":"Programmer/Developer Lead - Dot Net","company":"Capgemini","city":"Houston","state":"TX","country":"US","formattedLocation":"Houston, TX","source":"Capgemini","date":"Mon, 13 Mar 2017 17:25:09 GMT","snippet":"Write software programs using specific programming languages/platforms such as <b>Java</b> or MS .NET, and related tools, platform and environment....","url":"http://www.indeed.com/viewjob?jk=c0abf0c083671e4e&qd=usoBPHMd3vYN69bRu-PQwcxBheEzuNOj46oJk2PU6yPPaaBuvSwk2ub69Dxr0mQT30-4cI82QyB8ovHPH96abam1Aj3izkOw87NHJgxznYA&indpubnum=3338919744720141&atk=1bb5147tra3ci8lf","onmousedown":"indeed_clk(this,'9817');","jobkey":"c0abf0c083671e4e","sponsored":false,"expired":false,"indeedApply":false,"formattedLocationFull":"Houston, TX","formattedRelativeTime":"6 hours ago","stations":""},{"jobtitle":"Senior Front Developer - Digital","company":"Verizon","city":"Irving","state":"TX","country":"US","formattedLocation":"Irving, TX","source":"Verizon","date":"Mon, 13 Mar 2017 22:04:58 GMT","snippet":"Qualifications 5+ years total experience in IT systems development with a focus on digital (web) platforms Experience in developing applications using AngularJS...","url":"http://www.indeed.com/viewjob?jk=0fb1915a0487a49b&qd=usoBPHMd3vYN69bRu-PQwcxBheEzuNOj46oJk2PU6yPPaaBuvSwk2ub69Dxr0mQT30-4cI82QyB8ovHPH96abam1Aj3izkOw87NHJgxznYA&indpubnum=3338919744720141&atk=1bb5147tra3ci8lf","onmousedown":"indeed_clk(this,'9817');","jobkey":"0fb1915a0487a49b","sponsored":false,"expired":false,"indeedApply":false,"formattedLocationFull":"Irving, TX 75038","formattedRelativeTime":"1 hour ago","stations":""},{"jobtitle":"Senior Web Engineer","company":"Best Buy","city":"Richfield","state":"MN","country":"US","formattedLocation":"Richfield, MN","source":"Best Buy","date":"Sun, 12 Mar 2017 08:29:49 GMT","snippet":"6+ years’ experience in e-commerce/web development experience using technologies including <b>Java</b>, Groovy, JavaScript and a Bachelor’s degree;...","url":"http://www.indeed.com/viewjob?jk=42589b0f24e1bfea&qd=usoBPHMd3vYN69bRu-PQwcxBheEzuNOj46oJk2PU6yPPaaBuvSwk2ub69Dxr0mQT30-4cI82QyB8ovHPH96abam1Aj3izkOw87NHJgxznYA&indpubnum=3338919744720141&atk=1bb5147tra3ci8lf","onmousedown":"indeed_clk(this,'9817');","jobkey":"42589b0f24e1bfea","sponsored":false,"expired":false,"indeedApply":false,"formattedLocationFull":"Richfield, MN","formattedRelativeTime":"1 day ago","stations":""},{"jobtitle":"Strategic Technical Account Manager","company":"Dell","city":"Remote","state":"","country":"US","formattedLocation":"Remote","source":"Dell","date":"Mon, 13 Mar 2017 20:57:17 GMT","snippet":"Demonstrated deployments of enterprise software systems and SaaS using industry standard environments including XML, HTTP/HTTPS, <b>Java</b>, C++, and ASP....","url":"http://www.indeed.com/viewjob?jk=9a22f326ae8892a6&qd=usoBPHMd3vYN69bRu-PQwcxBheEzuNOj46oJk2PU6yPPaaBuvSwk2ub69Dxr0mQT30-4cI82QyB8ovHPH96abam1Aj3izkOw87NHJgxznYA&indpubnum=3338919744720141&atk=1bb5147tra3ci8lf","onmousedown":"indeed_clk(this,'9817');","jobkey":"9a22f326ae8892a6","sponsored":false,"expired":false,"indeedApply":false,"formattedLocationFull":"Remote","formattedRelativeTime":"2 hours ago","stations":""},{"jobtitle":"Senior Principal Developer","company":"Premera Blue Cross","city":"Mountlake Terrace","state":"WA","country":"US","formattedLocation":"Mountlake Terrace, WA","source":"Premera Blue Cross","date":"Mon, 13 Mar 2017 10:51:48 GMT","snippet":"Position Description Be part of a team that reinvents healthcare and go to work every day to improve peoples’ lives. Premera is a leading health plan in the","url":"http://www.indeed.com/viewjob?jk=456fe1c8c874b0ae&qd=usoBPHMd3vYN69bRu-PQwcxBheEzuNOj46oJk2PU6yPPaaBuvSwk2ub69Dxr0mQT30-4cI82QyB8ovHPH96abam1Aj3izkOw87NHJgxznYA&indpubnum=3338919744720141&atk=1bb5147tra3ci8lf","onmousedown":"indeed_clk(this,'9817');","jobkey":"456fe1c8c874b0ae","sponsored":false,"expired":false,"indeedApply":false,"formattedLocationFull":"Mountlake Terrace, WA","formattedRelativeTime":"12 hours ago","stations":""},{"jobtitle":"Salesforce Developer","company":"Nexient","city":"Alpharetta","state":"GA","country":"US","formattedLocation":"Alpharetta, GA","source":"Nexient","date":"Mon, 13 Mar 2017 21:53:59 GMT","snippet":"Proficiency in programming using SalesForce SFDC, Force.com, <b>Java</b>, JavaScript, and XML and their use in the development of CRM solutions....","url":"http://www.indeed.com/viewjob?jk=c6152d9cb0fc8801&qd=usoBPHMd3vYN69bRu-PQwcxBheEzuNOj46oJk2PU6yPPaaBuvSwk2ub69Dxr0mQT30-4cI82QyB8ovHPH96abam1Aj3izkOw87NHJgxznYA&indpubnum=3338919744720141&atk=1bb5147tra3ci8lf","onmousedown":"indeed_clk(this,'9817');","jobkey":"c6152d9cb0fc8801","sponsored":false,"expired":false,"indeedApply":true,"formattedLocationFull":"Alpharetta, GA","formattedRelativeTime":"1 hour ago","stations":""}]}