{"version":2,"query":"java","location":"","paginationPayload":"","dupefilter":true,"highlight":true,"totalResults":1192,"start":326,"end":350,"pageNumber":13,"results":[{"jobtitle":"Sr Software Developer","company":"Great-West","city":"Denver","state":"CO","country":"US","formattedLocation":"Denver, CO","source":"Great-West","date":"Sun, 12 Mar 2017 07:02:42 GMT","snippet":"Strong proficiency in <b>Java</b> coding (3+ years). Designs, codes, modifies, tests, debugs, integrates and documents applications from specifications dealing with...","url":"http://www.indeed.com/viewjob?jk=2a706218b34ab2f9&qd=usoBPHMd3vYN69bRu-PQwcxBheEzuNOj46oJk2PU6yPPaaBuvSwk2ub69Dxr0mQT30-4cI82QyB8ovHPH96abam1Aj3izkOw87NHJgxznYA&indpubnum=3338919744720141&atk=1bb5147tr18kr44t","onmousedown":"indeed_clk(this,'9818');","jobkey":"2a706218b34ab2f9","sponsored":false,"expired":false,"indeedApply":false,"formattedLocationFull":"Denver, CO","formattedRelativeTime":"1 day ago","stations":""},{"jobtitle":"Engineer Software","company":"ISYS Technologies","city":"Schriever AFB","state":"CO","country":"US","formattedLocation":"Schriever AFB, CO","source":"ISYS Technologies","date":"Mon, 13 Mar 2017 16:58:22 GMT","snippet":"Missile defense domain, GPU Programming, CUDA, Open CL, <b>Java</b>, MySQL, modeling and simulation, or parallel computing Current DoD Secret clearance....","url":"http://www.indeed.com/viewjob?jk=6168fba0cce53024&qd=usoBPHMd3vYN69bRu-PQwcxBheEzuNOj46oJk2PU6yPPaaBuvSwk2ub69Dxr0mQT30-4cI82QyB8ovHPH96abam1Aj3izkOw87NHJgxznYA&indpubnum=3338919744720141&atk=1bb5147tr18kr44t","onmousedown":"indeed_clk(this,'9818');","jobkey":"6168fba0cce53024","sponsored":false,"expired":false,"indeedApply":false,"formattedLocationFull":"Schriever AFB, CO","formattedRelativeTime":"6 hours ago","stations":""},{"jobtitle":"Developer (Front-End/UI/UX)","company":"1 Source Consulting","city":"Washington","state":"DC","country":"US","formattedLocation":"Washington, DC","source":"1 Source Consulting","date":"Sun, 12 Mar 2017 09:04:39 GMT","snippet":"Experience developing <b>Java</b> applications for Sun servers, Linux servers and Oracle databases is required. This person will be responsible for design, development...","url":"http://www.indeed.com/viewjob?jk=47fd0af9db41a043&qd=usoBPHMd3vYN69bRu-PQwcxBheEzuNOj46oJk2PU6yPPaaBuvSwk2ub69Dxr0mQT30-4cI82QyB8ovHPH96abam1Aj3izkOw87NHJgxznYA&indpubnum=3338919744720141&atk=1bb5147tr18kr44t","onmousedown":"indeed_clk(this,'9818');","jobkey":"47fd0af9db41a043","sponsored":false,"expired":false,"indeedApply":false,"formattedLocationFull":"Washington, DC 20005","formattedRelativeTime":"1 day ago","stations":""},{"jobtitle":"Senior Software Engineer","company":"YapStone","city":"Walnut Creek","state":"CA","country":"US","formattedLocation":"Walnut Creek, CA","source":"Yapstone","date":"Mon, 13 Mar 2017 20:49:15 GMT","snippet":"Excellent <b>Java</b> coding skills. We are seeking a Senior Software Engineer for building <b>Java</b> and web services solutions that scale with YapStone’s rapid growth....","url":"http://www.indeed.com/viewjob?jk=4c9c717090a37f59&qd=usoBPHMd3vYN69bRu-PQwcxBheEzuNOj46oJk2PU6yPPaaBuvSwk2ub69Dxr0mQT30-4cI82QyB8ovHPH96abam1Aj3izkOw87NHJgxznYA&indpubnum=3338919744720141&atk=1bb5147tr18kr44t","onmousedown":"indeed_clk(this,'9818');","jobkey":"4c9c717090a37f59","sponsored":false,"expired":false,"indeedApply":false,"formattedLocationFull":"Walnut Creek, CA 94596","formattedRelativeTime":"2 hours ago","stations":""},{"jobtitle":"Senior Software Developer, OneJef/ Corporate - Information Technology","company":"Jefferies & Company, Inc.","city":"Jersey City","state":"NJ","country":"US","formattedLocation":"Jersey City, NJ","source":"Jefferies & Company, Inc.","date":"Mon, 13 Mar 2017 17:15:55 GMT","snippet":"<b>Java</b>, C++,Python,Ruby or Smalltalk &gt; a plus. Jefferies, the global investment banking firm focused on serving clients for over 50 years, is a leader in...","url":"http://www.indeed.com/viewjob?jk=715b070c1e8ea6c4&qd=usoBPHMd3vYN69bRu-PQwcxBheEzuNOj46oJk2PU6yPPaaBuvSwk2ub69Dxr0mQT30-4cI82QyB8ovHPH96abam1Aj3izkOw87NHJgxznYA&indpubnum=3338919744720141&atk=1bb5147tr18kr44t","onmousedown":"indeed_clk(this,'9818');","jobkey":"715b070c1e8ea6c4","sponsored":false,"expired":false,"indeedApply":false,"formattedLocationFull":"Jersey City, NJ 07302","formattedRelativeTime":"6 hours ago","stations":""},{"jobtitle":"Salesforce and Marketo Administrator","company":"Talkdesk","city":"San Francisco","state":"CA","country":"US","formattedLocation":"San Francisco, CA","source":"Talkdesk","date":"Mon, 13 Mar 2017 16:34:16 GMT","snippet":"Experience with SQL, Apex, <b>Java</b>, JSP and/or JavaScript is a plus. Would you like to join one of the fastest growing startups in the world?...","url":"http://www.indeed.com/viewjob?jk=e9d570c74927736f&qd=usoBPHMd3vYN69bRu-PQwcxBheEzuNOj46oJk2PU6yPPaaBuvSwk2ub69Dxr0mQT30-4cI82QyB8ovHPH96abam1Aj3izkOw87NHJgxznYA&indpubnum=3338919744720141&atk=1bb5147tr18kr44t","onmousedown":"indeed_clk(this,'9818');","jobkey":"e9d570c74927736f","sponsored":false,"expired":false,"indeedApply":false,"formattedLocationFull":"San Francisco, CA","formattedRelativeTime":"7 hours ago","stations":""},{"jobtitle":"Demo Engineer","company":"Talkdesk","city":"San Francisco","state":"CA","country":"US","formattedLocation":"San Francisco, CA","source":"Talkdesk","date":"Mon, 13 Mar 2017 16:34:05 GMT","snippet":"Experience with Javascript, HTML, CSS, IOS, APIs, Apex, <b>Java</b> (some mix). Are you tired of watching boring, unappealing software demos?...","url":"http://www.indeed.com/viewjob?jk=5d199ccd371c1f32&qd=usoBPHMd3vYN69bRu-PQwcxBheEzuNOj46oJk2PU6yPPaaBuvSwk2ub69Dxr0mQT30-4cI82QyB8ovHPH96abam1Aj3izkOw87NHJgxznYA&indpubnum=3338919744720141&atk=1bb5147tr18kr44t","onmousedown":"indeed_clk(this,'9818');","jobkey":"5d199ccd371c1f32","sponsored":false,"expired":false,"indeedApply":false,"formattedLocationFull":"San Francisco, CA","formattedRelativeTime":"7 hours ago","stations":""},{"jobtitle":"Software Engineer, Distributed Systems","company":"Turn","city":"Redwood City","state":"CA","country":"US","formattedLocation":"Redwood City, CA","source":"Turn","date":"Sun, 12 Mar 2017 08:14:08 GMT","snippet":"Experience with <b>Java</b>, C++ or C# is a must. Distributed systems, high scalability, key/value store, replication, consistency, partitioning, messaging,...","url":"http://www.indeed.com/viewjob?jk=7bd0b9437a1c40a2&qd=usoBPHMd3vYN69bRu-PQwcxBheEzuNOj46oJk2PU6yPPaaBuvSwk2ub69Dxr0mQT30-4cI82QyB8ovHPH96abam1Aj3izkOw87NHJgxznYA&indpubnum=3338919744720141&atk=1bb5147tr18kr44t","onmousedown":"indeed_clk(this,'9818');","jobkey":"7bd0b9437a1c40a2","sponsored":false,"expired":false,"indeedApply":true,"formattedLocationFull":"Redwood City, CA 94063","formattedRelativeTime":"1 day ago","stations":""},{"jobtitle":"Software Engineer, Applications","company":"Turn","city":"Redwood City","state":"CA","country":"US","formattedLocation":"Redwood City, CA","source":"Turn","date":"Sun, 12 Mar 2017 08:13:12 GMT","snippet":"High degree of comfort in <b>Java</b> or other object-oriented language. You should be motivated by building high performance, web-based, enterprise applications that...","url":"http://www.indeed.com/viewjob?jk=7f9935c64a07b267&qd=usoBPHMd3vYN69bRu-PQwcxBheEzuNOj46oJk2PU6yPPaaBuvSwk2ub69Dxr0mQT30-4cI82QyB8ovHPH96abam1Aj3izkOw87NHJgxznYA&indpubnum=3338919744720141&atk=1bb5147tr18kr44t","onmousedown":"indeed_clk(this,'9818');","jobkey":"7f9935c64a07b267","sponsored":false,"expired":false,"indeedApply":true,"formattedLocationFull":"Redwood City, CA 94063","formattedRelativeTime":"1 day ago","stations":""},{"jobtitle":"Software Engineer","company":"Shmoop","city":"Mountain View","state":"CA","country":"US","formattedLocation":"Mountain View, CA","source":"Shmoop","date":"Sun, 12 Mar 2017 08:14:03 GMT","snippet":"You have experience working on both the server side (PHP, Ruby, <b>Java</b>, Python) and the client side. We are on the hunt for a Software Engineer that is ready to...","url":"http://www.indeed.com/viewjob?jk=7ae6177835f425cb&qd=usoBPHMd3vYN69bRu-PQwcxBheEzuNOj46oJk2PU6yPPaaBuvSwk2ub69Dxr0mQT30-4cI82QyB8ovHPH96abam1Aj3izkOw87NHJgxznYA&indpubnum=3338919744720141&atk=1bb5147tr18kr44t","onmousedown":"indeed_clk(this,'9818');","jobkey":"7ae6177835f425cb","sponsored":false,"expired":false,"indeedApply":true,"formattedLocationFull":"Mountain View, CA","formattedRelativeTime":"1 day ago","stations":""},{"jobtitle":"Sr. Business Systems Analyst","company":"Infor","city":"Minneapolis-Saint Paul","state":"MN","country":"US","formattedLocation":"Minneapolis-Saint Paul, MN","source":"Indeed","date":"Mon, 13 Mar 2017 13:26:45 GMT","snippet":"Infor is the third largest provider of enterprise applications and services, helping 70,000 customers in 194 countries improve operations, drive growth and...","url":"http://www.indeed.com/viewjob?jk=4670c9fc2162ed91&qd=usoBPHMd3vYN69bRu-PQwcxBheEzuNOj46oJk2PU6yPPaaBuvSwk2ub69Dxr0mQT30-4cI82QyB8ovHPH96abam1Aj3izkOw87NHJgxznYA&indpubnum=3338919744720141&atk=1bb5147tr18kr44t","onmousedown":"indeed_clk(this,'9818');","jobkey":"4670c9fc2162ed91","sponsored":false,"expired":false,"indeedApply":true,"formattedLocationFull":"Minneapolis-Saint Paul, MN","formattedRelativeTime":"10 hours ago","stations":""},{"jobtitle":"Application Developer Lead - Big Data","company":"JPMorgan Chase","city":"New York","state":"NY","country":"US","formattedLocation":"New York, NY","source":"JPMorgan Chase","date":"Mon, 13 Mar 2017 22:34:40 GMT","snippet":"Working experience with Hadoop, Enterprise <b>Java</b> development, NoSql data platforms (Cassandra), Pub/sub messaging (Rendezvous, AMPS, Kafka, etc), Stream...","url":"http://www.indeed.com/viewjob?jk=84d115c51815881d&qd=usoBPHMd3vYN69bRu-PQwcxBheEzuNOj46oJk2PU6yPPaaBuvSwk2ub69Dxr0mQT30-4cI82QyB8ovHPH96abam1Aj3izkOw87NHJgxznYA&indpubnum=3338919744720141&atk=1bb5147tr18kr44t","onmousedown":"indeed_clk(this,'9818');","jobkey":"84d115c51815881d","sponsored":false,"expired":false,"indeedApply":false,"formattedLocationFull":"New York, NY","formattedRelativeTime":"1 hour ago","stations":""},{"jobtitle":"Applications Developer Lead DevOps","company":"JPMorgan Chase","city":"Lewisville","state":"TX","country":"US","formattedLocation":"Lewisville, TX","source":"JPMorgan Chase","date":"Mon, 13 Mar 2017 22:34:42 GMT","snippet":"Bachelor’s Degree required or equivalent work experience and minimum 5+ years of hands on experience in <b>Java</b>. Hands on recent coding experience with the latest...","url":"http://www.indeed.com/viewjob?jk=bddd580621f98b60&qd=usoBPHMd3vYN69bRu-PQwcxBheEzuNOj46oJk2PU6yPPaaBuvSwk2ub69Dxr0mQT30-4cI82QyB8ovHPH96abam1Aj3izkOw87NHJgxznYA&indpubnum=3338919744720141&atk=1bb5147tr18kr44t","onmousedown":"indeed_clk(this,'9818');","jobkey":"bddd580621f98b60","sponsored":false,"expired":false,"indeedApply":false,"formattedLocationFull":"Lewisville, TX","formattedRelativeTime":"1 hour ago","stations":""},{"jobtitle":"Big Data Development Lead (VP) - Intelligent Solutions","company":"JPMorgan Chase","city":"Wilmington","state":"DE","country":"US","formattedLocation":"Wilmington, DE","source":"JPMorgan Chase","date":"Mon, 13 Mar 2017 22:34:21 GMT","snippet":"Strong Experience with Core <b>Java</b>, Scala, Python, and R. Design and architect production ready systems using server side <b>java</b> technology stack and UI....","url":"http://www.indeed.com/viewjob?jk=1d28565f2f3a2f70&qd=usoBPHMd3vYN69bRu-PQwcxBheEzuNOj46oJk2PU6yPPaaBuvSwk2ub69Dxr0mQT30-4cI82QyB8ovHPH96abam1Aj3izkOw87NHJgxznYA&indpubnum=3338919744720141&atk=1bb5147tr18kr44t","onmousedown":"indeed_clk(this,'9818');","jobkey":"1d28565f2f3a2f70","sponsored":false,"expired":false,"indeedApply":false,"formattedLocationFull":"Wilmington, DE","formattedRelativeTime":"1 hour ago","stations":""},{"jobtitle":"Applications Development Lead / Scrum Master","company":"JPMorgan Chase","city":"New York","state":"NY","country":"US","formattedLocation":"New York, NY","source":"JPMorgan Chase","date":"Mon, 13 Mar 2017 22:34:12 GMT","snippet":"Ability to read <b>Java</b> code to understand existing system behavior. Partner with the dev and QA leads to uphold the integrity of the platform and promote best...","url":"http://www.indeed.com/viewjob?jk=8831aa6a64b6d002&qd=usoBPHMd3vYN69bRu-PQwcxBheEzuNOj46oJk2PU6yPPaaBuvSwk2ub69Dxr0mQT30-4cI82QyB8ovHPH96abam1Aj3izkOw87NHJgxznYA&indpubnum=3338919744720141&atk=1bb5147tr18kr44t","onmousedown":"indeed_clk(this,'9818');","jobkey":"8831aa6a64b6d002","sponsored":false,"expired":false,"indeedApply":false,"formattedLocationFull":"New York, NY","formattedRelativeTime":"1 hour ago","stations":""},{"jobtitle":"Senior Software Engineer","company":"CrowdTwist","city":"New York","state":"NY","country":"US","formattedLocation":"New York, NY","source":"CrowdTwist","date":"Sun, 12 Mar 2017 08:11:26 GMT","snippet":"PHP, <b>Java</b>, Ruby, Python, C, C++. CrowdTwist is seeking a Senior Software Engineer for our growing team based in New York City....","url":"http://www.indeed.com/viewjob?jk=d9452a285732f9a9&qd=usoBPHMd3vYN69bRu-PQwcxBheEzuNOj46oJk2PU6yPPaaBuvSwk2ub69Dxr0mQT30-4cI82QyB8ovHPH96abam1Aj3izkOw87NHJgxznYA&indpubnum=3338919744720141&atk=1bb5147tr18kr44t","onmousedown":"indeed_clk(this,'9818');","jobkey":"d9452a285732f9a9","sponsored":false,"expired":false,"indeedApply":true,"formattedLocationFull":"New York, NY 10010","formattedRelativeTime":"1 day ago","stations":""},{"jobtitle":"Staff Full-Stack Software Engineer (React , Redux, GraphQL & Java)","company":"Intuit","city":"Mountain View","state":"CA","country":"US","formattedLocation":"Mountain View, CA","source":"Intuit","date":"Mon, 13 Mar 2017 10:16:39 GMT","snippet":"Description Come join the QuickBooks Online team as a Staff Software Engineer. Help lead the team that is building the future of online accounting for small","url":"http://www.indeed.com/viewjob?jk=bbc096b69bb67bbd&qd=usoBPHMd3vYN69bRu-PQwcxBheEzuNOj46oJk2PU6yPPaaBuvSwk2ub69Dxr0mQT30-4cI82QyB8ovHPH96abam1Aj3izkOw87NHJgxznYA&indpubnum=3338919744720141&atk=1bb5147tr18kr44t","onmousedown":"indeed_clk(this,'9818');","jobkey":"bbc096b69bb67bbd","sponsored":false,"expired":false,"indeedApply":false,"formattedLocationFull":"Mountain View, CA 94039","formattedRelativeTime":"13 hours ago","stations":""},{"jobtitle":"Staff Software Engineer in Quality","company":"Intuit","city":"Mountain View","state":"CA","country":"US","formattedLocation":"Mountain View, CA","source":"Intuit","date":"Mon, 13 Mar 2017 10:16:38 GMT","snippet":"Description Intuit Data Fabric is a platform by which Intuit Applications save, retrieve and search documents of varying sizes and complexities. As a platform","url":"http://www.indeed.com/viewjob?jk=5a6902c1dbb0b914&qd=usoBPHMd3vYN69bRu-PQwcxBheEzuNOj46oJk2PU6yPPaaBuvSwk2ub69Dxr0mQT30-4cI82QyB8ovHPH96abam1Aj3izkOw87NHJgxznYA&indpubnum=3338919744720141&atk=1bb5147tr18kr44t","onmousedown":"indeed_clk(this,'9818');","jobkey":"5a6902c1dbb0b914","sponsored":false,"expired":false,"indeedApply":false,"formattedLocationFull":"Mountain View, CA 94039","formattedRelativeTime":"13 hours ago","stations":""},{"jobtitle":"Staff Software Engineer Identity Platform","company":"Intuit","city":"San Diego","state":"CA","country":"US","formattedLocation":"San Diego, CA","source":"Intuit","date":"Mon, 13 Mar 2017 10:16:39 GMT","snippet":"Strong core technical and debugging skills in, e.g., <b>Java</b>, JavaScript, REST, SQL - the more the better. Come join the Identity team as a Staff Software Engineer...","url":"http://www.indeed.com/viewjob?jk=fa0b971295d9676a&qd=usoBPHMd3vYN69bRu-PQwcxBheEzuNOj46oJk2PU6yPPaaBuvSwk2ub69Dxr0mQT30-4cI82QyB8ovHPH96abam1Aj3izkOw87NHJgxznYA&indpubnum=3338919744720141&atk=1bb5147tr18kr44t","onmousedown":"indeed_clk(this,'9818');","jobkey":"fa0b971295d9676a","sponsored":false,"expired":false,"indeedApply":false,"formattedLocationFull":"San Diego, CA 92129","formattedRelativeTime":"13 hours ago","stations":""},{"jobtitle":"Staff Software Engineer, Search","company":"Intuit","city":"Mountain View","state":"CA","country":"US","formattedLocation":"Mountain View, CA","source":"Intuit","date":"Mon, 13 Mar 2017 10:16:38 GMT","snippet":"Expert working knowledge in <b>Java</b>. Our <b>Java</b> based solutions are hosted on Amazon Web Services and are always looking to expand our use of core building blocks...","url":"http://www.indeed.com/viewjob?jk=9bc8749b7081eacb&qd=usoBPHMd3vYN69bRu-PQwcxBheEzuNOj46oJk2PU6yPPaaBuvSwk2ub69Dxr0mQT30-4cI82QyB8ovHPH96abam1Aj3izkOw87NHJgxznYA&indpubnum=3338919744720141&atk=1bb5147tr18kr44t","onmousedown":"indeed_clk(this,'9818');","jobkey":"9bc8749b7081eacb","sponsored":false,"expired":false,"indeedApply":false,"formattedLocationFull":"Mountain View, CA 94039","formattedRelativeTime":"13 hours ago","stations":""},{"jobtitle":"Sr. Web Developer","company":"omega solutions inc","city":"Mill Valley","state":"CA","country":"US","formattedLocation":"Mill Valley, CA","source":"Omega Solutions Inc","date":"Sun, 12 Mar 2017 08:04:25 GMT","snippet":"Sr. Web Developer (2 open positions) - salary: $130k per annum + benefits - Mill Valley, CA - Fulltime CClient: Glassdoor C Willing to fly people in for","url":"http://www.indeed.com/viewjob?jk=6edee20fa54e5f5e&qd=usoBPHMd3vYN69bRu-PQwcxBheEzuNOj46oJk2PU6yPPaaBuvSwk2ub69Dxr0mQT30-4cI82QyB8ovHPH96abam1Aj3izkOw87NHJgxznYA&indpubnum=3338919744720141&atk=1bb5147tr18kr44t","onmousedown":"indeed_clk(this,'9818');","jobkey":"6edee20fa54e5f5e","sponsored":false,"expired":false,"indeedApply":false,"formattedLocationFull":"Mill Valley, CA","formattedRelativeTime":"1 day ago","stations":""},{"jobtitle":"Sr. Web Developer/Architect","company":"CALIBRE Systems, Inc.","city":"McLean","state":"VA","country":"US","formattedLocation":"McLean, VA","source":"CALIBRE Systems, Inc.","date":"Mon, 13 Mar 2017 17:30:31 GMT","snippet":"Full stack development experience, preferably .Net &amp; <b>Java</b>. Utilize <b>Java</b> programming expertise to develop, deploy, and maintain applications....","url":"http://www.indeed.com/viewjob?jk=7c5ddb8d71dbcb91&qd=usoBPHMd3vYN69bRu-PQwcxBheEzuNOj46oJk2PU6yPPaaBuvSwk2ub69Dxr0mQT30-4cI82QyB8ovHPH96abam1Aj3izkOw87NHJgxznYA&indpubnum=3338919744720141&atk=1bb5147tr18kr44t","onmousedown":"indeed_clk(this,'9818');","jobkey":"7c5ddb8d71dbcb91","sponsored":false,"expired":false,"indeedApply":false,"formattedLocationFull":"McLean, VA","formattedRelativeTime":"6 hours ago","stations":""},{"jobtitle":"C#/Web developer","company":"CSI Interfusion Inc","city":"Bellevue","state":"WA","country":"US","formattedLocation":"Bellevue, WA","source":"CSI Interfusion Inc","date":"Mon, 13 Mar 2017 20:14:14 GMT","snippet":"Must be experienced in Angular, <b>JAVA</b> Script, ASP.Net, C#. We are looking for an candidate to join us as an SDE2/3....","url":"http://www.indeed.com/viewjob?jk=5e06b52f796c0ad4&qd=usoBPHMd3vYN69bRu-PQwcxBheEzuNOj46oJk2PU6yPPaaBuvSwk2ub69Dxr0mQT30-4cI82QyB8ovHPH96abam1Aj3izkOw87NHJgxznYA&indpubnum=3338919744720141&atk=1bb5147tr18kr44t","onmousedown":"indeed_clk(this,'9818');","jobkey":"5e06b52f796c0ad4","sponsored":false,"expired":false,"indeedApply":true,"formattedLocationFull":"Bellevue, WA","formattedRelativeTime":"3 hours ago","stations":""},{"jobtitle":"Web Message Broker (WMB) Developer","company":"Astadia","city":"Harrisburg","state":"PA","country":"US","formattedLocation":"Harrisburg, PA","source":"Indeed","date":"Mon, 13 Mar 2017 18:29:35 GMT","snippet":"Mainframe, PeopleSoft, IVR, KANA and <b>Java</b> web services. (xml, wsdl, soap) Language experience should include <b>Java</b> and/or .Net....","url":"http://www.indeed.com/viewjob?jk=93589ed149a34ca4&qd=usoBPHMd3vYN69bRu-PQwcxBheEzuNOj46oJk2PU6yPPaaBuvSwk2ub69Dxr0mQT30-4cI82QyB8ovHPH96abam1Aj3izkOw87NHJgxznYA&indpubnum=3338919744720141&atk=1bb5147tr18kr44t","onmousedown":"indeed_clk(this,'9818');","jobkey":"93589ed149a34ca4","sponsored":false,"expired":false,"indeedApply":true,"formattedLocationFull":"Harrisburg, PA","formattedRelativeTime":"5 hours ago","stations":""},{"jobtitle":"PHP Web Developer","company":"Get Air Management","city":"Mesa","state":"AZ","country":"US","formattedLocation":"Mesa, AZ","source":"Get Air Management","date":"Mon, 13 Mar 2017 18:05:27 GMT","snippet":"Good understanding of <b>Java</b>, Photoshop, and other computer hardware and software. Get Air Management is looking for an addition to our IT department!...","url":"http://www.indeed.com/viewjob?jk=c6ab2a23bf22962e&qd=usoBPHMd3vYN69bRu-PQwcxBheEzuNOj46oJk2PU6yPPaaBuvSwk2ub69Dxr0mQT30-4cI82QyB8ovHPH96abam1Aj3izkOw87NHJgxznYA&indpubnum=3338919744720141&atk=1bb5147tr18kr44t","onmousedown":"indeed_clk(this,'9818');","jobkey":"c6ab2a23bf22962e","sponsored":false,"expired":false,"indeedApply":true,"formattedLocationFull":"Mesa, AZ","formattedRelativeTime":"5 hours ago","stations":""}]}