{"version":2,"query":"java","location":"","paginationPayload":"","dupefilter":true,"highlight":true,"totalResults":1177,"start":276,"end":300,"pageNumber":11,"results":[{"jobtitle":"Tech Lead Core Java","company":"Wipro LTD","city":"Torrance","state":"CA","country":"US","formattedLocation":"Torrance, CA","source":"Wipro LTD","date":"Mon, 13 Mar 2017 19:07:30 GMT","snippet":"Core <b>Java</b> Desirable Skills:. Core <b>Java</b>, OOAD and Design Patterns, Requirements Analysis. Hands on Technical Lead 8-10 years of experience working on custom...","url":"http://www.indeed.com/viewjob?jk=730c8bdd4068408b&qd=usoBPHMd3vYN69bRu-PQwcxBheEzuNOj46oJk2PU6yOs9RmphsZwXkpEhIV6UdnwERp4f6wFZAqzeyPK_mKiS6m1Aj3izkOw87NHJgxznYA&indpubnum=3338919744720141&atk=1bb5148ct1buc4n9","onmousedown":"indeed_clk(this,'299');","jobkey":"730c8bdd4068408b","sponsored":false,"expired":false,"indeedApply":false,"formattedLocationFull":"Torrance, CA","formattedRelativeTime":"4 hours ago","stations":""},{"jobtitle":"Software Test Engineer","company":"ID Analytics","city":"San Diego","state":"CA","country":"US","formattedLocation":"San Diego, CA","source":"ID Analytics","date":"Mon, 13 Mar 2017 21:02:49 GMT","snippet":"Knowledge of <b>Java</b> unit testing techniques using the JUnit framework. Create <b>Java</b> unit tests using JUnit or other unit testing frameworks....","url":"http://www.indeed.com/viewjob?jk=9380760b1adf132e&qd=usoBPHMd3vYN69bRu-PQwcxBheEzuNOj46oJk2PU6yOs9RmphsZwXkpEhIV6UdnwERp4f6wFZAqzeyPK_mKiS6m1Aj3izkOw87NHJgxznYA&indpubnum=3338919744720141&atk=1bb5148ct1buc4n9","onmousedown":"indeed_clk(this,'299');","jobkey":"9380760b1adf132e","sponsored":false,"expired":false,"indeedApply":false,"formattedLocationFull":"San Diego, CA 92128","formattedRelativeTime":"2 hours ago","stations":""},{"jobtitle":"Software Developer","company":"Pariveda Solutions","city":"Arlington","state":"VA","country":"US","formattedLocation":"Arlington, VA","source":"Northern Virginia Technology Council (NVTC)","date":"Sun, 12 Mar 2017 17:09:37 GMT","snippet":"<b>Java</b> and .NET. If you are into programming, working in small teams, and solving complex problems using the latest in Cloud, Mobile, and Web technologies,...","url":"http://www.indeed.com/viewjob?jk=3c7fb80316930836&qd=usoBPHMd3vYN69bRu-PQwcxBheEzuNOj46oJk2PU6yOs9RmphsZwXkpEhIV6UdnwERp4f6wFZAqzeyPK_mKiS6m1Aj3izkOw87NHJgxznYA&indpubnum=3338919744720141&atk=1bb5148ct1buc4n9","onmousedown":"indeed_clk(this,'299');","jobkey":"3c7fb80316930836","sponsored":false,"expired":false,"indeedApply":false,"formattedLocationFull":"Arlington, VA 22203","formattedRelativeTime":"1 day ago","stations":""},{"jobtitle":"Senior Software Engineer","company":"Raytheon","city":"Herndon","state":"VA","country":"US","formattedLocation":"Herndon, VA","source":"Raytheon","date":"Mon, 13 Mar 2017 18:07:05 GMT","snippet":"JQuery, Angular and ExtJS) Experience with developing <b>Java</b> Web Applications Experience with <b>Java</b> web technologies (for example Spring and J2EE) Experience with...","url":"http://www.indeed.com/viewjob?jk=08225eb6df7ca54b&qd=usoBPHMd3vYN69bRu-PQwcxBheEzuNOj46oJk2PU6yOs9RmphsZwXkpEhIV6UdnwERp4f6wFZAqzeyPK_mKiS6m1Aj3izkOw87NHJgxznYA&indpubnum=3338919744720141&atk=1bb5148ct1buc4n9","onmousedown":"indeed_clk(this,'299');","jobkey":"08225eb6df7ca54b","sponsored":false,"expired":false,"indeedApply":false,"formattedLocationFull":"Herndon, VA 20170","formattedRelativeTime":"5 hours ago","stations":""},{"jobtitle":"Software Engineer","company":"TransferWise","city":"New York","state":"NY","country":"US","formattedLocation":"New York, NY","source":"TransferWise","date":"Sun, 12 Mar 2017 06:54:14 GMT","snippet":"Used a back-end MVC Framework, preferably <b>Java</b> / Spring Boot. Software Engineer - US....","url":"http://www.indeed.com/viewjob?jk=372a342ec1b22825&qd=usoBPHMd3vYN69bRu-PQwcxBheEzuNOj46oJk2PU6yOs9RmphsZwXkpEhIV6UdnwERp4f6wFZAqzeyPK_mKiS6m1Aj3izkOw87NHJgxznYA&indpubnum=3338919744720141&atk=1bb5148ct1buc4n9","onmousedown":"indeed_clk(this,'299');","jobkey":"372a342ec1b22825","sponsored":false,"expired":false,"indeedApply":false,"formattedLocationFull":"New York, NY","formattedRelativeTime":"1 day ago","stations":""},{"jobtitle":"Senior Software Engineer","company":"Intuit","city":"Mountain View","state":"CA","country":"US","formattedLocation":"Mountain View, CA","source":"Intuit","date":"Mon, 13 Mar 2017 10:16:39 GMT","snippet":"With <b>Java</b> a plus. QuickBooks Financing is a nimble and high-priority fin-tech....","url":"http://www.indeed.com/viewjob?jk=bca2b9f2b2988c9b&qd=usoBPHMd3vYN69bRu-PQwcxBheEzuNOj46oJk2PU6yOs9RmphsZwXkpEhIV6UdnwERp4f6wFZAqzeyPK_mKiS6m1Aj3izkOw87NHJgxznYA&indpubnum=3338919744720141&atk=1bb5148ct1buc4n9","onmousedown":"indeed_clk(this,'299');","jobkey":"bca2b9f2b2988c9b","sponsored":false,"expired":false,"indeedApply":false,"formattedLocationFull":"Mountain View, CA 94039","formattedRelativeTime":"13 hours ago","stations":""},{"jobtitle":"IT Software Engineer","company":"UBS","city":"Weehawken","state":"NJ","country":"US","formattedLocation":"Weehawken, NJ","source":"UBS","date":"Mon, 13 Mar 2017 16:09:18 GMT","snippet":"Strong server-side <b>Java</b> development skills, including expertise in multi-threaded programming (building distributed systems and/or <b>Java</b> messaging technologies a...","url":"http://www.indeed.com/viewjob?jk=bef34dc9a9404021&qd=usoBPHMd3vYN69bRu-PQwcxBheEzuNOj46oJk2PU6yOs9RmphsZwXkpEhIV6UdnwERp4f6wFZAqzeyPK_mKiS6m1Aj3izkOw87NHJgxznYA&indpubnum=3338919744720141&atk=1bb5148ct1buc4n9","onmousedown":"indeed_clk(this,'299');","jobkey":"bef34dc9a9404021","sponsored":false,"expired":false,"indeedApply":false,"formattedLocationFull":"Weehawken, NJ","formattedRelativeTime":"7 hours ago","stations":""},{"jobtitle":"Backend Software Developer","company":"SmartAsset","city":"New York","state":"NY","country":"US","formattedLocation":"New York, NY","source":"SmartAsset","date":"Sun, 12 Mar 2017 08:12:48 GMT","snippet":"<b>Java</b>, PHP, Perl, C#, C++, Objective C, Ruby, Python, etc). SmartAsset.com is a rapidly-growing technology startup, based in New York City....","url":"http://www.indeed.com/viewjob?jk=6c82bb96786b1b84&qd=usoBPHMd3vYN69bRu-PQwcxBheEzuNOj46oJk2PU6yOs9RmphsZwXkpEhIV6UdnwERp4f6wFZAqzeyPK_mKiS6m1Aj3izkOw87NHJgxznYA&indpubnum=3338919744720141&atk=1bb5148ct1buc4n9","onmousedown":"indeed_clk(this,'299');","jobkey":"6c82bb96786b1b84","sponsored":false,"expired":false,"indeedApply":true,"formattedLocationFull":"New York, NY","formattedRelativeTime":"1 day ago","stations":""},{"jobtitle":"Data Engineer","company":"Verizon","city":"San Jose","state":"CA","country":"US","formattedLocation":"San Jose, CA","source":"Verizon","date":"Mon, 13 Mar 2017 22:05:24 GMT","snippet":"Development experience using <b>Java</b> for data processing. Server-side software development experience Experience with <b>Java</b>....","url":"http://www.indeed.com/viewjob?jk=cac995fceaa4481e&qd=usoBPHMd3vYN69bRu-PQwcxBheEzuNOj46oJk2PU6yOs9RmphsZwXkpEhIV6UdnwERp4f6wFZAqzeyPK_mKiS6m1Aj3izkOw87NHJgxznYA&indpubnum=3338919744720141&atk=1bb5148ct1buc4n9","onmousedown":"indeed_clk(this,'299');","jobkey":"cac995fceaa4481e","sponsored":false,"expired":false,"indeedApply":false,"formattedLocationFull":"San Jose, CA 95131","formattedRelativeTime":"1 hour ago","stations":""},{"jobtitle":"Data Engineer","company":"Verizon","city":"Irving","state":"TX","country":"US","formattedLocation":"Irving, TX","source":"Verizon","date":"Mon, 13 Mar 2017 22:05:14 GMT","snippet":"Development experience using <b>Java</b> for data processing. Server-side software development experience Experience with <b>Java</b>....","url":"http://www.indeed.com/viewjob?jk=92a5eb5547c81028&qd=usoBPHMd3vYN69bRu-PQwcxBheEzuNOj46oJk2PU6yOs9RmphsZwXkpEhIV6UdnwERp4f6wFZAqzeyPK_mKiS6m1Aj3izkOw87NHJgxznYA&indpubnum=3338919744720141&atk=1bb5148ct1buc4n9","onmousedown":"indeed_clk(this,'299');","jobkey":"92a5eb5547c81028","sponsored":false,"expired":false,"indeedApply":false,"formattedLocationFull":"Irving, TX 75038","formattedRelativeTime":"1 hour ago","stations":""},{"jobtitle":"Test Automation Developer","company":"Aatrix Software, Inc.","city":"Grand Forks","state":"ND","country":"US","formattedLocation":"Grand Forks, ND","source":"Indeed","date":"Mon, 13 Mar 2017 21:08:28 GMT","snippet":"C# or similar languages such as <b>Java</b>. Responsible for creating automated tests on computer applications to isolate and solve issues, initiates tests, analyzes...","url":"http://www.indeed.com/viewjob?jk=5a2b9baa6b0d987a&qd=usoBPHMd3vYN69bRu-PQwcxBheEzuNOj46oJk2PU6yOs9RmphsZwXkpEhIV6UdnwERp4f6wFZAqzeyPK_mKiS6m1Aj3izkOw87NHJgxznYA&indpubnum=3338919744720141&atk=1bb5148ct1buc4n9","onmousedown":"indeed_clk(this,'299');","jobkey":"5a2b9baa6b0d987a","sponsored":false,"expired":false,"indeedApply":true,"formattedLocationFull":"Grand Forks, ND 58201","formattedRelativeTime":"2 hours ago","stations":""},{"jobtitle":"Software Developer","company":"Vistronix","city":"Annapolis Junction","state":"MD","country":"US","formattedLocation":"Annapolis Junction, MD","source":"Vistronix","date":"Mon, 13 Mar 2017 17:03:10 GMT","snippet":"<b>Java</b> development experience. <b>Java</b> GUI development experience (preferred). Cyber &amp; SIGINT Operations, C4ISR &amp; Multi-INT Processing, and Enterprise &amp; Open Source...","url":"http://www.indeed.com/viewjob?jk=d40b8d02c39723d4&qd=usoBPHMd3vYN69bRu-PQwcxBheEzuNOj46oJk2PU6yOs9RmphsZwXkpEhIV6UdnwERp4f6wFZAqzeyPK_mKiS6m1Aj3izkOw87NHJgxznYA&indpubnum=3338919744720141&atk=1bb5148ct1buc4n9","onmousedown":"indeed_clk(this,'299');","jobkey":"d40b8d02c39723d4","sponsored":false,"expired":false,"indeedApply":false,"formattedLocationFull":"Annapolis Junction, MD","formattedRelativeTime":"6 hours ago","stations":""},{"jobtitle":"Senior Software Engineer","company":"Microsoft","city":"Redmond","state":"WA","country":"US","formattedLocation":"Redmond, WA","source":"Microsoft","date":"Mon, 13 Mar 2017 08:06:01 GMT","snippet":"Distributed computation, high scale, high availability, geo-redundancy, low maintenance and with provable quality....","url":"http://www.indeed.com/viewjob?jk=14abf83a7b39edf5&qd=usoBPHMd3vYN69bRu-PQwcxBheEzuNOj46oJk2PU6yOs9RmphsZwXkpEhIV6UdnwERp4f6wFZAqzeyPK_mKiS6m1Aj3izkOw87NHJgxznYA&indpubnum=3338919744720141&atk=1bb5148ct1buc4n9","onmousedown":"indeed_clk(this,'299');","jobkey":"14abf83a7b39edf5","sponsored":false,"expired":false,"indeedApply":false,"formattedLocationFull":"Redmond, WA 98052","formattedRelativeTime":"15 hours ago","stations":""},{"jobtitle":"Application Engineer","company":"Quicken Loans Inc.","city":"Detroit","state":"MI","country":"US","formattedLocation":"Detroit, MI","source":"Quicken Loans","date":"Mon, 13 Mar 2017 18:25:41 GMT","snippet":"Object-oriented programming experience in <b>Java</b> and C#. Develop <b>Java</b> and C# applications to support and monitor the business rules engine....","url":"http://www.indeed.com/viewjob?jk=c118f78eec6b86d9&qd=usoBPHMd3vYN69bRu-PQwcxBheEzuNOj46oJk2PU6yOs9RmphsZwXkpEhIV6UdnwERp4f6wFZAqzeyPK_mKiS6m1Aj3izkOw87NHJgxznYA&indpubnum=3338919744720141&atk=1bb5148ct1buc4n9","onmousedown":"indeed_clk(this,'299');","jobkey":"c118f78eec6b86d9","sponsored":false,"expired":false,"indeedApply":false,"formattedLocationFull":"Detroit, MI","formattedRelativeTime":"5 hours ago","stations":""},{"jobtitle":"Java Developer","company":"Beacon Hill Technologies","city":"Columbus","state":"OH","country":"US","formattedLocation":"Columbus, OH","source":"Indeed","date":"Mon, 13 Mar 2017 18:32:32 GMT","snippet":"Hands on development of <b>Java</b> middle tier and back end services/programs. This individual will be responsible for Java/J2EE development in an agile environment....","url":"http://www.indeed.com/viewjob?jk=2a24969f4a4b1a13&qd=usoBPHMd3vYN69bRu-PQwcxBheEzuNOj46oJk2PU6yOs9RmphsZwXkpEhIV6UdnwERp4f6wFZAqzeyPK_mKiS6m1Aj3izkOw87NHJgxznYA&indpubnum=3338919744720141&atk=1bb5148ct1buc4n9","onmousedown":"indeed_clk(this,'299');","jobkey":"2a24969f4a4b1a13","sponsored":false,"expired":false,"indeedApply":true,"formattedLocationFull":"Columbus, OH","formattedRelativeTime":"5 hours ago","stations":""},{"jobtitle":"Web Developer","company":"Netsmart Technologies","city":"Overland Park","state":"KS","country":"US","formattedLocation":"Overland Park, KS","source":"Netsmart Technologies","date":"Mon, 13 Mar 2017 19:59:10 GMT","snippet":"5+ years working with at least one statically-typed OO programming language (C#, <b>Java</b>, C++, etc.). This position focuses on supportive maintenance and new...","url":"http://www.indeed.com/viewjob?jk=781074dd020aeb3d&qd=usoBPHMd3vYN69bRu-PQwcxBheEzuNOj46oJk2PU6yOs9RmphsZwXkpEhIV6UdnwERp4f6wFZAqzeyPK_mKiS6m1Aj3izkOw87NHJgxznYA&indpubnum=3338919744720141&atk=1bb5148ct1buc4n9","onmousedown":"indeed_clk(this,'299');","jobkey":"781074dd020aeb3d","sponsored":false,"expired":false,"indeedApply":false,"formattedLocationFull":"Overland Park, KS","formattedRelativeTime":"3 hours ago","stations":""},{"jobtitle":"Web Developer / Energy Storage Dashboard / Grand Prairie, TX","company":"Lockheed Martin","city":"Grand Prairie","state":"TX","country":"US","formattedLocation":"Grand Prairie, TX","source":"Lockheed Martin","date":"Mon, 13 Mar 2017 10:18:42 GMT","snippet":"Experience with backend JVM technologies such as <b>Java</b>, the Play Framework, Eclipse, and Maven. At Lockheed Martin, you’ll have an opportunity to create a better...","url":"http://www.indeed.com/viewjob?jk=ac334868179b66f6&qd=usoBPHMd3vYN69bRu-PQwcxBheEzuNOj46oJk2PU6yOs9RmphsZwXkpEhIV6UdnwERp4f6wFZAqzeyPK_mKiS6m1Aj3izkOw87NHJgxznYA&indpubnum=3338919744720141&atk=1bb5148ct1buc4n9","onmousedown":"indeed_clk(this,'299');","jobkey":"ac334868179b66f6","sponsored":false,"expired":false,"indeedApply":false,"formattedLocationFull":"Grand Prairie, TX 75051","formattedRelativeTime":"13 hours ago","stations":""},{"jobtitle":"Staff Performance Engineer","company":"Safeway Inc","city":"Pleasanton","state":"CA","country":"US","formattedLocation":"Pleasanton, CA","source":"Safeway Corp.","date":"Mon, 13 Mar 2017 22:25:26 GMT","snippet":"Deep knowledge of <b>Java</b> and its internals (e.g. Debug <b>JAVA</b> and SQL performance tuning experience for performance that include (garbage collection, heap...","url":"http://www.indeed.com/viewjob?jk=7a0846af92877549&qd=usoBPHMd3vYN69bRu-PQwcxBheEzuNOj46oJk2PU6yOs9RmphsZwXkpEhIV6UdnwERp4f6wFZAqzeyPK_mKiS6m1Aj3izkOw87NHJgxznYA&indpubnum=3338919744720141&atk=1bb5148ct1buc4n9","onmousedown":"indeed_clk(this,'299');","jobkey":"7a0846af92877549","sponsored":false,"expired":false,"indeedApply":false,"formattedLocationFull":"Pleasanton, CA","formattedRelativeTime":"1 hour ago","stations":""},{"jobtitle":"Cyber Software Engineer 4","company":"BITHGROUP","city":"Baltimore","state":"MD","country":"US","formattedLocation":"Baltimore, MD","source":"BITHGROUP","date":"Mon, 13 Mar 2017 18:18:10 GMT","snippet":"Experience with software development in <b>Java</b> (evidenced in work history within the past 5 years) with Eclipse, IDE, Spring Framework, Maven, Git and Subversion....","url":"http://www.indeed.com/viewjob?jk=fc8711dd02570c0f&qd=usoBPHMd3vYN69bRu-PQwcxBheEzuNOj46oJk2PU6yOs9RmphsZwXkpEhIV6UdnwERp4f6wFZAqzeyPK_mKiS6m1Aj3izkOw87NHJgxznYA&indpubnum=3338919744720141&atk=1bb5148ct1buc4n9","onmousedown":"indeed_clk(this,'299');","jobkey":"fc8711dd02570c0f","sponsored":false,"expired":false,"indeedApply":true,"formattedLocationFull":"Baltimore, MD","formattedRelativeTime":"5 hours ago","stations":""},{"jobtitle":"Java Web Developer","company":"Skilpik","city":"Pittsburgh","state":"PA","country":"US","formattedLocation":"Pittsburgh, PA","source":"Indeed","date":"Sun, 12 Mar 2017 09:50:21 GMT","snippet":"Angular <b>Java</b> scriptJS. <b>Java</b> Web/ UI Developer*. Software Skills <b>Java</b> Script Yes. Software Skills <b>Java</b> Script - Advanced Yes....","url":"http://www.indeed.com/viewjob?jk=055be218e3ad649d&qd=usoBPHMd3vYN69bRu-PQwcxBheEzuNOj46oJk2PU6yOs9RmphsZwXkpEhIV6UdnwERp4f6wFZAqzeyPK_mKiS6m1Aj3izkOw87NHJgxznYA&indpubnum=3338919744720141&atk=1bb5148ct1buc4n9","onmousedown":"indeed_clk(this,'299');","jobkey":"055be218e3ad649d","sponsored":false,"expired":false,"indeedApply":true,"formattedLocationFull":"Pittsburgh, PA","formattedRelativeTime":"1 day ago","stations":""},{"jobtitle":"Principal Software Engineer","company":"Cubic Corporation","city":"Austin","state":"TX","country":"US","formattedLocation":"Austin, TX","source":"Cubic Corporation","date":"Mon, 13 Mar 2017 21:28:00 GMT","snippet":"Requires proficiency using programming languages such as <b>Java</b>, “C/C++/C#,” Product Lifecycle Management, Javascript, JavaScript Object Notation (JSON), Python,...","url":"http://www.indeed.com/viewjob?jk=2fc9cb40d3b72090&qd=usoBPHMd3vYN69bRu-PQwcxBheEzuNOj46oJk2PU6yOs9RmphsZwXkpEhIV6UdnwERp4f6wFZAqzeyPK_mKiS6m1Aj3izkOw87NHJgxznYA&indpubnum=3338919744720141&atk=1bb5148ct1buc4n9","onmousedown":"indeed_clk(this,'299');","jobkey":"2fc9cb40d3b72090","sponsored":false,"expired":false,"indeedApply":false,"formattedLocationFull":"Austin, TX","formattedRelativeTime":"2 hours ago","stations":""},{"jobtitle":"Principal Software Platform Architect","company":"Comcast","city":"Philadelphia","state":"PA","country":"US","formattedLocation":"Philadelphia, PA","source":"Comcast","date":"Mon, 13 Mar 2017 20:06:33 GMT","snippet":"REST Architecture, Microservices Architecture, Continuous Integration, <b>Java</b>, Scala, Docker, Kubernetes, and NoSQL....","url":"http://www.indeed.com/viewjob?jk=d391d2f7b3f89251&qd=usoBPHMd3vYN69bRu-PQwcxBheEzuNOj46oJk2PU6yOs9RmphsZwXkpEhIV6UdnwERp4f6wFZAqzeyPK_mKiS6m1Aj3izkOw87NHJgxznYA&indpubnum=3338919744720141&atk=1bb5148ct1buc4n9","onmousedown":"indeed_clk(this,'299');","jobkey":"d391d2f7b3f89251","sponsored":false,"expired":false,"indeedApply":false,"formattedLocationFull":"Philadelphia, PA 19103","formattedRelativeTime":"3 hours ago","stations":""},{"jobtitle":"Software Engineer 2","company":"Microsoft","city":"Cambridge","state":"MA","country":"US","formattedLocation":"Cambridge, MA","source":"Microsoft","date":"Mon, 13 Mar 2017 20:05:45 GMT","snippet":"You have strong C#, C++, <b>Java</b> or equivalent language skills. Do you want your software to reach a billion users/devices?...","url":"http://www.indeed.com/viewjob?jk=d964c26ec08eb27f&qd=usoBPHMd3vYN69bRu-PQwcxBheEzuNOj46oJk2PU6yOs9RmphsZwXkpEhIV6UdnwERp4f6wFZAqzeyPK_mKiS6m1Aj3izkOw87NHJgxznYA&indpubnum=3338919744720141&atk=1bb5148ct1buc4n9","onmousedown":"indeed_clk(this,'299');","jobkey":"d964c26ec08eb27f","sponsored":false,"expired":false,"indeedApply":false,"formattedLocationFull":"Cambridge, MA","formattedRelativeTime":"3 hours ago","stations":""},{"jobtitle":"Principal Software Engineer – Financial Systems","company":"Staples","city":"Framingham","state":"MA","country":"US","formattedLocation":"Framingham, MA","source":"Staples","date":"Mon, 13 Mar 2017 15:42:10 GMT","snippet":"5+ years of <b>Java</b> 1.6+ development experience. Understanding of <b>Java</b> memory management, garbage collection, and tuning strategies....","url":"http://www.indeed.com/viewjob?jk=bae766390805b2c0&qd=usoBPHMd3vYN69bRu-PQwcxBheEzuNOj46oJk2PU6yOs9RmphsZwXkpEhIV6UdnwERp4f6wFZAqzeyPK_mKiS6m1Aj3izkOw87NHJgxznYA&indpubnum=3338919744720141&atk=1bb5148ct1buc4n9","onmousedown":"indeed_clk(this,'299');","jobkey":"bae766390805b2c0","sponsored":false,"expired":false,"indeedApply":false,"formattedLocationFull":"Framingham, MA","formattedRelativeTime":"8 hours ago","stations":""},{"jobtitle":"Software Development Engineer","company":"Audible, Inc.","city":"Newark","state":"NJ","country":"US","formattedLocation":"Newark, NJ","source":"Amazon.com","date":"Sun, 12 Mar 2017 07:02:38 GMT","snippet":"Android application development using <b>Java</b>, Android SDK / Studio / APIs /Frameworks. Is the world’s largest seller and producer of spoken audio entertainment,...","url":"http://www.indeed.com/viewjob?jk=c9b1078215ce3d2c&qd=usoBPHMd3vYN69bRu-PQwcxBheEzuNOj46oJk2PU6yOs9RmphsZwXkpEhIV6UdnwERp4f6wFZAqzeyPK_mKiS6m1Aj3izkOw87NHJgxznYA&indpubnum=3338919744720141&atk=1bb5148ct1buc4n9","onmousedown":"indeed_clk(this,'299');","jobkey":"c9b1078215ce3d2c","sponsored":false,"expired":false,"indeedApply":false,"formattedLocationFull":"Newark, NJ","formattedRelativeTime":"1 day ago","stations":""}]}