{"version":2,"query":"java","location":"","paginationPayload":"","dupefilter":true,"highlight":true,"totalResults":1192,"start":226,"end":250,"pageNumber":9,"results":[{"jobtitle":"Algorithm Engineer 5 (17-054)","company":"Northrop Grumman","city":"Huntsville","state":"AL","country":"US","formattedLocation":"Huntsville, AL","source":"Northrop Grumman","date":"Mon, 13 Mar 2017 16:00:30 GMT","snippet":"<b>Java</b>, C, C++, and/or Fortran experience. Northrop Grumman Mission Systems (NGMS) was selected by the U.S....","url":"http://www.indeed.com/viewjob?jk=6bd1fcd8085171d1&qd=usoBPHMd3vYN69bRu-PQwcxBheEzuNOj46oJk2PU6yPPaaBuvSwk2ub69Dxr0mQTERp4f6wFZAqzeyPK_mKiS6m1Aj3izkOw87NHJgxznYA&indpubnum=3338919744720141&atk=1bb5148hbagoi8tr","onmousedown":"indeed_clk(this,'442');","jobkey":"6bd1fcd8085171d1","sponsored":false,"expired":false,"indeedApply":false,"formattedLocationFull":"Huntsville, AL 35805","formattedRelativeTime":"7 hours ago","stations":""},{"jobtitle":"Software Engineer, MEAN Stack","company":"Capital One","city":"Richmond","state":"VA","country":"US","formattedLocation":"Richmond, VA","source":"Capital One","date":"Mon, 13 Mar 2017 15:51:47 GMT","snippet":"<b>Java</b> and surrounding technologies including APIs, Cloud, Big Data and open source technologies. 2 years of experience with <b>Java</b> or 2 years of experience with C#...","url":"http://www.indeed.com/viewjob?jk=5ba0c34a32cdc1e0&qd=usoBPHMd3vYN69bRu-PQwcxBheEzuNOj46oJk2PU6yPPaaBuvSwk2ub69Dxr0mQTERp4f6wFZAqzeyPK_mKiS6m1Aj3izkOw87NHJgxznYA&indpubnum=3338919744720141&atk=1bb5148hbagoi8tr","onmousedown":"indeed_clk(this,'442');","jobkey":"5ba0c34a32cdc1e0","sponsored":false,"expired":false,"indeedApply":false,"formattedLocationFull":"Richmond, VA","formattedRelativeTime":"7 hours ago","stations":""},{"jobtitle":"IT Software Engineer - Integration","company":"Nelnet","city":"Omaha","state":"NE","country":"US","formattedLocation":"Omaha, NE","source":"Nelnet","date":"Mon, 13 Mar 2017 15:19:14 GMT","snippet":"<b>Java</b> development experience using web services leveraging the WebLogic platform C# development experience leveraging web services....","url":"http://www.indeed.com/viewjob?jk=7176596383eb7fc5&qd=usoBPHMd3vYN69bRu-PQwcxBheEzuNOj46oJk2PU6yPPaaBuvSwk2ub69Dxr0mQTERp4f6wFZAqzeyPK_mKiS6m1Aj3izkOw87NHJgxznYA&indpubnum=3338919744720141&atk=1bb5148hbagoi8tr","onmousedown":"indeed_clk(this,'442');","jobkey":"7176596383eb7fc5","sponsored":false,"expired":false,"indeedApply":false,"formattedLocationFull":"Omaha, NE","formattedRelativeTime":"8 hours ago","stations":""},{"jobtitle":"System Engineer","company":"Exceptional Software Strategies, Inc.","city":"Reston","state":"VA","country":"US","formattedLocation":"Reston, VA","source":"Exceptional Software Strategies, Inc.","date":"Mon, 13 Mar 2017 15:06:13 GMT","snippet":"Demonstrated on-the-job experience utilizing <b>Java</b> technologies. The sponsor develops and maintains several enterprise level applications in contract management,...","url":"http://www.indeed.com/viewjob?jk=cdfabed2fd0caa71&qd=usoBPHMd3vYN69bRu-PQwcxBheEzuNOj46oJk2PU6yPPaaBuvSwk2ub69Dxr0mQTERp4f6wFZAqzeyPK_mKiS6m1Aj3izkOw87NHJgxznYA&indpubnum=3338919744720141&atk=1bb5148hbagoi8tr","onmousedown":"indeed_clk(this,'442');","jobkey":"cdfabed2fd0caa71","sponsored":false,"expired":false,"indeedApply":false,"formattedLocationFull":"Reston, VA","formattedRelativeTime":"8 hours ago","stations":""},{"jobtitle":"Android BSP Engineer","company":"HARMAN International","city":"Vernon Hills","state":"IL","country":"US","formattedLocation":"Vernon Hills, IL","source":"Harman International","date":"Mon, 13 Mar 2017 14:39:37 GMT","snippet":"C, C++, <b>Java</b>, data-structure and algorithms; HARMAN designs and engineers connected products and solutions for automakers, consumers, and enterprises worldwide,...","url":"http://www.indeed.com/viewjob?jk=eac312a4e0f9b20b&qd=usoBPHMd3vYN69bRu-PQwcxBheEzuNOj46oJk2PU6yPPaaBuvSwk2ub69Dxr0mQTERp4f6wFZAqzeyPK_mKiS6m1Aj3izkOw87NHJgxznYA&indpubnum=3338919744720141&atk=1bb5148hbagoi8tr","onmousedown":"indeed_clk(this,'442');","jobkey":"eac312a4e0f9b20b","sponsored":false,"expired":false,"indeedApply":false,"formattedLocationFull":"Vernon Hills, IL 60061","formattedRelativeTime":"9 hours ago","stations":""},{"jobtitle":"Software Engineer III","company":"LexisNexis","city":"Boca Raton","state":"FL","country":"US","formattedLocation":"Boca Raton, FL","source":"LexisNexis","date":"Mon, 13 Mar 2017 14:26:53 GMT","snippet":"LexisNexis’ enterprise tools team is responsible for implementing and supporting a variety of enterprise wide SDLC tools for our global organization....","url":"http://www.indeed.com/viewjob?jk=f7b022e2578d4ad4&qd=usoBPHMd3vYN69bRu-PQwcxBheEzuNOj46oJk2PU6yPPaaBuvSwk2ub69Dxr0mQTERp4f6wFZAqzeyPK_mKiS6m1Aj3izkOw87NHJgxznYA&indpubnum=3338919744720141&atk=1bb5148hbagoi8tr","onmousedown":"indeed_clk(this,'442');","jobkey":"f7b022e2578d4ad4","sponsored":false,"expired":false,"indeedApply":false,"formattedLocationFull":"Boca Raton, FL 33431","formattedRelativeTime":"9 hours ago","stations":""},{"jobtitle":"Software Engineer","company":"Fat Pipe Inc","city":"New York","state":"NY","country":"US","formattedLocation":"New York, NY","source":"Fat Pipe Inc","date":"Mon, 13 Mar 2017 10:03:01 GMT","snippet":"Degree in Computer Science or related area.Knowledge of <b>Java</b>, J2EE, C/C++, JSF, Servlets, JSP, <b>Java</b> Web Services, XML, Ajax, Jquery, HTML and CSS;...","url":"http://www.indeed.com/viewjob?jk=1f035cf6e5b98b3e&qd=usoBPHMd3vYN69bRu-PQwcxBheEzuNOj46oJk2PU6yPPaaBuvSwk2ub69Dxr0mQTERp4f6wFZAqzeyPK_mKiS6m1Aj3izkOw87NHJgxznYA&indpubnum=3338919744720141&atk=1bb5148hbagoi8tr","onmousedown":"indeed_clk(this,'442');","jobkey":"1f035cf6e5b98b3e","sponsored":false,"expired":false,"indeedApply":false,"formattedLocationFull":"New York, NY","formattedRelativeTime":"13 hours ago","stations":""},{"jobtitle":"Software Engineer-Guidewire","company":"Berkley Technology Services","city":"Wilmington","state":"DE","country":"US","formattedLocation":"Wilmington, DE","source":"Berkley Technology Services","date":"Mon, 13 Mar 2017 10:21:36 GMT","snippet":"Programming in <b>Java</b>/J2EE, spring, hibernate, web services, MQ, Enterprise <b>Java</b> Bean (EJB), SQL. This position will work with operating unit subject matter...","url":"http://www.indeed.com/viewjob?jk=a8d6635c1f57cc53&qd=usoBPHMd3vYN69bRu-PQwcxBheEzuNOj46oJk2PU6yPPaaBuvSwk2ub69Dxr0mQTERp4f6wFZAqzeyPK_mKiS6m1Aj3izkOw87NHJgxznYA&indpubnum=3338919744720141&atk=1bb5148hbagoi8tr","onmousedown":"indeed_clk(this,'442');","jobkey":"a8d6635c1f57cc53","sponsored":false,"expired":false,"indeedApply":false,"formattedLocationFull":"Wilmington, DE 19809","formattedRelativeTime":"13 hours ago","stations":""},{"jobtitle":"Test Automation Engineer","company":"Airline Tariff Publishing Company","city":"Dulles","state":"VA","country":"US","formattedLocation":"Dulles, VA","source":"Airline Tariff Publishing Company","date":"Mon, 13 Mar 2017 09:50:11 GMT","snippet":"2+ years coding experience in one or more of Python, <b>Java</b> or Javascript. Designing and developing automation tests for software development projects, including...","url":"http://www.indeed.com/viewjob?jk=30cf235f321e7f50&qd=usoBPHMd3vYN69bRu-PQwcxBheEzuNOj46oJk2PU6yPPaaBuvSwk2ub69Dxr0mQTERp4f6wFZAqzeyPK_mKiS6m1Aj3izkOw87NHJgxznYA&indpubnum=3338919744720141&atk=1bb5148hbagoi8tr","onmousedown":"indeed_clk(this,'442');","jobkey":"30cf235f321e7f50","sponsored":false,"expired":false,"indeedApply":false,"formattedLocationFull":"Dulles, VA","formattedRelativeTime":"13 hours ago","stations":""},{"jobtitle":"Online - Computer & Information Science Faculty","company":"ECPI University","city":"","state":"VA","country":"US","formattedLocation":"Virginia","source":"ECPI University","date":"Mon, 13 Mar 2017 09:55:48 GMT","snippet":"C, C++, C#, <b>Java</b>, SQL, PHP, and VB.Net. Do you want to make a difference?...","url":"http://www.indeed.com/viewjob?jk=fde1e548bcbad6a5&qd=usoBPHMd3vYN69bRu-PQwcxBheEzuNOj46oJk2PU6yPPaaBuvSwk2ub69Dxr0mQTERp4f6wFZAqzeyPK_mKiS6m1Aj3izkOw87NHJgxznYA&indpubnum=3338919744720141&atk=1bb5148hbagoi8tr","onmousedown":"indeed_clk(this,'442');","jobkey":"fde1e548bcbad6a5","sponsored":false,"expired":false,"indeedApply":false,"formattedLocationFull":"Virginia","formattedRelativeTime":"13 hours ago","stations":""},{"jobtitle":"Software Engineer Intern - Norton Cloud Services","company":"Symantec","city":"Herndon","state":"VA","country":"US","formattedLocation":"Herndon, VA","source":"Symantec","date":"Mon, 13 Mar 2017 09:34:06 GMT","snippet":"Experience with <b>Java</b>, C/C++, JS, or .NET desired. Symantec Corporation (NASDAQ:....","url":"http://www.indeed.com/viewjob?jk=36547ae701634f0a&qd=usoBPHMd3vYN69bRu-PQwcxBheEzuNOj46oJk2PU6yPPaaBuvSwk2ub69Dxr0mQTERp4f6wFZAqzeyPK_mKiS6m1Aj3izkOw87NHJgxznYA&indpubnum=3338919744720141&atk=1bb5148hbagoi8tr","onmousedown":"indeed_clk(this,'442');","jobkey":"36547ae701634f0a","sponsored":false,"expired":false,"indeedApply":false,"formattedLocationFull":"Herndon, VA","formattedRelativeTime":"14 hours ago","stations":""},{"jobtitle":"System Engineer","company":"Red Brick Health","city":"Minneapolis","state":"MN","country":"US","formattedLocation":"Minneapolis, MN","source":"Red Brick Health","date":"Mon, 13 Mar 2017 08:18:32 GMT","snippet":"Experience working in SaaS organizations Experience with OpenStack and/or AWS Experience with Systems Monitoring, Reporting and Alerting solutions Experience...","url":"http://www.indeed.com/viewjob?jk=c7e9627e4ab8103d&qd=usoBPHMd3vYN69bRu-PQwcxBheEzuNOj46oJk2PU6yPPaaBuvSwk2ub69Dxr0mQTERp4f6wFZAqzeyPK_mKiS6m1Aj3izkOw87NHJgxznYA&indpubnum=3338919744720141&atk=1bb5148hbagoi8tr","onmousedown":"indeed_clk(this,'442');","jobkey":"c7e9627e4ab8103d","sponsored":false,"expired":false,"indeedApply":false,"formattedLocationFull":"Minneapolis, MN","formattedRelativeTime":"15 hours ago","stations":""},{"jobtitle":"Release Configuration Engineer","company":"Performant Financial Corporation","city":"Livermore","state":"CA","country":"US","formattedLocation":"Livermore, CA","source":"Performant Financial Corporation","date":"Mon, 13 Mar 2017 20:40:12 GMT","snippet":"Implement TeamCity CI (continuous integration), Integration and automated deployment projects for .Net/Java Enterprise applications....","url":"http://www.indeed.com/viewjob?jk=adfafa680e9ba299&qd=usoBPHMd3vYN69bRu-PQwcxBheEzuNOj46oJk2PU6yPPaaBuvSwk2ub69Dxr0mQTERp4f6wFZAqzeyPK_mKiS6m1Aj3izkOw87NHJgxznYA&indpubnum=3338919744720141&atk=1bb5148hbagoi8tr","onmousedown":"indeed_clk(this,'442');","jobkey":"adfafa680e9ba299","sponsored":false,"expired":false,"indeedApply":false,"formattedLocationFull":"Livermore, CA 94551","formattedRelativeTime":"3 hours ago","stations":""},{"jobtitle":"Quality Assurance Engineer","company":"Netsmart Technologies","city":"Overland Park","state":"KS","country":"US","formattedLocation":"Overland Park, KS","source":"Netsmart Technologies","date":"Mon, 13 Mar 2017 20:00:05 GMT","snippet":"Experience with software development, software automation and test tracking tools against <b>Java</b>, Delphi, and/or .Net coding platforms is preferred:....","url":"http://www.indeed.com/viewjob?jk=c5c2034401cfc0b4&qd=usoBPHMd3vYN69bRu-PQwcxBheEzuNOj46oJk2PU6yPPaaBuvSwk2ub69Dxr0mQTERp4f6wFZAqzeyPK_mKiS6m1Aj3izkOw87NHJgxznYA&indpubnum=3338919744720141&atk=1bb5148hbagoi8tr","onmousedown":"indeed_clk(this,'442');","jobkey":"c5c2034401cfc0b4","sponsored":false,"expired":false,"indeedApply":false,"formattedLocationFull":"Overland Park, KS","formattedRelativeTime":"3 hours ago","stations":""},{"jobtitle":"Software Quality Assurance Engineer","company":"Netsmart Technologies","city":"Overland Park","state":"KS","country":"US","formattedLocation":"Overland Park, KS","source":"Netsmart Technologies","date":"Mon, 13 Mar 2017 19:59:12 GMT","snippet":"Experience with software development, software automation and test tracking tools against <b>Java</b>, Delphi, and/or .Net coding platforms is preferred:....","url":"http://www.indeed.com/viewjob?jk=4f4685a2ee1ac539&qd=usoBPHMd3vYN69bRu-PQwcxBheEzuNOj46oJk2PU6yPPaaBuvSwk2ub69Dxr0mQTERp4f6wFZAqzeyPK_mKiS6m1Aj3izkOw87NHJgxznYA&indpubnum=3338919744720141&atk=1bb5148hbagoi8tr","onmousedown":"indeed_clk(this,'442');","jobkey":"4f4685a2ee1ac539","sponsored":false,"expired":false,"indeedApply":false,"formattedLocationFull":"Overland Park, KS","formattedRelativeTime":"3 hours ago","stations":""},{"jobtitle":"Software Engineer - Internship","company":"Netsmart Technologies","city":"Great River","state":"NY","country":"US","formattedLocation":"Great River, NY","source":"Netsmart Technologies","date":"Mon, 13 Mar 2017 19:59:14 GMT","snippet":"Basic programming experience using a modern object oriented language such as <b>Java</b>, C++, C#, etc. Are you looking for your ideas to change the health and human...","url":"http://www.indeed.com/viewjob?jk=2a1b042015a295bc&qd=usoBPHMd3vYN69bRu-PQwcxBheEzuNOj46oJk2PU6yPPaaBuvSwk2ub69Dxr0mQTERp4f6wFZAqzeyPK_mKiS6m1Aj3izkOw87NHJgxznYA&indpubnum=3338919744720141&atk=1bb5148hbagoi8tr","onmousedown":"indeed_clk(this,'442');","jobkey":"2a1b042015a295bc","sponsored":false,"expired":false,"indeedApply":false,"formattedLocationFull":"Great River, NY","formattedRelativeTime":"3 hours ago","stations":""},{"jobtitle":"Software Engineer - Internship","company":"Netsmart Technologies","city":"Overland Park","state":"KS","country":"US","formattedLocation":"Overland Park, KS","source":"Netsmart Technologies","date":"Mon, 13 Mar 2017 19:59:13 GMT","snippet":"Basic programming experience using a modern object oriented language such as <b>Java</b>, C++, C#, etc. Are you looking for your ideas to change the health and human...","url":"http://www.indeed.com/viewjob?jk=5947bbef70ab0191&qd=usoBPHMd3vYN69bRu-PQwcxBheEzuNOj46oJk2PU6yPPaaBuvSwk2ub69Dxr0mQTERp4f6wFZAqzeyPK_mKiS6m1Aj3izkOw87NHJgxznYA&indpubnum=3338919744720141&atk=1bb5148hbagoi8tr","onmousedown":"indeed_clk(this,'442');","jobkey":"5947bbef70ab0191","sponsored":false,"expired":false,"indeedApply":false,"formattedLocationFull":"Overland Park, KS","formattedRelativeTime":"3 hours ago","stations":""},{"jobtitle":"Build and Release Engineer","company":"Netsmart Technologies","city":"Great River","state":"NY","country":"US","formattedLocation":"Great River, NY","source":"Netsmart Technologies","date":"Mon, 13 Mar 2017 19:59:15 GMT","snippet":"Company Overview : Netsmart is healthcare’s largest human services and integrated care technology provider. Netsmart technology platforms and expertise are","url":"http://www.indeed.com/viewjob?jk=ae0b539b1eb8478b&qd=usoBPHMd3vYN69bRu-PQwcxBheEzuNOj46oJk2PU6yPPaaBuvSwk2ub69Dxr0mQTERp4f6wFZAqzeyPK_mKiS6m1Aj3izkOw87NHJgxznYA&indpubnum=3338919744720141&atk=1bb5148hbagoi8tr","onmousedown":"indeed_clk(this,'442');","jobkey":"ae0b539b1eb8478b","sponsored":false,"expired":false,"indeedApply":false,"formattedLocationFull":"Great River, NY","formattedRelativeTime":"3 hours ago","stations":""},{"jobtitle":"Software Engineer (Games Team)","company":"Wargaming Seattle","city":"Redmond","state":"WA","country":"US","formattedLocation":"Redmond, WA","source":"Wargaming Seattle","date":"Mon, 13 Mar 2017 07:02:11 GMT","snippet":"Nestled in the trees of Redmond, Washington and staffed by a diverse group of industry veterans, newcomers, gamers, misfits and savants, Wargaming Seattle is","url":"http://www.indeed.com/viewjob?jk=38be6d25f0e96c15&qd=usoBPHMd3vYN69bRu-PQwcxBheEzuNOj46oJk2PU6yPPaaBuvSwk2ub69Dxr0mQTERp4f6wFZAqzeyPK_mKiS6m1Aj3izkOw87NHJgxznYA&indpubnum=3338919744720141&atk=1bb5148hbagoi8tr","onmousedown":"indeed_clk(this,'442');","jobkey":"38be6d25f0e96c15","sponsored":false,"expired":false,"indeedApply":false,"formattedLocationFull":"Redmond, WA","formattedRelativeTime":"16 hours ago","stations":""},{"jobtitle":"Software Engineer","company":"Keste","city":"Plano","state":"TX","country":"US","formattedLocation":"Plano, TX","source":"keste","date":"Mon, 13 Mar 2017 06:04:15 GMT","snippet":"5 years of progressive post-baccalaureate experience in overall web-based and/or portal development to include 2 years in development &amp; administration using...","url":"http://www.indeed.com/viewjob?jk=5e4efb3b2440fe9a&qd=usoBPHMd3vYN69bRu-PQwcxBheEzuNOj46oJk2PU6yPPaaBuvSwk2ub69Dxr0mQTERp4f6wFZAqzeyPK_mKiS6m1Aj3izkOw87NHJgxznYA&indpubnum=3338919744720141&atk=1bb5148hbagoi8tr","onmousedown":"indeed_clk(this,'442');","jobkey":"5e4efb3b2440fe9a","sponsored":false,"expired":false,"indeedApply":false,"formattedLocationFull":"Plano, TX 75093","formattedRelativeTime":"17 hours ago","stations":""},{"jobtitle":"Test Engineer II","company":"Vencore","city":"Laurel","state":"MD","country":"US","formattedLocation":"Laurel, MD","source":"Vencore","date":"Mon, 13 Mar 2017 06:37:05 GMT","snippet":"Two (2) years of experience developing or testing software written in object-oriented and scripted languages (e.g., <b>Java</b> Script, C++, Perl, Python, Ruby)....","url":"http://www.indeed.com/viewjob?jk=57c3c718eca74e57&qd=usoBPHMd3vYN69bRu-PQwcxBheEzuNOj46oJk2PU6yPPaaBuvSwk2ub69Dxr0mQTERp4f6wFZAqzeyPK_mKiS6m1Aj3izkOw87NHJgxznYA&indpubnum=3338919744720141&atk=1bb5148hbagoi8tr","onmousedown":"indeed_clk(this,'442');","jobkey":"57c3c718eca74e57","sponsored":false,"expired":false,"indeedApply":false,"formattedLocationFull":"Laurel, MD","formattedRelativeTime":"17 hours ago","stations":""},{"jobtitle":"PHP & Java Interns (Paid)","company":"Internet Brands","city":"Los Angeles","state":"CA","country":"US","formattedLocation":"Los Angeles, CA","source":"Internet Brands","date":"Mon, 13 Mar 2017 06:34:46 GMT","snippet":"Is currently seeking PHP and <b>Java</b> Interns to join our Web development team. Our PHP and <b>Java</b> Interns work directly with development teams on consumer facing...","url":"http://www.indeed.com/viewjob?jk=e71005805f215880&qd=usoBPHMd3vYN69bRu-PQwcxBheEzuNOj46oJk2PU6yPPaaBuvSwk2ub69Dxr0mQTERp4f6wFZAqzeyPK_mKiS6m1Aj3izkOw87NHJgxznYA&indpubnum=3338919744720141&atk=1bb5148hbagoi8tr","onmousedown":"indeed_clk(this,'442');","jobkey":"e71005805f215880","sponsored":false,"expired":false,"indeedApply":false,"formattedLocationFull":"Los Angeles, CA","formattedRelativeTime":"17 hours ago","stations":""},{"jobtitle":"Quality Engineer, Automation - Adobe Stock","company":"Adobe","city":"San Francisco","state":"CA","country":"US","formattedLocation":"San Francisco, CA","source":"Adobe","date":"Mon, 13 Mar 2017 06:45:12 GMT","snippet":"Ability to understand and write code in <b>Java</b>, Javascript, or other scripting languages. Adobe Stock is seeking a highly motivated Software Quality Engineer who...","url":"http://www.indeed.com/viewjob?jk=b9e7a29f482ba25d&qd=usoBPHMd3vYN69bRu-PQwcxBheEzuNOj46oJk2PU6yPPaaBuvSwk2ub69Dxr0mQTERp4f6wFZAqzeyPK_mKiS6m1Aj3izkOw87NHJgxznYA&indpubnum=3338919744720141&atk=1bb5148hbagoi8tr","onmousedown":"indeed_clk(this,'442');","jobkey":"b9e7a29f482ba25d","sponsored":false,"expired":false,"indeedApply":false,"formattedLocationFull":"San Francisco, CA","formattedRelativeTime":"17 hours ago","stations":""},{"jobtitle":"Intern, Cloud Solution Packages","company":"SAP","city":"Palo Alto","state":"CA","country":"US","formattedLocation":"Palo Alto, CA","source":"SAP","date":"Mon, 13 Mar 2017 05:19:17 GMT","snippet":"Knowledge of <b>Java</b> or JavaScript. As market leader in enterprise application software, SAP helps companies of all sizes and industries innovate through...","url":"http://www.indeed.com/viewjob?jk=f30e7772b4772b2d&qd=usoBPHMd3vYN69bRu-PQwcxBheEzuNOj46oJk2PU6yPPaaBuvSwk2ub69Dxr0mQTERp4f6wFZAqzeyPK_mKiS6m1Aj3izkOw87NHJgxznYA&indpubnum=3338919744720141&atk=1bb5148hbagoi8tr","onmousedown":"indeed_clk(this,'442');","jobkey":"f30e7772b4772b2d","sponsored":false,"expired":false,"indeedApply":false,"formattedLocationFull":"Palo Alto, CA","formattedRelativeTime":"18 hours ago","stations":""},{"jobtitle":"Dev Ops Engineer II","company":"Sears Holdings Management Corporation","city":"Seattle","state":"WA","country":"US","formattedLocation":"Seattle, WA","source":"Sears Holdings Corp.","date":"Mon, 13 Mar 2017 04:52:45 GMT","snippet":"Strong skills with <b>Java</b>, Ruby, or python. Wally Labs is a product-centric, hardware and software startup within Sears....","url":"http://www.indeed.com/viewjob?jk=873e67a452f790a7&qd=usoBPHMd3vYN69bRu-PQwcxBheEzuNOj46oJk2PU6yPPaaBuvSwk2ub69Dxr0mQTERp4f6wFZAqzeyPK_mKiS6m1Aj3izkOw87NHJgxznYA&indpubnum=3338919744720141&atk=1bb5148hbagoi8tr","onmousedown":"indeed_clk(this,'442');","jobkey":"873e67a452f790a7","sponsored":false,"expired":false,"indeedApply":false,"formattedLocationFull":"Seattle, WA 98105","formattedRelativeTime":"18 hours ago","stations":""}]}