{"version":2,"query":"java","location":"","paginationPayload":"","dupefilter":true,"highlight":true,"totalResults":1192,"start":801,"end":825,"pageNumber":32,"results":[{"jobtitle":"Sales Force Developer","company":"SilverXis, Inc.","city":"Irving","state":"TX","country":"US","formattedLocation":"Irving, TX","source":"SilverXis","date":"Mon, 13 Mar 2017 06:04:45 GMT","snippet":"Use Visualforce, Apex, <b>Java</b>, JavaScript, and other technologies to build customized solutions that support critical business functions....","url":"http://www.indeed.com/viewjob?jk=9b4eeeb4285871ca&qd=usoBPHMd3vYN69bRu-PQwcxBheEzuNOj46oJk2PU6yPPaaBuvSwk2ub69Dxr0mQTERp4f6wFZAqzeyPK_mKiS6m1Aj3izkOw87NHJgxznYA&indpubnum=3338919744720141&atk=1bb5148aj182r01p","onmousedown":"indeed_clk(this,'226');","jobkey":"9b4eeeb4285871ca","sponsored":false,"expired":false,"indeedApply":true,"formattedLocationFull":"Irving, TX 75063","formattedRelativeTime":"17 hours ago","stations":""},{"jobtitle":"Network Research Engineer Grad Intern","company":"Mitre Corporation","city":"McLean","state":"VA","country":"US","formattedLocation":"McLean, VA","source":"Mitre Corporation","date":"Mon, 13 Mar 2017 16:48:37 GMT","snippet":"Proficiency with C, C++, <b>Java</b>, Python, and/or Perl. Develop and program prototypes in C/C++, <b>Java</b>, or Python....","url":"http://www.indeed.com/viewjob?jk=a9a76d0543598e33&qd=usoBPHMd3vYN69bRu-PQwcxBheEzuNOj46oJk2PU6yPPaaBuvSwk2ub69Dxr0mQTERp4f6wFZAqzeyPK_mKiS6m1Aj3izkOw87NHJgxznYA&indpubnum=3338919744720141&atk=1bb5148aj182r01p","onmousedown":"indeed_clk(this,'226');","jobkey":"a9a76d0543598e33","sponsored":false,"expired":false,"indeedApply":false,"formattedLocationFull":"McLean, VA","formattedRelativeTime":"6 hours ago","stations":""},{"jobtitle":"CTO Mobile Ad Network","company":"Motive Interactive","city":"San Diego","state":"CA","country":"US","formattedLocation":"San Diego, CA","source":"Motive Interactive","date":"Sun, 12 Mar 2017 08:13:10 GMT","snippet":"Familiarity with mobile application development languages (Objective-C, <b>Java</b>) and mobile development frameworks (Phonegap)....","url":"http://www.indeed.com/viewjob?jk=3dd38ac90f57941d&qd=usoBPHMd3vYN69bRu-PQwcxBheEzuNOj46oJk2PU6yPPaaBuvSwk2ub69Dxr0mQTERp4f6wFZAqzeyPK_mKiS6m1Aj3izkOw87NHJgxznYA&indpubnum=3338919744720141&atk=1bb5148aj182r01p","onmousedown":"indeed_clk(this,'226');","jobkey":"3dd38ac90f57941d","sponsored":false,"expired":false,"indeedApply":true,"formattedLocationFull":"San Diego, CA 92121","formattedRelativeTime":"1 day ago","stations":""},{"jobtitle":"Senior .NET Engineer","company":"ChaiONE.","city":"Houston","state":"TX","country":"US","formattedLocation":"Houston, TX","source":"ChaiONE.","date":"Mon, 13 Mar 2017 07:04:32 GMT","snippet":"Excellent knowledge and experience with both object-oriented and service oriented programming paradigms (including C++ and/or <b>Java</b>)....","url":"http://www.indeed.com/viewjob?jk=525b64ad728b6426&qd=usoBPHMd3vYN69bRu-PQwcxBheEzuNOj46oJk2PU6yPPaaBuvSwk2ub69Dxr0mQTERp4f6wFZAqzeyPK_mKiS6m1Aj3izkOw87NHJgxznYA&indpubnum=3338919744720141&atk=1bb5148aj182r01p","onmousedown":"indeed_clk(this,'226');","jobkey":"525b64ad728b6426","sponsored":false,"expired":false,"indeedApply":false,"formattedLocationFull":"Houston, TX","formattedRelativeTime":"16 hours ago","stations":""},{"jobtitle":"Senior Database Engineer - Amazon Web Services - RDS Database Engines","company":"Amazon Corporate LLC","city":"Cambridge","state":"MA","country":"US","formattedLocation":"Cambridge, MA","source":"Amazon.com","date":"Mon, 13 Mar 2017 06:04:15 GMT","snippet":"The PostgreSQL-compatible edition of Amazon Aurora is helping customers have enterprise performance, availability and durability, along with compatibility with...","url":"http://www.indeed.com/viewjob?jk=49c709c71ec49dd0&qd=usoBPHMd3vYN69bRu-PQwcxBheEzuNOj46oJk2PU6yPPaaBuvSwk2ub69Dxr0mQTERp4f6wFZAqzeyPK_mKiS6m1Aj3izkOw87NHJgxznYA&indpubnum=3338919744720141&atk=1bb5148aj182r01p","onmousedown":"indeed_clk(this,'226');","jobkey":"49c709c71ec49dd0","sponsored":false,"expired":false,"indeedApply":false,"formattedLocationFull":"Cambridge, MA","formattedRelativeTime":"17 hours ago","stations":""},{"jobtitle":"Senior Database Engineer - AWS RDS Database Engines, Palo Alto","company":"Amazon Web Services, Inc.","city":"Palo Alto","state":"CA","country":"US","formattedLocation":"Palo Alto, CA","source":"Amazon.com","date":"Mon, 13 Mar 2017 06:04:16 GMT","snippet":"The PostgreSQL-compatible edition of Amazon Aurora is helping customers have enterprise performance, availability and durability, along with compatibility with...","url":"http://www.indeed.com/viewjob?jk=64e01ad754089f8e&qd=usoBPHMd3vYN69bRu-PQwcxBheEzuNOj46oJk2PU6yPPaaBuvSwk2ub69Dxr0mQTERp4f6wFZAqzeyPK_mKiS6m1Aj3izkOw87NHJgxznYA&indpubnum=3338919744720141&atk=1bb5148aj182r01p","onmousedown":"indeed_clk(this,'226');","jobkey":"64e01ad754089f8e","sponsored":false,"expired":false,"indeedApply":false,"formattedLocationFull":"Palo Alto, CA","formattedRelativeTime":"17 hours ago","stations":""},{"jobtitle":"Senior Operations Application Engineer","company":"MicroPact","city":"","state":"","country":"US","formattedLocation":"United States","source":"MicroPact","date":"Mon, 13 Mar 2017 23:25:53 GMT","snippet":"Experience programming in SQL, <b>Java</b>, JavaScript. Maintain advanced knowledge of <b>Java</b>, JavaScript, SQL, iReport and the entellitrak architecture....","url":"http://www.indeed.com/viewjob?jk=59cfb55a0b465e05&qd=usoBPHMd3vYN69bRu-PQwcxBheEzuNOj46oJk2PU6yPPaaBuvSwk2ub69Dxr0mQTERp4f6wFZAqzeyPK_mKiS6m1Aj3izkOw87NHJgxznYA&indpubnum=3338919744720141&atk=1bb5148aj182r01p","onmousedown":"indeed_clk(this,'226');","jobkey":"59cfb55a0b465e05","sponsored":false,"expired":false,"indeedApply":false,"formattedLocationFull":"United States","formattedRelativeTime":"21 minutes ago","stations":""},{"jobtitle":"Senior Development Specialist (Python/Django)","company":"Inland Imaging","city":"Spokane","state":"WA","country":"US","formattedLocation":"Spokane, WA","source":"Inland Imaging","date":"Mon, 13 Mar 2017 23:23:43 GMT","snippet":"Net, Asp.Net MVC, MS Sourcesafe, VB Script, <b>Java</b> Script, Microsoft SQL Server, XML, TCP-IP, XSL and Active Directory....","url":"http://www.indeed.com/viewjob?jk=512703674f6f7d9c&qd=usoBPHMd3vYN69bRu-PQwcxBheEzuNOj46oJk2PU6yPPaaBuvSwk2ub69Dxr0mQTERp4f6wFZAqzeyPK_mKiS6m1Aj3izkOw87NHJgxznYA&indpubnum=3338919744720141&atk=1bb5148aj182r01p","onmousedown":"indeed_clk(this,'226');","jobkey":"512703674f6f7d9c","sponsored":false,"expired":false,"indeedApply":false,"formattedLocationFull":"Spokane, WA 99202","formattedRelativeTime":"24 minutes ago","stations":""},{"jobtitle":"Application Architect, Senior Associate","company":"PricewaterhouseCoopers LLC","city":"San Jose","state":"CA","country":"US","formattedLocation":"San Jose, CA","source":"PricewaterhouseCoopers LLC","date":"Mon, 13 Mar 2017 10:19:51 GMT","snippet":"Proven extensive skills in <b>Java</b>, J2EE, Mobility Technologies, ASP, .NET, C Sharp, WS*, MQ, Adapter framework, Database building and Management:....","url":"http://www.indeed.com/viewjob?jk=b0fb52856e943c77&qd=usoBPHMd3vYN69bRu-PQwcxBheEzuNOj46oJk2PU6yPPaaBuvSwk2ub69Dxr0mQTERp4f6wFZAqzeyPK_mKiS6m1Aj3izkOw87NHJgxznYA&indpubnum=3338919744720141&atk=1bb5148aj182r01p","onmousedown":"indeed_clk(this,'226');","jobkey":"b0fb52856e943c77","sponsored":false,"expired":false,"indeedApply":false,"formattedLocationFull":"San Jose, CA","formattedRelativeTime":"13 hours ago","stations":""},{"jobtitle":"Mediabrands Insights - Analyst, Analytics","company":"IPG Mediabrands","city":"New York","state":"NY","country":"US","formattedLocation":"New York, NY","source":"IPG Mediabrands","date":"Mon, 13 Mar 2017 18:35:08 GMT","snippet":"<b>JAVA</b>, Python, R or JavaScript preferred. We are looking for you - dynamic, best-in-class talent - to join the Mediabrands Insights team as an Analyst, Analytics...","url":"http://www.indeed.com/viewjob?jk=993fd453b5e29c7e&qd=usoBPHMd3vYN69bRu-PQwcxBheEzuNOj46oJk2PU6yPPaaBuvSwk2ub69Dxr0mQTERp4f6wFZAqzeyPK_mKiS6m1Aj3izkOw87NHJgxznYA&indpubnum=3338919744720141&atk=1bb5148aj182r01p","onmousedown":"indeed_clk(this,'226');","jobkey":"993fd453b5e29c7e","sponsored":false,"expired":false,"indeedApply":false,"formattedLocationFull":"New York, NY","formattedRelativeTime":"5 hours ago","stations":""},{"jobtitle":"Senior Full Stack Engineer","company":"Capital One","city":"McLean","state":"VA","country":"US","formattedLocation":"McLean, VA","source":"Capital One","date":"Sun, 12 Mar 2017 20:29:26 GMT","snippet":"<b>Java</b>, GoLang, Spring, PostgreSQL, NoSQL, Fast Data. McLean 1 (19050), United States of America, McLean, Virginia....","url":"http://www.indeed.com/viewjob?jk=f37171bd88caac2e&qd=usoBPHMd3vYN69bRu-PQwcxBheEzuNOj46oJk2PU6yPPaaBuvSwk2ub69Dxr0mQTERp4f6wFZAqzeyPK_mKiS6m1Aj3izkOw87NHJgxznYA&indpubnum=3338919744720141&atk=1bb5148aj182r01p","onmousedown":"indeed_clk(this,'226');","jobkey":"f37171bd88caac2e","sponsored":false,"expired":false,"indeedApply":false,"formattedLocationFull":"McLean, VA","formattedRelativeTime":"1 day ago","stations":""},{"jobtitle":"Senior Site Reliability Engineer","company":"OpenX","city":"Pasadena","state":"CA","country":"US","formattedLocation":"Pasadena, CA","source":"Openx","date":"Sun, 12 Mar 2017 07:40:49 GMT","snippet":"Capability to program in at least one language (other than Bash), ideally Python or Perl but Ruby, C/C++, <b>Java</b>, or others are okay....","url":"http://www.indeed.com/viewjob?jk=b164b0efa38f84a8&qd=usoBPHMd3vYN69bRu-PQwcxBheEzuNOj46oJk2PU6yPPaaBuvSwk2ub69Dxr0mQTERp4f6wFZAqzeyPK_mKiS6m1Aj3izkOw87NHJgxznYA&indpubnum=3338919744720141&atk=1bb5148aj182r01p","onmousedown":"indeed_clk(this,'226');","jobkey":"b164b0efa38f84a8","sponsored":false,"expired":false,"indeedApply":false,"formattedLocationFull":"Pasadena, CA","formattedRelativeTime":"1 day ago","stations":""},{"jobtitle":"Senior Android Engineer","company":"IMVU","city":"Redwood City","state":"CA","country":"US","formattedLocation":"Redwood City, CA","source":"IMVU","date":"Sun, 12 Mar 2017 08:13:22 GMT","snippet":"Deep programming experience in <b>Java</b> and at least one other language. As a Senior Android Engineer, you will be on the team responsible for helping to bring our...","url":"http://www.indeed.com/viewjob?jk=9edcb61fa675cafc&qd=usoBPHMd3vYN69bRu-PQwcxBheEzuNOj46oJk2PU6yPPaaBuvSwk2ub69Dxr0mQTERp4f6wFZAqzeyPK_mKiS6m1Aj3izkOw87NHJgxznYA&indpubnum=3338919744720141&atk=1bb5148aj182r01p","onmousedown":"indeed_clk(this,'226');","jobkey":"9edcb61fa675cafc","sponsored":false,"expired":false,"indeedApply":true,"formattedLocationFull":"Redwood City, CA","formattedRelativeTime":"1 day ago","stations":""},{"jobtitle":"Qnx hmi embedded developer","company":"C2S Technologies, Inc","city":"Novi","state":"MI","country":"US","formattedLocation":"Novi, MI","source":"Indeed","date":"Mon, 13 Mar 2017 23:24:40 GMT","snippet":"Experience developing and debugging <b>Java</b> software applications (JDK, Eclipse, LEWIT, Kona). Bachelor’s degree in Electrical Engineering, Computer Science or...","url":"http://www.indeed.com/viewjob?jk=151b70ca25f4131c&qd=usoBPHMd3vYN69bRu-PQwcxBheEzuNOj46oJk2PU6yPPaaBuvSwk2ub69Dxr0mQTERp4f6wFZAqzeyPK_mKiS6m1Aj3izkOw87NHJgxznYA&indpubnum=3338919744720141&atk=1bb5148aj182r01p","onmousedown":"indeed_clk(this,'226');","jobkey":"151b70ca25f4131c","sponsored":false,"expired":false,"indeedApply":true,"formattedLocationFull":"Novi, MI","formattedRelativeTime":"23 minutes ago","stations":""},{"jobtitle":"Developer Relations Enterprise Advocate","company":"Neo4j","city":"San Mateo","state":"CA","country":"US","formattedLocation":"San Mateo, CA","source":"Indeed","date":"Mon, 13 Mar 2017 22:43:41 GMT","snippet":"Experience across a existing enterprise development stacks like Spring, <b>Java</b> EE, .Net. As our graph database Neo4j is expanding more and more into enterprise...","url":"http://www.indeed.com/viewjob?jk=c8fe1752828b040f&qd=usoBPHMd3vYN69bRu-PQwcxBheEzuNOj46oJk2PU6yPPaaBuvSwk2ub69Dxr0mQTERp4f6wFZAqzeyPK_mKiS6m1Aj3izkOw87NHJgxznYA&indpubnum=3338919744720141&atk=1bb5148aj182r01p","onmousedown":"indeed_clk(this,'226');","jobkey":"c8fe1752828b040f","sponsored":false,"expired":false,"indeedApply":true,"formattedLocationFull":"San Mateo, CA","formattedRelativeTime":"1 hour ago","stations":""},{"jobtitle":"Sr. Curam Rules App. Developer","company":"DataNet Systems Corporation","city":"Washington","state":"DC","country":"US","formattedLocation":"Washington, DC","source":"Indeed","date":"Mon, 13 Mar 2017 21:01:16 GMT","snippet":"<b>Java</b>, J2SE, J2EE, XML, and XSL.Required 5Years. Analyze business/technical requirements to define the scope of <b>Java</b> development initiatives and integration...","url":"http://www.indeed.com/viewjob?jk=75927596437c1310&qd=usoBPHMd3vYN69bRu-PQwcxBheEzuNOj46oJk2PU6yPPaaBuvSwk2ub69Dxr0mQTERp4f6wFZAqzeyPK_mKiS6m1Aj3izkOw87NHJgxznYA&indpubnum=3338919744720141&atk=1bb5148aj182r01p","onmousedown":"indeed_clk(this,'226');","jobkey":"75927596437c1310","sponsored":false,"expired":false,"indeedApply":true,"formattedLocationFull":"Washington, DC","formattedRelativeTime":"2 hours ago","stations":""},{"jobtitle":"Sr. Java Consultant (Pay is $80-$90hr)","company":"M9 Solutions","city":"New York","state":"NY","country":"US","formattedLocation":"New York, NY","source":"Indeed","date":"Mon, 13 Mar 2017 22:24:50 GMT","snippet":"Back-End <b>Java</b> Developers for Client. Our client needs 2-3 strong <b>Java</b> developers.*. M9 Solutions is seeking a <b>Java</b> consultant for an engagement on one of our...","url":"http://www.indeed.com/viewjob?jk=abf495782555af64&qd=usoBPHMd3vYN69bRu-PQwcxBheEzuNOj46oJk2PU6yPPaaBuvSwk2ub69Dxr0mQTERp4f6wFZAqzeyPK_mKiS6m1Aj3izkOw87NHJgxznYA&indpubnum=3338919744720141&atk=1bb5148aj182r01p","onmousedown":"indeed_clk(this,'226');","jobkey":"abf495782555af64","sponsored":false,"expired":false,"indeedApply":true,"formattedLocationFull":"New York, NY","formattedRelativeTime":"1 hour ago","stations":""},{"jobtitle":"OFM Developer","company":"Hmg America LLC","city":"Carlsbad","state":"CA","country":"US","formattedLocation":"Carlsbad, CA","source":"Indeed","date":"Mon, 13 Mar 2017 20:13:10 GMT","snippet":"Oracle ADT, Oracle Web centre, Core <b>Java</b>. OFM - stack of tech - Oracle SOA, Oracle OSB, Oracle B2B....","url":"http://www.indeed.com/viewjob?jk=6f8e76285b227cd0&qd=usoBPHMd3vYN69bRu-PQwcxBheEzuNOj46oJk2PU6yPPaaBuvSwk2ub69Dxr0mQTERp4f6wFZAqzeyPK_mKiS6m1Aj3izkOw87NHJgxznYA&indpubnum=3338919744720141&atk=1bb5148aj182r01p","onmousedown":"indeed_clk(this,'226');","jobkey":"6f8e76285b227cd0","sponsored":false,"expired":false,"indeedApply":true,"formattedLocationFull":"Carlsbad, CA","formattedRelativeTime":"3 hours ago","stations":""},{"jobtitle":"Mulesoft Developer","company":"Convex Connections Corporation","city":"San Francisco Bay Area","state":"CA","country":"US","formattedLocation":"San Francisco Bay Area, CA","source":"Indeed","date":"Mon, 13 Mar 2017 19:03:16 GMT","snippet":"2+ years of hands on experienced in <b>Java</b>, J2EE, JMS, EJB, Design Patterns, Web services and building integration projects....","url":"http://www.indeed.com/viewjob?jk=d7da624353fe72a4&qd=usoBPHMd3vYN69bRu-PQwcxBheEzuNOj46oJk2PU6yPPaaBuvSwk2ub69Dxr0mQTERp4f6wFZAqzeyPK_mKiS6m1Aj3izkOw87NHJgxznYA&indpubnum=3338919744720141&atk=1bb5148aj182r01p","onmousedown":"indeed_clk(this,'226');","jobkey":"d7da624353fe72a4","sponsored":false,"expired":false,"indeedApply":true,"formattedLocationFull":"San Francisco Bay Area, CA","formattedRelativeTime":"4 hours ago","stations":""},{"jobtitle":"XML Developer/Engineer","company":"District Photo, Inc.","city":"Beltsville","state":"MD","country":"US","formattedLocation":"Beltsville, MD","source":"Indeed","date":"Mon, 13 Mar 2017 18:38:10 GMT","snippet":"XML, XSD, <b>Java</b>, Windows Office Suite. District Photo, Inc., a leader in the digital printing industry, is seeking an XML Developer/Engineer who will extend and...","url":"http://www.indeed.com/viewjob?jk=acef28fa604bb8f7&qd=usoBPHMd3vYN69bRu-PQwcxBheEzuNOj46oJk2PU6yPPaaBuvSwk2ub69Dxr0mQTERp4f6wFZAqzeyPK_mKiS6m1Aj3izkOw87NHJgxznYA&indpubnum=3338919744720141&atk=1bb5148aj182r01p","onmousedown":"indeed_clk(this,'226');","jobkey":"acef28fa604bb8f7","sponsored":false,"expired":false,"indeedApply":true,"formattedLocationFull":"Beltsville, MD 20705","formattedRelativeTime":"5 hours ago","stations":""},{"jobtitle":"Senior Cúram Developer","company":"Annexa Inc.","city":"Washington","state":"DC","country":"US","formattedLocation":"Washington, DC","source":"Annexa Inc.","date":"Mon, 13 Mar 2017 18:24:57 GMT","snippet":"<b>Java</b>, J2SE, J2EE, XML, and XSL. Analyze business/technical requirements to define the scope of <b>Java</b> development initiatives and integration practices....","url":"http://www.indeed.com/viewjob?jk=e997a620b3a9c493&qd=usoBPHMd3vYN69bRu-PQwcxBheEzuNOj46oJk2PU6yPPaaBuvSwk2ub69Dxr0mQTERp4f6wFZAqzeyPK_mKiS6m1Aj3izkOw87NHJgxznYA&indpubnum=3338919744720141&atk=1bb5148aj182r01p","onmousedown":"indeed_clk(this,'226');","jobkey":"e997a620b3a9c493","sponsored":false,"expired":false,"indeedApply":true,"formattedLocationFull":"Washington, DC 20009","formattedRelativeTime":"5 hours ago","stations":""},{"jobtitle":"Analyst/Developer","company":"Diversified Services Network","city":"Peoria","state":"IL","country":"US","formattedLocation":"Peoria, IL","source":"Indeed","date":"Mon, 13 Mar 2017 17:44:28 GMT","snippet":"<b>Java</b>, <b>Java</b> Script, JSP, html and html-ui design, SQL Web and REST services, STRUTS, Spring and Hibernate. Diversified Services Network, Inc....","url":"http://www.indeed.com/viewjob?jk=2950d28eb587be9d&qd=usoBPHMd3vYN69bRu-PQwcxBheEzuNOj46oJk2PU6yPPaaBuvSwk2ub69Dxr0mQTERp4f6wFZAqzeyPK_mKiS6m1Aj3izkOw87NHJgxznYA&indpubnum=3338919744720141&atk=1bb5148aj182r01p","onmousedown":"indeed_clk(this,'226');","jobkey":"2950d28eb587be9d","sponsored":false,"expired":false,"indeedApply":true,"formattedLocationFull":"Peoria, IL 61614","formattedRelativeTime":"6 hours ago","stations":""},{"jobtitle":"Senior Rails Backend Developer - FHM","company":"RIIS","city":"","state":"","country":"US","formattedLocation":"United States","source":"RIIS","date":"Mon, 13 Mar 2017 16:11:25 GMT","snippet":"Advanced knowledge of multiple programming languages and frameworks, e.g. Ruby, Javascript, <b>Java</b>, Ruby on Rails, HTML, CSS. Direct Hire Only....","url":"http://www.indeed.com/viewjob?jk=e5de2ee75005cfc0&qd=usoBPHMd3vYN69bRu-PQwcxBheEzuNOj46oJk2PU6yPPaaBuvSwk2ub69Dxr0mQTERp4f6wFZAqzeyPK_mKiS6m1Aj3izkOw87NHJgxznYA&indpubnum=3338919744720141&atk=1bb5148aj182r01p","onmousedown":"indeed_clk(this,'226');","jobkey":"e5de2ee75005cfc0","sponsored":false,"expired":false,"indeedApply":true,"formattedLocationFull":"United States","formattedRelativeTime":"7 hours ago","stations":""},{"jobtitle":"Sr Seibel Developer with Admin experience","company":"ron@technogeninc.com","city":"Reston","state":"VA","country":"US","formattedLocation":"Reston, VA","source":"Indeed","date":"Mon, 13 Mar 2017 14:58:39 GMT","snippet":"Development (Siebel Configuration, Siebel Inbound and Outbound Web services and MS SQL Server DB Scripts development for integration with legacy applications),...","url":"http://www.indeed.com/viewjob?jk=40ad8286e7848c96&qd=usoBPHMd3vYN69bRu-PQwcxBheEzuNOj46oJk2PU6yPPaaBuvSwk2ub69Dxr0mQTERp4f6wFZAqzeyPK_mKiS6m1Aj3izkOw87NHJgxznYA&indpubnum=3338919744720141&atk=1bb5148aj182r01p","onmousedown":"indeed_clk(this,'226');","jobkey":"40ad8286e7848c96","sponsored":false,"expired":false,"indeedApply":true,"formattedLocationFull":"Reston, VA","formattedRelativeTime":"8 hours ago","stations":""},{"jobtitle":"Sr.Ruby on Rails Developer","company":"Terranova Consulting","city":"Irving","state":"TX","country":"US","formattedLocation":"Irving, TX","source":"Indeed","date":"Mon, 13 Mar 2017 13:04:46 GMT","snippet":"This organization will work in an agile format alongside business analysts, enterprise architects, and solution managers. Terranova is seeking a *Sr*....","url":"http://www.indeed.com/viewjob?jk=fac7ce082b86c8e4&qd=usoBPHMd3vYN69bRu-PQwcxBheEzuNOj46oJk2PU6yPPaaBuvSwk2ub69Dxr0mQTERp4f6wFZAqzeyPK_mKiS6m1Aj3izkOw87NHJgxznYA&indpubnum=3338919744720141&atk=1bb5148aj182r01p","onmousedown":"indeed_clk(this,'226');","jobkey":"fac7ce082b86c8e4","sponsored":false,"expired":false,"indeedApply":true,"formattedLocationFull":"Irving, TX","formattedRelativeTime":"10 hours ago","stations":""}]}