{"version":2,"query":"java","location":"","paginationPayload":"","dupefilter":true,"highlight":true,"totalResults":1192,"start":126,"end":150,"pageNumber":5,"results":[{"jobtitle":"Junior Software Developer","company":"TMC Technologies of West Virginia Corp.","city":"Washington","state":"DC","country":"US","formattedLocation":"Washington, DC","source":"TMC Technologies of West Virginia Corp.","date":"Mon, 13 Mar 2017 20:48:25 GMT","snippet":"<b>Java</b> Platform Enterprise Edition (JEE). To perform O&amp;M responsibilities, the contractor shall possess experience with MicroStrategy, <b>Java</b>, JBOSS, and Database...","url":"http://www.indeed.com/viewjob?jk=58005853924a0b6e&qd=usoBPHMd3vYN69bRu-PQwcxBheEzuNOj46oJk2PU6yPPaaBuvSwk2ub69Dxr0mQTERp4f6wFZAqzeyPK_mKiS6m1Aj3izkOw87NHJgxznYA&indpubnum=3338919744720141&atk=1bb51483taeshcnq","onmousedown":"indeed_clk(this,'12');","jobkey":"58005853924a0b6e","sponsored":false,"expired":false,"indeedApply":false,"formattedLocationFull":"Washington, DC","formattedRelativeTime":"2 hours ago","stations":""},{"jobtitle":"Lead Solr / Fusion / Java Developer","company":"RAYMOND JAMES FINANCIAL","city":"Saint Petersburg","state":"FL","country":"US","formattedLocation":"Saint Petersburg, FL","source":"Raymond James","date":"Sun, 12 Mar 2017 06:09:38 GMT","snippet":"Understanding and knowledge of <b>Java</b> plugin with SOLR. <b>Java</b>, JavaScript, JQuery, JSON, Rest API Services experience preferred....","url":"http://www.indeed.com/viewjob?jk=22d10ab5cdcbe3f3&qd=usoBPHMd3vYN69bRu-PQwcxBheEzuNOj46oJk2PU6yPPaaBuvSwk2ub69Dxr0mQTERp4f6wFZAqzeyPK_mKiS6m1Aj3izkOw87NHJgxznYA&indpubnum=3338919744720141&atk=1bb51483taeshcnq","onmousedown":"indeed_clk(this,'12');","jobkey":"22d10ab5cdcbe3f3","sponsored":false,"expired":false,"indeedApply":false,"formattedLocationFull":"Saint Petersburg, FL","formattedRelativeTime":"1 day ago","stations":""},{"jobtitle":"Java Server Side Developer","company":"Pamten","city":"Salt Lake City","state":"UT","country":"US","formattedLocation":"Salt Lake City, UT","source":"pamten","date":"Mon, 13 Mar 2017 21:53:37 GMT","snippet":"<b>Java</b> Server Side Developer. <b>Java</b> with asynchronous event based, multithreading &amp; concurrency Programming. Our client is looking for good resource for the below...","url":"http://www.indeed.com/viewjob?jk=7c5eb5fb40f49317&qd=usoBPHMd3vYN69bRu-PQwcxBheEzuNOj46oJk2PU6yPPaaBuvSwk2ub69Dxr0mQTERp4f6wFZAqzeyPK_mKiS6m1Aj3izkOw87NHJgxznYA&indpubnum=3338919744720141&atk=1bb51483taeshcnq","onmousedown":"indeed_clk(this,'12');","jobkey":"7c5eb5fb40f49317","sponsored":false,"expired":false,"indeedApply":false,"formattedLocationFull":"Salt Lake City, UT","formattedRelativeTime":"1 hour ago","stations":""},{"jobtitle":"Software Engineer","company":"EagleView","city":"Rochester","state":"NY","country":"US","formattedLocation":"Rochester, NY","source":"Indeed","date":"Mon, 13 Mar 2017 22:12:10 GMT","snippet":"Exceptional Object Oriented programming skills required (C++, C# or <b>Java</b>). With locations in Bothell, WA and Rochester, NY, *EagleView*....","url":"http://www.indeed.com/viewjob?jk=b8e656421977d39f&qd=usoBPHMd3vYN69bRu-PQwcxBheEzuNOj46oJk2PU6yPPaaBuvSwk2ub69Dxr0mQTERp4f6wFZAqzeyPK_mKiS6m1Aj3izkOw87NHJgxznYA&indpubnum=3338919744720141&atk=1bb51483taeshcnq","onmousedown":"indeed_clk(this,'12');","jobkey":"b8e656421977d39f","sponsored":false,"expired":false,"indeedApply":true,"formattedLocationFull":"Rochester, NY","formattedRelativeTime":"1 hour ago","stations":""},{"jobtitle":"Software Engineer II (3774130)","company":"Quest Diagnostics","city":"San Juan Capistrano","state":"CA","country":"US","formattedLocation":"San Juan Capistrano, CA","source":"Indeed","date":"Mon, 13 Mar 2017 20:03:26 GMT","snippet":"Develop key product features and complex software solutions within existing large-scale enterprise applications and new strategic initiatives using preferred...","url":"http://www.indeed.com/viewjob?jk=b1da5966a200a72a&qd=usoBPHMd3vYN69bRu-PQwcxBheEzuNOj46oJk2PU6yPPaaBuvSwk2ub69Dxr0mQTERp4f6wFZAqzeyPK_mKiS6m1Aj3izkOw87NHJgxznYA&indpubnum=3338919744720141&atk=1bb51483taeshcnq","onmousedown":"indeed_clk(this,'12');","jobkey":"b1da5966a200a72a","sponsored":false,"expired":false,"indeedApply":true,"formattedLocationFull":"San Juan Capistrano, CA 92675","formattedRelativeTime":"3 hours ago","stations":""},{"jobtitle":"Software Engineer for Android (C/C++/Java)","company":"Gigavation","city":"Lincoln","state":"MA","country":"US","formattedLocation":"Lincoln, MA","source":"Indeed","date":"Mon, 13 Mar 2017 19:28:46 GMT","snippet":"Enterprise software development. We are a Cyber security company specializing in securing endpoint computers with a combined hardware/software product....","url":"http://www.indeed.com/viewjob?jk=5d4e7bec3e65e3f6&qd=usoBPHMd3vYN69bRu-PQwcxBheEzuNOj46oJk2PU6yPPaaBuvSwk2ub69Dxr0mQTERp4f6wFZAqzeyPK_mKiS6m1Aj3izkOw87NHJgxznYA&indpubnum=3338919744720141&atk=1bb51483taeshcnq","onmousedown":"indeed_clk(this,'12');","jobkey":"5d4e7bec3e65e3f6","sponsored":false,"expired":false,"indeedApply":true,"formattedLocationFull":"Lincoln, MA","formattedRelativeTime":"4 hours ago","stations":""},{"jobtitle":"Software Engineer","company":"Savance LLC","city":"Commerce","state":"MI","country":"US","formattedLocation":"Commerce, MI","source":"Indeed","date":"Mon, 13 Mar 2017 19:15:25 GMT","snippet":"The Software Engineer will be responsible for analyzing and programming custom solutions for EIOBoard and Savance Enterprise software product lines....","url":"http://www.indeed.com/viewjob?jk=e508790144cc1d65&qd=usoBPHMd3vYN69bRu-PQwcxBheEzuNOj46oJk2PU6yPPaaBuvSwk2ub69Dxr0mQTERp4f6wFZAqzeyPK_mKiS6m1Aj3izkOw87NHJgxznYA&indpubnum=3338919744720141&atk=1bb51483taeshcnq","onmousedown":"indeed_clk(this,'12');","jobkey":"e508790144cc1d65","sponsored":false,"expired":false,"indeedApply":true,"formattedLocationFull":"Commerce, MI","formattedRelativeTime":"4 hours ago","stations":""},{"jobtitle":"Java Software Engineer","company":"Pragmatics, Inc.","city":"Austin","state":"TX","country":"US","formattedLocation":"Austin, TX","source":"Indeed","date":"Mon, 13 Mar 2017 16:58:00 GMT","snippet":"Expert level knowledge of <b>Java</b> and related technologies:. As a <b>Java</b> Developer, you will be performing the following responsibilities:....","url":"http://www.indeed.com/viewjob?jk=5a0fa5f32ae85fd6&qd=usoBPHMd3vYN69bRu-PQwcxBheEzuNOj46oJk2PU6yPPaaBuvSwk2ub69Dxr0mQTERp4f6wFZAqzeyPK_mKiS6m1Aj3izkOw87NHJgxznYA&indpubnum=3338919744720141&atk=1bb51483taeshcnq","onmousedown":"indeed_clk(this,'12');","jobkey":"5a0fa5f32ae85fd6","sponsored":false,"expired":false,"indeedApply":true,"formattedLocationFull":"Austin, TX","formattedRelativeTime":"6 hours ago","stations":""},{"jobtitle":"Software Development Manager","company":"Verizon","city":"Irving","state":"TX","country":"US","formattedLocation":"Irving, TX","source":"Verizon","date":"Mon, 13 Mar 2017 15:49:18 GMT","snippet":"Software Operating Systems including Linux, Windows, Solaris, Enterprise <b>Java</b>, Oracle Database, XML, JSON, Web Services Technologies, Content Management system...","url":"http://www.indeed.com/viewjob?jk=2a7f9643b854295b&qd=usoBPHMd3vYN69bRu-PQwcxBheEzuNOj46oJk2PU6yPPaaBuvSwk2ub69Dxr0mQTERp4f6wFZAqzeyPK_mKiS6m1Aj3izkOw87NHJgxznYA&indpubnum=3338919744720141&atk=1bb51483taeshcnq","onmousedown":"indeed_clk(this,'12');","jobkey":"2a7f9643b854295b","sponsored":false,"expired":false,"indeedApply":false,"formattedLocationFull":"Irving, TX 75038","formattedRelativeTime":"7 hours ago","stations":""},{"jobtitle":"Software Development Manager","company":"Verizon","city":"Township of Warren","state":"NJ","country":"US","formattedLocation":"Township of Warren, NJ","source":"Verizon","date":"Mon, 13 Mar 2017 15:49:17 GMT","snippet":"Software Operating Systems including Linux, Windows, Solaris, Enterprise <b>Java</b>, Oracle Database, XML, JSON, Web Services Technologies, Content Management system...","url":"http://www.indeed.com/viewjob?jk=92cf7c7cb2c2d2c5&qd=usoBPHMd3vYN69bRu-PQwcxBheEzuNOj46oJk2PU6yPPaaBuvSwk2ub69Dxr0mQTERp4f6wFZAqzeyPK_mKiS6m1Aj3izkOw87NHJgxznYA&indpubnum=3338919744720141&atk=1bb51483taeshcnq","onmousedown":"indeed_clk(this,'12');","jobkey":"92cf7c7cb2c2d2c5","sponsored":false,"expired":false,"indeedApply":false,"formattedLocationFull":"Township of Warren, NJ 07059","formattedRelativeTime":"7 hours ago","stations":""},{"jobtitle":"Software Development Manager","company":"Verizon","city":"Piscataway","state":"NJ","country":"US","formattedLocation":"Piscataway, NJ","source":"Verizon","date":"Mon, 13 Mar 2017 15:49:16 GMT","snippet":"Software Operating Systems including Linux, Windows, Solaris, Enterprise <b>Java</b>, Oracle Database, XML, JSON, Web Services Technologies, Content Management system...","url":"http://www.indeed.com/viewjob?jk=226ade4aca4af6f4&qd=usoBPHMd3vYN69bRu-PQwcxBheEzuNOj46oJk2PU6yPPaaBuvSwk2ub69Dxr0mQTERp4f6wFZAqzeyPK_mKiS6m1Aj3izkOw87NHJgxznYA&indpubnum=3338919744720141&atk=1bb51483taeshcnq","onmousedown":"indeed_clk(this,'12');","jobkey":"226ade4aca4af6f4","sponsored":false,"expired":false,"indeedApply":false,"formattedLocationFull":"Piscataway, NJ 08854","formattedRelativeTime":"7 hours ago","stations":""},{"jobtitle":"Software Systems Engineer/Java Consultant (USC,GC,GC-EAD)","company":"Softpath System LLC","city":"Township of Warren","state":"NJ","country":"US","formattedLocation":"Township of Warren, NJ","source":"Indeed","date":"Mon, 13 Mar 2017 14:35:43 GMT","snippet":"8+ years experience in SDLC - 8+ years <b>JAVA</b>, J2EE, SOAP, Web Services. 8+ years experience in SDLC - 8+ years <b>JAVA</b>, J2EE, SOAP, Web Services - 6+ years...","url":"http://www.indeed.com/viewjob?jk=c87e958bc5e33fef&qd=usoBPHMd3vYN69bRu-PQwcxBheEzuNOj46oJk2PU6yPPaaBuvSwk2ub69Dxr0mQTERp4f6wFZAqzeyPK_mKiS6m1Aj3izkOw87NHJgxznYA&indpubnum=3338919744720141&atk=1bb51483taeshcnq","onmousedown":"indeed_clk(this,'12');","jobkey":"c87e958bc5e33fef","sponsored":false,"expired":false,"indeedApply":true,"formattedLocationFull":"Township of Warren, NJ 07059","formattedRelativeTime":"9 hours ago","stations":""},{"jobtitle":"IT Healthcare Consultant - Software Engineer - Consultant","company":"Refulgent Technologies Inc.","city":"Columbia","state":"SC","country":"US","formattedLocation":"Columbia, SC","source":"Indeed","date":"Mon, 13 Mar 2017 13:42:05 GMT","snippet":"Deployment and maintenance of <b>Java</b> and Liferay artifacts. Experience on Oracle Enterprise Service Bus, Oracle B2B and Oracle AIA methodologies....","url":"http://www.indeed.com/viewjob?jk=739ea0582fcafa44&qd=usoBPHMd3vYN69bRu-PQwcxBheEzuNOj46oJk2PU6yPPaaBuvSwk2ub69Dxr0mQTERp4f6wFZAqzeyPK_mKiS6m1Aj3izkOw87NHJgxznYA&indpubnum=3338919744720141&atk=1bb51483taeshcnq","onmousedown":"indeed_clk(this,'12');","jobkey":"739ea0582fcafa44","sponsored":false,"expired":false,"indeedApply":true,"formattedLocationFull":"Columbia, SC","formattedRelativeTime":"10 hours ago","stations":""},{"jobtitle":"Java/J2EE Developer","company":"Tech USA","city":"Philadelphia","state":"PA","country":"US","formattedLocation":"Philadelphia, PA","source":"Indeed","date":"Mon, 13 Mar 2017 13:01:02 GMT","snippet":"<b>Java</b>/J2EE Developer with expertise around <b>Java</b>, Javascript, Jquery, Eclipse, Maven and Webservices (REST &amp; SOAPUI). Sr....","url":"http://www.indeed.com/viewjob?jk=35f47bd56046c348&qd=usoBPHMd3vYN69bRu-PQwcxBheEzuNOj46oJk2PU6yPPaaBuvSwk2ub69Dxr0mQTERp4f6wFZAqzeyPK_mKiS6m1Aj3izkOw87NHJgxznYA&indpubnum=3338919744720141&atk=1bb51483taeshcnq","onmousedown":"indeed_clk(this,'12');","jobkey":"35f47bd56046c348","sponsored":false,"expired":false,"indeedApply":true,"formattedLocationFull":"Philadelphia, PA","formattedRelativeTime":"10 hours ago","stations":""},{"jobtitle":"Senior Engineer - .NET Stack","company":"American Express","city":"Phoenix","state":"AZ","country":"US","formattedLocation":"Phoenix, AZ","source":"American Express","date":"Mon, 13 Mar 2017 08:24:10 GMT","snippet":"Experience with <b>Java</b> applications design and development in an Enterprise setting using J2EE, Spring, SQL DBMSs....","url":"http://www.indeed.com/viewjob?jk=8b1be249a6090e01&qd=usoBPHMd3vYN69bRu-PQwcxBheEzuNOj46oJk2PU6yPPaaBuvSwk2ub69Dxr0mQTERp4f6wFZAqzeyPK_mKiS6m1Aj3izkOw87NHJgxznYA&indpubnum=3338919744720141&atk=1bb51483taeshcnq","onmousedown":"indeed_clk(this,'12');","jobkey":"8b1be249a6090e01","sponsored":false,"expired":false,"indeedApply":false,"formattedLocationFull":"Phoenix, AZ","formattedRelativeTime":"15 hours ago","stations":""},{"jobtitle":"Software Engineer, Android","company":"Pinterest","city":"San Francisco","state":"CA","country":"US","formattedLocation":"San Francisco, CA","source":"Pinterest","date":"Sun, 12 Mar 2017 06:49:52 GMT","snippet":"We're looking for a talented Android Engineer to help build an application that transforms how millions of people discover and collect inspiration everyday.","url":"http://www.indeed.com/viewjob?jk=baa5172646d87ab0&qd=usoBPHMd3vYN69bRu-PQwcxBheEzuNOj46oJk2PU6yPPaaBuvSwk2ub69Dxr0mQTERp4f6wFZAqzeyPK_mKiS6m1Aj3izkOw87NHJgxznYA&indpubnum=3338919744720141&atk=1bb51483taeshcnq","onmousedown":"indeed_clk(this,'12');","jobkey":"baa5172646d87ab0","sponsored":false,"expired":false,"indeedApply":true,"formattedLocationFull":"San Francisco, CA 94103","formattedRelativeTime":"1 day ago","stations":""},{"jobtitle":"Quality Assurance/Java Developer","company":"JPMorgan Chase","city":"Columbus","state":"OH","country":"US","formattedLocation":"Columbus, OH","source":"JPMorgan Chase","date":"Mon, 13 Mar 2017 22:34:41 GMT","snippet":"Technical skills in QTP/UFT, Cobol, JCL, CICS, SQL, <b>Java</b>, Oracle Database, Unix, Microsoft Office. The successful candidate will also possess skills necessary...","url":"http://www.indeed.com/viewjob?jk=1c13f51ce841b70e&qd=usoBPHMd3vYN69bRu-PQwcxBheEzuNOj46oJk2PU6yPPaaBuvSwk2ub69Dxr0mQTERp4f6wFZAqzeyPK_mKiS6m1Aj3izkOw87NHJgxznYA&indpubnum=3338919744720141&atk=1bb51483taeshcnq","onmousedown":"indeed_clk(this,'12');","jobkey":"1c13f51ce841b70e","sponsored":false,"expired":false,"indeedApply":false,"formattedLocationFull":"Columbus, OH","formattedRelativeTime":"1 hour ago","stations":""},{"jobtitle":"Software Engineer","company":"Minibar Delivery","city":"New York","state":"NY","country":"US","formattedLocation":"New York, NY","source":"Indeed","date":"Sun, 12 Mar 2017 19:22:02 GMT","snippet":"Minibar Delivery is looking for a talented software engineer to join our team and help us achieve our goal of being the best way to shop for wine, beer and","url":"http://www.indeed.com/viewjob?jk=4824e8b98af839ce&qd=usoBPHMd3vYN69bRu-PQwcxBheEzuNOj46oJk2PU6yPPaaBuvSwk2ub69Dxr0mQTERp4f6wFZAqzeyPK_mKiS6m1Aj3izkOw87NHJgxznYA&indpubnum=3338919744720141&atk=1bb51483taeshcnq","onmousedown":"indeed_clk(this,'12');","jobkey":"4824e8b98af839ce","sponsored":false,"expired":false,"indeedApply":true,"formattedLocationFull":"New York, NY 10012","formattedRelativeTime":"1 day ago","stations":""},{"jobtitle":"Java Developer with Healthcare experience","company":"Kani Soutions, Inc","city":"Albany","state":"NY","country":"US","formattedLocation":"Albany, NY","source":"conrep","date":"Mon, 13 Mar 2017 22:01:05 GMT","snippet":"Test plans to verify logic of new or modified programs using <b>Java</b> and other. Kani Solutions, Inc ....","url":"http://www.indeed.com/viewjob?jk=115c756c008af3cc&qd=usoBPHMd3vYN69bRu-PQwcxBheEzuNOj46oJk2PU6yPPaaBuvSwk2ub69Dxr0mQTERp4f6wFZAqzeyPK_mKiS6m1Aj3izkOw87NHJgxznYA&indpubnum=3338919744720141&atk=1bb51483taeshcnq","onmousedown":"indeed_clk(this,'12');","jobkey":"115c756c008af3cc","sponsored":false,"expired":false,"indeedApply":true,"formattedLocationFull":"Albany, NY 12201","formattedRelativeTime":"1 hour ago","stations":""},{"jobtitle":"Java Developer with AWS Cloud, Java/ Cloud Developer","company":"Excelgens, Inc.","city":"Highland Springs","state":"VA","country":"US","formattedLocation":"Highland Springs, VA","source":"Indeed","date":"Mon, 13 Mar 2017 21:25:16 GMT","snippet":"Only looking for W2 Candidates. 1 men corp will also work, Vendor profiles will not work * Strong Java Development experience. * Must have hands on...","url":"http://www.indeed.com/viewjob?jk=ede9fc4a86e2b835&qd=usoBPHMd3vYN69bRu-PQwcxBheEzuNOj46oJk2PU6yPPaaBuvSwk2ub69Dxr0mQTERp4f6wFZAqzeyPK_mKiS6m1Aj3izkOw87NHJgxznYA&indpubnum=3338919744720141&atk=1bb51483taeshcnq","onmousedown":"indeed_clk(this,'12');","jobkey":"ede9fc4a86e2b835","sponsored":false,"expired":false,"indeedApply":true,"formattedLocationFull":"Highland Springs, VA","formattedRelativeTime":"2 hours ago","stations":""},{"jobtitle":"Senior Java Develpment Engineer","company":"Vega Consulting LLC","city":"Seattle","state":"WA","country":"US","formattedLocation":"Seattle, WA","source":"Indeed","date":"Mon, 13 Mar 2017 17:13:47 GMT","snippet":"Proficient in C#, <b>Java</b>, and Javascript. We're looking for a capable, motivated Software Engineer II to join us in building world class customer focused software...","url":"http://www.indeed.com/viewjob?jk=86061098e9474c51&qd=usoBPHMd3vYN69bRu-PQwcxBheEzuNOj46oJk2PU6yPPaaBuvSwk2ub69Dxr0mQTERp4f6wFZAqzeyPK_mKiS6m1Aj3izkOw87NHJgxznYA&indpubnum=3338919744720141&atk=1bb51483taeshcnq","onmousedown":"indeed_clk(this,'12');","jobkey":"86061098e9474c51","sponsored":false,"expired":false,"indeedApply":true,"formattedLocationFull":"Seattle, WA 98104","formattedRelativeTime":"6 hours ago","stations":""},{"jobtitle":"Senior Core Java Developers","company":"Tier1 IT","city":"Houston","state":"TX","country":"US","formattedLocation":"Houston, TX","source":"Tier1 IT","date":"Mon, 13 Mar 2017 06:32:19 GMT","snippet":"Must have Expert Core <b>Java</b> Skills! In search of Senior Core <b>Java</b> Developers to work on a long term contract/contract to hire opportunity at a very prestigious...","url":"http://www.indeed.com/viewjob?jk=a5ec77b1038ad894&qd=usoBPHMd3vYN69bRu-PQwcxBheEzuNOj46oJk2PU6yPPaaBuvSwk2ub69Dxr0mQTERp4f6wFZAqzeyPK_mKiS6m1Aj3izkOw87NHJgxznYA&indpubnum=3338919744720141&atk=1bb51483taeshcnq","onmousedown":"indeed_clk(this,'12');","jobkey":"a5ec77b1038ad894","sponsored":false,"expired":false,"indeedApply":false,"formattedLocationFull":"Houston, TX","formattedRelativeTime":"17 hours ago","stations":""},{"jobtitle":"Senior Scala Engineer, Sports Data","company":"MLB Advanced Media","city":"New York","state":"NY","country":"US","formattedLocation":"New York, NY","source":"MLB Advanced Media","date":"Mon, 13 Mar 2017 17:03:56 GMT","snippet":"Scala or <b>Java</b>. Scala, Akka, <b>Java</b> 8, Spring, Couchbase, DynamoDB, Kinesis, Lambda, and more. Participate in the full lifecycle of software development ...","url":"http://www.indeed.com/viewjob?jk=f367a00c479592d3&qd=usoBPHMd3vYN69bRu-PQwcxBheEzuNOj46oJk2PU6yPPaaBuvSwk2ub69Dxr0mQTERp4f6wFZAqzeyPK_mKiS6m1Aj3izkOw87NHJgxznYA&indpubnum=3338919744720141&atk=1bb51483taeshcnq","onmousedown":"indeed_clk(this,'12');","jobkey":"f367a00c479592d3","sponsored":false,"expired":false,"indeedApply":true,"formattedLocationFull":"New York, NY 10011","formattedRelativeTime":"6 hours ago","stations":""},{"jobtitle":"Software Development Engineer","company":"The Trade Desk","city":"New York","state":"NY","country":"US","formattedLocation":"New York, NY","source":"The Trade Desk","date":"Sun, 12 Mar 2017 06:53:17 GMT","snippet":"C#, <b>Java</b>, Python, Ruby, etc. We do a lot of development in C#/.NET, but specific experience here is not required. Raise your hand if you LOVE ads!...","url":"http://www.indeed.com/viewjob?jk=ccc6797f1c279fd7&qd=usoBPHMd3vYN69bRu-PQwcxBheEzuNOj46oJk2PU6yPPaaBuvSwk2ub69Dxr0mQTERp4f6wFZAqzeyPK_mKiS6m1Aj3izkOw87NHJgxznYA&indpubnum=3338919744720141&atk=1bb51483taeshcnq","onmousedown":"indeed_clk(this,'12');","jobkey":"ccc6797f1c279fd7","sponsored":false,"expired":false,"indeedApply":true,"formattedLocationFull":"New York, NY 10001","formattedRelativeTime":"1 day ago","stations":""},{"jobtitle":"Java Developer","company":"TEKSystems","city":"Charlotte","state":"NC","country":"US","formattedLocation":"Charlotte, NC","source":"TEKSystems","date":"Mon, 13 Mar 2017 17:03:56 GMT","snippet":"5+ years of Scala, <b>Java</b>, Python (or similar) programming. Familiar with functional programming style (Scala, <b>Java</b> 8 w/ lambda expressions, etc.)....","url":"http://www.indeed.com/viewjob?jk=05db27d643fb00d1&qd=usoBPHMd3vYN69bRu-PQwcxBheEzuNOj46oJk2PU6yPPaaBuvSwk2ub69Dxr0mQTERp4f6wFZAqzeyPK_mKiS6m1Aj3izkOw87NHJgxznYA&indpubnum=3338919744720141&atk=1bb51483taeshcnq","onmousedown":"indeed_clk(this,'12');","jobkey":"05db27d643fb00d1","sponsored":false,"expired":false,"indeedApply":false,"formattedLocationFull":"Charlotte, NC","formattedRelativeTime":"6 hours ago","stations":""}]}