{"version":2,"query":"java","location":"","paginationPayload":"","dupefilter":true,"highlight":true,"totalResults":1192,"start":526,"end":550,"pageNumber":21,"results":[{"jobtitle":"Mobile Engineer","company":"Binocular","city":"Austin","state":"TX","country":"US","formattedLocation":"Austin, TX","source":"Binocular","date":"Mon, 13 Mar 2017 10:55:16 GMT","snippet":"C++ , Swift, Objective C, OpenGL, <b>Java</b>. Familiarity with Android SDK, <b>Java</b> and Android IDEs including Android Studio or Eclipse....","url":"http://www.indeed.com/viewjob?jk=353ac5f2d856d008&qd=usoBPHMd3vYN69bRu-PQwcxBheEzuNOj46oJk2PU6yPPaaBuvSwk2ub69Dxr0mQTjPTrbQKUpbrpDEu0vxwq5Km1Aj3izkOw87NHJgxznYA&indpubnum=3338919744720141&atk=1bb514967af4jenc","onmousedown":"indeed_clk(this,'1109');","jobkey":"353ac5f2d856d008","sponsored":false,"expired":false,"indeedApply":true,"formattedLocationFull":"Austin, TX 78728","formattedRelativeTime":"12 hours ago","stations":""},{"jobtitle":"Back End Engineer","company":"LitBit, Co.","city":"San Jose","state":"CA","country":"US","formattedLocation":"San Jose, CA","source":"LitBit, Co.","date":"Mon, 13 Mar 2017 10:54:58 GMT","snippet":"Backend = Python, Scala / Akka, <b>Java</b>, C; You should have a passion for big data aggregation, analytics and mining, AI / machine learning, human+machine social...","url":"http://www.indeed.com/viewjob?jk=5cc64563125946d7&qd=usoBPHMd3vYN69bRu-PQwcxBheEzuNOj46oJk2PU6yPPaaBuvSwk2ub69Dxr0mQTjPTrbQKUpbrpDEu0vxwq5Km1Aj3izkOw87NHJgxznYA&indpubnum=3338919744720141&atk=1bb514967af4jenc","onmousedown":"indeed_clk(this,'1109');","jobkey":"5cc64563125946d7","sponsored":false,"expired":false,"indeedApply":true,"formattedLocationFull":"San Jose, CA","formattedRelativeTime":"12 hours ago","stations":""},{"jobtitle":"Senior Software Engineer, Innovation Studio","company":"UDig","city":"Richmond","state":"VA","country":"US","formattedLocation":"Richmond, VA","source":"UDig","date":"Mon, 13 Mar 2017 20:08:26 GMT","snippet":"<b>Java</b> Developer position include:. 5-7+ years of experience in Solution, Design and Development of applications using <b>Java</b>....","url":"http://www.indeed.com/viewjob?jk=e69e514c65bac1ec&qd=usoBPHMd3vYN69bRu-PQwcxBheEzuNOj46oJk2PU6yPPaaBuvSwk2ub69Dxr0mQTjPTrbQKUpbrpDEu0vxwq5Km1Aj3izkOw87NHJgxznYA&indpubnum=3338919744720141&atk=1bb514967af4jenc","onmousedown":"indeed_clk(this,'1109');","jobkey":"e69e514c65bac1ec","sponsored":false,"expired":false,"indeedApply":false,"formattedLocationFull":"Richmond, VA 23230","formattedRelativeTime":"3 hours ago","stations":""},{"jobtitle":"C# Engineer - Hedge Fund/ Trading Systems","company":"Triangle Workforce","city":"New York","state":"NY","country":"US","formattedLocation":"New York, NY","source":"Indeed","date":"Mon, 13 Mar 2017 12:25:40 GMT","snippet":"Experience with .NET framework (or <b>Java</b>) and involved technologies. Looking for a highly motivated software engineer to play a key role developing and...","url":"http://www.indeed.com/viewjob?jk=c6df108471707ea5&qd=usoBPHMd3vYN69bRu-PQwcxBheEzuNOj46oJk2PU6yPPaaBuvSwk2ub69Dxr0mQTjPTrbQKUpbrpDEu0vxwq5Km1Aj3izkOw87NHJgxznYA&indpubnum=3338919744720141&atk=1bb514967af4jenc","onmousedown":"indeed_clk(this,'1109');","jobkey":"c6df108471707ea5","sponsored":false,"expired":false,"indeedApply":true,"formattedLocationFull":"New York, NY","formattedRelativeTime":"11 hours ago","stations":""},{"jobtitle":"Senior Java Developer","company":"Ferguson Enterprises, Inc.","city":"Newport News","state":"VA","country":"US","formattedLocation":"Newport News, VA","source":"Ferguson Enterprises, Inc.","date":"Mon, 13 Mar 2017 18:34:13 GMT","snippet":"In Computer Science or related field and 6 years of experience in job offered or related position in <b>Java</b> development....","url":"http://www.indeed.com/viewjob?jk=fa876bdc65881094&qd=usoBPHMd3vYN69bRu-PQwcxBheEzuNOj46oJk2PU6yPPaaBuvSwk2ub69Dxr0mQTjPTrbQKUpbrpDEu0vxwq5Km1Aj3izkOw87NHJgxznYA&indpubnum=3338919744720141&atk=1bb514967af4jenc","onmousedown":"indeed_clk(this,'1109');","jobkey":"fa876bdc65881094","sponsored":false,"expired":false,"indeedApply":false,"formattedLocationFull":"Newport News, VA","formattedRelativeTime":"5 hours ago","stations":""},{"jobtitle":"Cobol Developer- Seattle Washington","company":"Protege","city":"Seattle","state":"WA","country":"US","formattedLocation":"Seattle, WA","source":"PROTEGE","date":"Mon, 13 Mar 2017 16:11:12 GMT","snippet":"RPG/Free Baby/36 Baby/400 Lattice RPG CPF SSP OS/400 IBM i OS/VS1 z/OS DOS/VSE VSE/SP VSE/ESA z/VSE VS/9 PRIMOS OpenVMS AI Linu RPG assembly language C C++...","url":"http://www.indeed.com/viewjob?jk=c985e507e0ae5636&qd=usoBPHMd3vYN69bRu-PQwcxBheEzuNOj46oJk2PU6yPPaaBuvSwk2ub69Dxr0mQTjPTrbQKUpbrpDEu0vxwq5Km1Aj3izkOw87NHJgxznYA&indpubnum=3338919744720141&atk=1bb514967af4jenc","onmousedown":"indeed_clk(this,'1109');","jobkey":"c985e507e0ae5636","sponsored":false,"expired":false,"indeedApply":true,"formattedLocationFull":"Seattle, WA 98109","formattedRelativeTime":"7 hours ago","stations":""},{"jobtitle":"University - 2017 Summer Intern - CMD","company":"Booz Allen Hamilton","city":"McLean","state":"VA","country":"US","formattedLocation":"McLean, VA","source":"Booz Allen Hamilton","date":"Mon, 13 Mar 2017 22:25:28 GMT","snippet":"Perform object–oriented software development in <b>Java</b>, C++, and C# and embedded software development in C and Assembly, including for wireless communications....","url":"http://www.indeed.com/viewjob?jk=692835017bbd06df&qd=usoBPHMd3vYN69bRu-PQwcxBheEzuNOj46oJk2PU6yPPaaBuvSwk2ub69Dxr0mQTjPTrbQKUpbrpDEu0vxwq5Km1Aj3izkOw87NHJgxznYA&indpubnum=3338919744720141&atk=1bb514967af4jenc","onmousedown":"indeed_clk(this,'1109');","jobkey":"692835017bbd06df","sponsored":false,"expired":false,"indeedApply":false,"formattedLocationFull":"McLean, VA","formattedRelativeTime":"1 hour ago","stations":""},{"jobtitle":"Windows and Unix Engineer","company":"Navitas","city":"Princeton","state":"NJ","country":"US","formattedLocation":"Princeton, NJ","source":"Indeed","date":"Mon, 13 Mar 2017 17:51:11 GMT","snippet":"Experience with at least one major programing language such as <b>Java</b>, C#, or .NET. Experience in requirement analysis and scalable enterprise architecture...","url":"http://www.indeed.com/viewjob?jk=4b226f496646f442&qd=usoBPHMd3vYN69bRu-PQwcxBheEzuNOj46oJk2PU6yPPaaBuvSwk2ub69Dxr0mQTjPTrbQKUpbrpDEu0vxwq5Km1Aj3izkOw87NHJgxznYA&indpubnum=3338919744720141&atk=1bb514967af4jenc","onmousedown":"indeed_clk(this,'1109');","jobkey":"4b226f496646f442","sponsored":false,"expired":false,"indeedApply":true,"formattedLocationFull":"Princeton, NJ","formattedRelativeTime":"5 hours ago","stations":""},{"jobtitle":"Software Engineer","company":"Galaxy Systems","city":"St. Louis","state":"MO","country":"US","formattedLocation":"St. Louis, MO","source":"Galaxy Systems","date":"Mon, 13 Mar 2017 18:14:43 GMT","snippet":"8 years of experience in core <b>Java</b>, SOA, Web services (REST and SOAP), Spring, Hibernate, Unix, JMS, MQ, Oracle and <b>Java</b> code quality tool set....","url":"http://www.indeed.com/viewjob?jk=a6d6c99771b6c2ae&qd=usoBPHMd3vYN69bRu-PQwcxBheEzuNOj46oJk2PU6yPPaaBuvSwk2ub69Dxr0mQTjPTrbQKUpbrpDEu0vxwq5Km1Aj3izkOw87NHJgxznYA&indpubnum=3338919744720141&atk=1bb514967af4jenc","onmousedown":"indeed_clk(this,'1109');","jobkey":"a6d6c99771b6c2ae","sponsored":false,"expired":false,"indeedApply":false,"formattedLocationFull":"St. Louis, MO","formattedRelativeTime":"5 hours ago","stations":""},{"jobtitle":"Senior Java Developer","company":"Knowledge Services","city":"Columbia","state":"SC","country":"US","formattedLocation":"Columbia, SC","source":"Knowledge Services","date":"Mon, 13 Mar 2017 21:53:00 GMT","snippet":"Use <b>Java</b> programming language and related software development technologies such as <b>Java</b> 2 Enterprise Edition (J2EE), JavaServer Pages (JSP)/Servlets, or...","url":"http://www.indeed.com/viewjob?jk=452c9f84a85827ce&qd=usoBPHMd3vYN69bRu-PQwcxBheEzuNOj46oJk2PU6yPPaaBuvSwk2ub69Dxr0mQTjPTrbQKUpbrpDEu0vxwq5Km1Aj3izkOw87NHJgxznYA&indpubnum=3338919744720141&atk=1bb514967af4jenc","onmousedown":"indeed_clk(this,'1109');","jobkey":"452c9f84a85827ce","sponsored":false,"expired":false,"indeedApply":false,"formattedLocationFull":"Columbia, SC","formattedRelativeTime":"1 hour ago","stations":""},{"jobtitle":"Software Development Engineer","company":"WDS Global Partners LLC","city":"Boston","state":"MA","country":"US","formattedLocation":"Boston, MA","source":"Indeed","date":"Mon, 13 Mar 2017 17:43:50 GMT","snippet":"Coding skill with <b>Java</b> or Python:. Expect Coding skills in C or C++ and <b>Java</b>, and C+*. Our client is hiring immediatly for a Sr....","url":"http://www.indeed.com/viewjob?jk=ca08533f1e68a3a7&qd=usoBPHMd3vYN69bRu-PQwcxBheEzuNOj46oJk2PU6yPPaaBuvSwk2ub69Dxr0mQTjPTrbQKUpbrpDEu0vxwq5Km1Aj3izkOw87NHJgxznYA&indpubnum=3338919744720141&atk=1bb514967af4jenc","onmousedown":"indeed_clk(this,'1109');","jobkey":"ca08533f1e68a3a7","sponsored":false,"expired":false,"indeedApply":true,"formattedLocationFull":"Boston, MA","formattedRelativeTime":"6 hours ago","stations":""},{"jobtitle":"Node.js Software Engineer","company":"StevenDouglas","city":"Boca Raton","state":"FL","country":"US","formattedLocation":"Boca Raton, FL","source":"Indeed","date":"Mon, 13 Mar 2017 15:36:49 GMT","snippet":"You use Node.js, or you are open to learning a new language and have extensive experience in server side programming languages such as Go, <b>Java</b>, Python, etc....","url":"http://www.indeed.com/viewjob?jk=fd448f2f626561c2&qd=usoBPHMd3vYN69bRu-PQwcxBheEzuNOj46oJk2PU6yPPaaBuvSwk2ub69Dxr0mQTjPTrbQKUpbrpDEu0vxwq5Km1Aj3izkOw87NHJgxznYA&indpubnum=3338919744720141&atk=1bb514967af4jenc","onmousedown":"indeed_clk(this,'1109');","jobkey":"fd448f2f626561c2","sponsored":false,"expired":false,"indeedApply":true,"formattedLocationFull":"Boca Raton, FL","formattedRelativeTime":"8 hours ago","stations":""},{"jobtitle":"Java engineer","company":"Trefis","city":"Boston","state":"MA","country":"US","formattedLocation":"Boston, MA","source":"Trefis","date":"Sun, 12 Mar 2017 07:07:05 GMT","snippet":"Advanced <b>Java</b> based application design and development. We are looking for <b>Java</b> craftsman, with whole stack experience, to play a key role on the core...","url":"http://www.indeed.com/viewjob?jk=fe547b2beeeda184&qd=usoBPHMd3vYN69bRu-PQwcxBheEzuNOj46oJk2PU6yPPaaBuvSwk2ub69Dxr0mQTjPTrbQKUpbrpDEu0vxwq5Km1Aj3izkOw87NHJgxznYA&indpubnum=3338919744720141&atk=1bb514967af4jenc","onmousedown":"indeed_clk(this,'1109');","jobkey":"fe547b2beeeda184","sponsored":false,"expired":false,"indeedApply":true,"formattedLocationFull":"Boston, MA","formattedRelativeTime":"1 day ago","stations":""},{"jobtitle":"Sr. Java/Spring Developer","company":"Mountain Limited","city":"Walnut Creek","state":"CA","country":"US","formattedLocation":"Walnut Creek, CA","source":"Indeed","date":"Mon, 13 Mar 2017 19:23:41 GMT","snippet":"Experience in implementing <b>Java</b> EE design patterns such as MVC, Singleton, Session Facade, DAO, DTO, and Business Delegate in the development of Multi-Tier...","url":"http://www.indeed.com/viewjob?jk=b4e50a60ec9703f1&qd=usoBPHMd3vYN69bRu-PQwcxBheEzuNOj46oJk2PU6yPPaaBuvSwk2ub69Dxr0mQTjPTrbQKUpbrpDEu0vxwq5Km1Aj3izkOw87NHJgxznYA&indpubnum=3338919744720141&atk=1bb514967af4jenc","onmousedown":"indeed_clk(this,'1109');","jobkey":"b4e50a60ec9703f1","sponsored":false,"expired":false,"indeedApply":true,"formattedLocationFull":"Walnut Creek, CA","formattedRelativeTime":"4 hours ago","stations":""},{"jobtitle":"Systems Engineer I","company":"Fahrenheit IT","city":"McLean","state":"VA","country":"US","formattedLocation":"McLean, VA","source":"Indeed","date":"Mon, 13 Mar 2017 14:27:33 GMT","snippet":"Node.js, <b>Java</b>, AngularJS, React, Python, REST, JSON, XML, Ruby, HTML / HTML5, CSS, NoSQL databases, relational databases, Hadoop, Chef, Maven, iOS, Android, and...","url":"http://www.indeed.com/viewjob?jk=a3bf91d35a2d78d9&qd=usoBPHMd3vYN69bRu-PQwcxBheEzuNOj46oJk2PU6yPPaaBuvSwk2ub69Dxr0mQTjPTrbQKUpbrpDEu0vxwq5Km1Aj3izkOw87NHJgxznYA&indpubnum=3338919744720141&atk=1bb514967af4jenc","onmousedown":"indeed_clk(this,'1109');","jobkey":"a3bf91d35a2d78d9","sponsored":false,"expired":false,"indeedApply":true,"formattedLocationFull":"McLean, VA","formattedRelativeTime":"9 hours ago","stations":""},{"jobtitle":"Data Processing Operations","company":"DeSanti","city":"Pasadena","state":"CA","country":"US","formattedLocation":"Pasadena, CA","source":"Indeed","date":"Mon, 13 Mar 2017 17:05:49 GMT","snippet":"<b>JAVA</b>, C, C++, etc). The Data Processing Operations position will support the combined needs of multiple NASA Earth Science Data Missions....","url":"http://www.indeed.com/viewjob?jk=6e4746bfa86c6191&qd=usoBPHMd3vYN69bRu-PQwcxBheEzuNOj46oJk2PU6yPPaaBuvSwk2ub69Dxr0mQTjPTrbQKUpbrpDEu0vxwq5Km1Aj3izkOw87NHJgxznYA&indpubnum=3338919744720141&atk=1bb514967af4jenc","onmousedown":"indeed_clk(this,'1109');","jobkey":"6e4746bfa86c6191","sponsored":false,"expired":false,"indeedApply":true,"formattedLocationFull":"Pasadena, CA","formattedRelativeTime":"6 hours ago","stations":""},{"jobtitle":"Customer Data Engineer","company":"ObjectRocket","city":"Austin","state":"TX","country":"US","formattedLocation":"Austin, TX","source":"Indeed","date":"Mon, 13 Mar 2017 16:17:37 GMT","snippet":"Overview & Responsibilities We own the entire stack (hardware and software) so that means you’ll need to find and resolve issues at all levels. To do this...","url":"http://www.indeed.com/viewjob?jk=23766c962d6bec6b&qd=usoBPHMd3vYN69bRu-PQwcxBheEzuNOj46oJk2PU6yPPaaBuvSwk2ub69Dxr0mQTjPTrbQKUpbrpDEu0vxwq5Km1Aj3izkOw87NHJgxznYA&indpubnum=3338919744720141&atk=1bb514967af4jenc","onmousedown":"indeed_clk(this,'1109');","jobkey":"23766c962d6bec6b","sponsored":false,"expired":false,"indeedApply":true,"formattedLocationFull":"Austin, TX 78701","formattedRelativeTime":"7 hours ago","stations":""},{"jobtitle":"Sr. Java Developers (Local Only)","company":"Teema Group","city":"Mountain View","state":"CA","country":"US","formattedLocation":"Mountain View, CA","source":"Indeed","date":"Sun, 12 Mar 2017 18:34:37 GMT","snippet":"5+ years’ experience developing with <b>JAVA</b> based enterprise solutions. Strong server side <b>JAVA</b> development experience....","url":"http://www.indeed.com/viewjob?jk=142d3750d5d98cbf&qd=usoBPHMd3vYN69bRu-PQwcxBheEzuNOj46oJk2PU6yPPaaBuvSwk2ub69Dxr0mQTjPTrbQKUpbrpDEu0vxwq5Km1Aj3izkOw87NHJgxznYA&indpubnum=3338919744720141&atk=1bb514967af4jenc","onmousedown":"indeed_clk(this,'1109');","jobkey":"142d3750d5d98cbf","sponsored":false,"expired":false,"indeedApply":true,"formattedLocationFull":"Mountain View, CA","formattedRelativeTime":"1 day ago","stations":""},{"jobtitle":"Data Scientist, Expert","company":"Cognitio Corp","city":"Annapolis Junction","state":"MD","country":"US","formattedLocation":"Annapolis Junction, MD","source":"Indeed","date":"Mon, 13 Mar 2017 13:30:43 GMT","snippet":"We know the strengths and weaknesses of the full stack of technology, from the devices all citizens now use on a daily basis to the most advanced cloud...","url":"http://www.indeed.com/viewjob?jk=85794be5e6f4d7c2&qd=usoBPHMd3vYN69bRu-PQwcxBheEzuNOj46oJk2PU6yPPaaBuvSwk2ub69Dxr0mQTjPTrbQKUpbrpDEu0vxwq5Km1Aj3izkOw87NHJgxznYA&indpubnum=3338919744720141&atk=1bb514967af4jenc","onmousedown":"indeed_clk(this,'1109');","jobkey":"85794be5e6f4d7c2","sponsored":false,"expired":false,"indeedApply":true,"formattedLocationFull":"Annapolis Junction, MD","formattedRelativeTime":"10 hours ago","stations":""},{"jobtitle":"Software Developer","company":"TAD PGS, Inc","city":"Albuquerque","state":"NM","country":"US","formattedLocation":"Albuquerque, NM","source":"Tad PGS, Inc","date":"Mon, 13 Mar 2017 18:37:06 GMT","snippet":"Knowledge of programming languages such as C++, <b>Java</b>, Python, PHP, and RUBY. Minimum of 5 years of experience programming in Ruby, PHP, C++, <b>Java</b> and Python....","url":"http://www.indeed.com/viewjob?jk=40abfb6f3b71fd5d&qd=usoBPHMd3vYN69bRu-PQwcxBheEzuNOj46oJk2PU6yPPaaBuvSwk2ub69Dxr0mQTjPTrbQKUpbrpDEu0vxwq5Km1Aj3izkOw87NHJgxznYA&indpubnum=3338919744720141&atk=1bb514967af4jenc","onmousedown":"indeed_clk(this,'1109');","jobkey":"40abfb6f3b71fd5d","sponsored":false,"expired":false,"indeedApply":false,"formattedLocationFull":"Albuquerque, NM","formattedRelativeTime":"5 hours ago","stations":""},{"jobtitle":"Data Engineer","company":"TicketNetwork, Inc.","city":"South Windsor","state":"CT","country":"US","formattedLocation":"South Windsor, CT","source":"TicketNetwork, Inc.","date":"Sun, 12 Mar 2017 07:08:32 GMT","snippet":"Strong programming skills in languages such as Scala, Python and <b>Java</b>. 2 years of professional programming experience in language such as Scala, Python or <b>Java</b>....","url":"http://www.indeed.com/viewjob?jk=ae0ec5b58f96d7d0&qd=usoBPHMd3vYN69bRu-PQwcxBheEzuNOj46oJk2PU6yPPaaBuvSwk2ub69Dxr0mQTjPTrbQKUpbrpDEu0vxwq5Km1Aj3izkOw87NHJgxznYA&indpubnum=3338919744720141&atk=1bb514967af4jenc","onmousedown":"indeed_clk(this,'1109');","jobkey":"ae0ec5b58f96d7d0","sponsored":false,"expired":false,"indeedApply":false,"formattedLocationFull":"South Windsor, CT","formattedRelativeTime":"1 day ago","stations":""},{"jobtitle":"Java UI Developer - Entry","company":"Unisys","city":"Alexandria","state":"VA","country":"US","formattedLocation":"Alexandria, VA","source":"Unisys","date":"Sun, 12 Mar 2017 15:24:23 GMT","snippet":"Demonstrated expertise with <b>Java</b>, <b>Java</b> Frameworks (JSF, SpringMVC, etc.), Object-Oriented Design, and <b>Java</b> Application Servers such as WebLogic or WebSphere,...","url":"http://www.indeed.com/viewjob?jk=0c2b95e3ab2d026c&qd=usoBPHMd3vYN69bRu-PQwcxBheEzuNOj46oJk2PU6yPPaaBuvSwk2ub69Dxr0mQTjPTrbQKUpbrpDEu0vxwq5Km1Aj3izkOw87NHJgxznYA&indpubnum=3338919744720141&atk=1bb514967af4jenc","onmousedown":"indeed_clk(this,'1109');","jobkey":"0c2b95e3ab2d026c","sponsored":false,"expired":false,"indeedApply":false,"formattedLocationFull":"Alexandria, VA 22314","formattedRelativeTime":"1 day ago","stations":""},{"jobtitle":"Application Development Coordinator","company":"Duck Creek Technologies","city":"Murray Hill","state":"NJ","country":"US","formattedLocation":"Murray Hill, NJ","source":"Duck Creek Technologies","date":"Mon, 13 Mar 2017 19:25:46 GMT","snippet":"Object-oriented programming (C#, C++, <b>Java</b>), Services Oriented Architecture, Data structures, designing and building server-side web applications....","url":"http://www.indeed.com/viewjob?jk=d809bea515c4c1fc&qd=usoBPHMd3vYN69bRu-PQwcxBheEzuNOj46oJk2PU6yPPaaBuvSwk2ub69Dxr0mQTjPTrbQKUpbrpDEu0vxwq5Km1Aj3izkOw87NHJgxznYA&indpubnum=3338919744720141&atk=1bb514967af4jenc","onmousedown":"indeed_clk(this,'1109');","jobkey":"d809bea515c4c1fc","sponsored":false,"expired":false,"indeedApply":false,"formattedLocationFull":"Murray Hill, NJ","formattedRelativeTime":"4 hours ago","stations":""},{"jobtitle":"Ad Traffic Coordinator","company":"NFL - National Football League","city":"Culver City","state":"CA","country":"US","formattedLocation":"Culver City, CA","source":"National Football League","date":"Mon, 13 Mar 2017 18:24:18 GMT","snippet":"Understanding of HTML and DFP ad tagging required, CSS, Flash and <b>Java</b> a plus. The NFL is looking for a highly motivated Ad Traffic Coordinator for a 6-month...","url":"http://www.indeed.com/viewjob?jk=368d02af43ad2a0e&qd=usoBPHMd3vYN69bRu-PQwcxBheEzuNOj46oJk2PU6yPPaaBuvSwk2ub69Dxr0mQTjPTrbQKUpbrpDEu0vxwq5Km1Aj3izkOw87NHJgxznYA&indpubnum=3338919744720141&atk=1bb514967af4jenc","onmousedown":"indeed_clk(this,'1109');","jobkey":"368d02af43ad2a0e","sponsored":false,"expired":false,"indeedApply":false,"formattedLocationFull":"Culver City, CA 90232","formattedRelativeTime":"5 hours ago","stations":""},{"jobtitle":"Security software engineer","company":"Phalita.com","city":"Santa Clara","state":"CA","country":"US","formattedLocation":"Santa Clara, CA","source":"Indeed","date":"Mon, 13 Mar 2017 19:00:50 GMT","snippet":"<b>Java</b> or C# and .Net development:. Phalita.com is actively looking for contractors with experience working as cloud developers and extensive security domain...","url":"http://www.indeed.com/viewjob?jk=ffc037f74097b65e&qd=usoBPHMd3vYN69bRu-PQwcxBheEzuNOj46oJk2PU6yPPaaBuvSwk2ub69Dxr0mQTjPTrbQKUpbrpDEu0vxwq5Km1Aj3izkOw87NHJgxznYA&indpubnum=3338919744720141&atk=1bb514967af4jenc","onmousedown":"indeed_clk(this,'1109');","jobkey":"ffc037f74097b65e","sponsored":false,"expired":false,"indeedApply":true,"formattedLocationFull":"Santa Clara, CA","formattedRelativeTime":"4 hours ago","stations":""}]}