{"version":2,"query":"java","location":"","paginationPayload":"","dupefilter":true,"highlight":true,"totalResults":1192,"start":976,"end":1000,"pageNumber":39,"results":[{"jobtitle":"Web Development Architect - VP","company":"JPMorgan Chase","city":"Houston","state":"TX","country":"US","formattedLocation":"Houston, TX","source":"JPMorgan Chase","date":"Mon, 13 Mar 2017 22:34:40 GMT","snippet":"Hands-on experience architecting and developing large scale <b>Java</b> based applications comprising web/desktop/office plugin &amp; services leveraging....","url":"http://www.indeed.com/viewjob?jk=5cc6dd0885b79752&qd=usoBPHMd3vYN69bRu-PQwcxBheEzuNOj46oJk2PU6yPPaaBuvSwk2ub69Dxr0mQTERp4f6wFZAqzeyPK_mKiS6m1Aj3izkOw87NHJgxznYA&indpubnum=3338919744720141&atk=1bb5148hd183a5g2","onmousedown":"indeed_clk(this,'444');","jobkey":"5cc6dd0885b79752","sponsored":false,"expired":false,"indeedApply":false,"formattedLocationFull":"Houston, TX","formattedRelativeTime":"1 hour ago","stations":""},{"jobtitle":"Sr. Hadoop Data Engineer","company":"JSP Recruitment Services","city":"St. Louis","state":"MO","country":"US","formattedLocation":"St. Louis, MO","source":"Indeed","date":"Mon, 13 Mar 2017 18:14:42 GMT","snippet":"*POSITON SUMMARY* We are looking for an experienced Big Data Engineer that will work on the collecting, storing, processing, and analyzing of huge sets of","url":"http://www.indeed.com/viewjob?jk=73f972707931f195&qd=usoBPHMd3vYN69bRu-PQwcxBheEzuNOj46oJk2PU6yPPaaBuvSwk2ub69Dxr0mQTERp4f6wFZAqzeyPK_mKiS6m1Aj3izkOw87NHJgxznYA&indpubnum=3338919744720141&atk=1bb5148hd183a5g2","onmousedown":"indeed_clk(this,'444');","jobkey":"73f972707931f195","sponsored":false,"expired":false,"indeedApply":true,"formattedLocationFull":"St. Louis, MO","formattedRelativeTime":"5 hours ago","stations":""},{"jobtitle":"Technical Analyst","company":"Southeastern Data Cooperative, Inc.","city":"Atlanta","state":"GA","country":"US","formattedLocation":"Atlanta, GA","source":"Monster","date":"Mon, 13 Mar 2017 03:59:10 GMT","snippet":"TECHNICAL ANALYST to create data structure &amp; algorithmic logic for financial software applications using SAS, MATLAB, Oracle SQL Developer, C++, C#, SQL, PL/SQL...","url":"http://www.indeed.com/viewjob?jk=9f0034c6e0f4fa9a&qd=usoBPHMd3vYN69bRu-PQwcxBheEzuNOj46oJk2PU6yPPaaBuvSwk2ub69Dxr0mQTERp4f6wFZAqzeyPK_mKiS6m1Aj3izkOw87NHJgxznYA&indpubnum=3338919744720141&atk=1bb5148hd183a5g2","onmousedown":"indeed_clk(this,'444');","jobkey":"9f0034c6e0f4fa9a","sponsored":false,"expired":false,"indeedApply":false,"formattedLocationFull":"Atlanta, GA 30338","formattedRelativeTime":"19 hours ago","stations":""},{"jobtitle":"Senior Tax Content Analyst with programming","company":"Intuit","city":"San Diego","state":"CA","country":"US","formattedLocation":"San Diego, CA","source":"Intuit","date":"Mon, 13 Mar 2017 10:16:39 GMT","snippet":"Working knowledge of Object Oriented programming languages – <b>Java</b>, C++, C#, Python—Preferred. Come join Intuit as a Tax Content Analyst for Software Development...","url":"http://www.indeed.com/viewjob?jk=0b8903f12b0a0ff8&qd=usoBPHMd3vYN69bRu-PQwcxBheEzuNOj46oJk2PU6yPPaaBuvSwk2ub69Dxr0mQTERp4f6wFZAqzeyPK_mKiS6m1Aj3izkOw87NHJgxznYA&indpubnum=3338919744720141&atk=1bb5148hd183a5g2","onmousedown":"indeed_clk(this,'444');","jobkey":"0b8903f12b0a0ff8","sponsored":false,"expired":false,"indeedApply":false,"formattedLocationFull":"San Diego, CA 92129","formattedRelativeTime":"13 hours ago","stations":""},{"jobtitle":"Software Tester","company":"Unisys","city":"Washington","state":"DC","country":"US","formattedLocation":"Washington, DC","source":"Unisys","date":"Mon, 13 Mar 2017 05:24:22 GMT","snippet":"The project team supports/develops <b>JAVA</b> based applications along with .NET and MQ messaging. And modernize their enterprise applications....","url":"http://www.indeed.com/viewjob?jk=f60327976c132628&qd=usoBPHMd3vYN69bRu-PQwcxBheEzuNOj46oJk2PU6yPPaaBuvSwk2ub69Dxr0mQTERp4f6wFZAqzeyPK_mKiS6m1Aj3izkOw87NHJgxznYA&indpubnum=3338919744720141&atk=1bb5148hd183a5g2","onmousedown":"indeed_clk(this,'444');","jobkey":"f60327976c132628","sponsored":false,"expired":false,"indeedApply":false,"formattedLocationFull":"Washington, DC 20036","formattedRelativeTime":"18 hours ago","stations":""},{"jobtitle":"Java Architect (Full Time Position) (USC or GC)","company":"Systems Software Solutions Inc.","city":"Riverwoods","state":"IL","country":"US","formattedLocation":"Riverwoods, IL","source":"Indeed","date":"Mon, 13 Mar 2017 21:54:27 GMT","snippet":"Must have hands on experience in development and architecting in <b>Java</b>, Spring/Spring Boot, JDBC, Any caching solution. Type of Hire*....","url":"http://www.indeed.com/viewjob?jk=bcfacb4715883279&qd=usoBPHMd3vYN69bRu-PQwcxBheEzuNOj46oJk2PU6yPPaaBuvSwk2ub69Dxr0mQTERp4f6wFZAqzeyPK_mKiS6m1Aj3izkOw87NHJgxznYA&indpubnum=3338919744720141&atk=1bb5148hd183a5g2","onmousedown":"indeed_clk(this,'444');","jobkey":"bcfacb4715883279","sponsored":false,"expired":false,"indeedApply":true,"formattedLocationFull":"Riverwoods, IL","formattedRelativeTime":"1 hour ago","stations":""},{"jobtitle":"Software Developer - Clearance","company":"Volt Workforce Solutions","city":"Colorado Springs","state":"CO","country":"US","formattedLocation":"Colorado Springs, CO","source":"Volt Workforce Solutions","date":"Mon, 13 Mar 2017 22:50:48 GMT","snippet":"Recent development experiences in C++, OOD, OOP, XML, UML, <b>JAVA</b>. Are you adept with C++, OOD, OOP, XML, UML, and/or <b>JAVA</b>?...","url":"http://www.indeed.com/viewjob?jk=7fa9bd16fa76dbdd&qd=usoBPHMd3vYN69bRu-PQwcxBheEzuNOj46oJk2PU6yPPaaBuvSwk2ub69Dxr0mQTERp4f6wFZAqzeyPK_mKiS6m1Aj3izkOw87NHJgxznYA&indpubnum=3338919744720141&atk=1bb5148hd183a5g2","onmousedown":"indeed_clk(this,'444');","jobkey":"7fa9bd16fa76dbdd","sponsored":false,"expired":false,"indeedApply":false,"formattedLocationFull":"Colorado Springs, CO","formattedRelativeTime":"57 minutes ago","stations":""},{"jobtitle":"Domain Architect","company":"Belcan TechServices","city":"Maryland Heights","state":"MO","country":"US","formattedLocation":"Maryland Heights, MO","source":"Belcan TechServices","date":"Mon, 13 Mar 2017 22:29:17 GMT","snippet":"Four years of experience in <b>Java</b> technology stack. A Domain Architect job in St....","url":"http://www.indeed.com/viewjob?jk=07345d6d698d8a60&qd=usoBPHMd3vYN69bRu-PQwcxBheEzuNOj46oJk2PU6yPPaaBuvSwk2ub69Dxr0mQTERp4f6wFZAqzeyPK_mKiS6m1Aj3izkOw87NHJgxznYA&indpubnum=3338919744720141&atk=1bb5148hd183a5g2","onmousedown":"indeed_clk(this,'444');","jobkey":"07345d6d698d8a60","sponsored":false,"expired":false,"indeedApply":false,"formattedLocationFull":"Maryland Heights, MO","formattedRelativeTime":"1 hour ago","stations":""},{"jobtitle":"Security Architect","company":"iT People Corporation","city":"Chicago","state":"IL","country":"US","formattedLocation":"Chicago, IL","source":"Indeed","date":"Mon, 13 Mar 2017 14:32:13 GMT","snippet":"Good knowledge on Web Applications developed in <b>Java</b>, .NET, and ColdFusion. Previous Recent experience in a Security Remediation solution/SME role including:....","url":"http://www.indeed.com/viewjob?jk=a7c896dcc671e229&qd=usoBPHMd3vYN69bRu-PQwcxBheEzuNOj46oJk2PU6yPPaaBuvSwk2ub69Dxr0mQTERp4f6wFZAqzeyPK_mKiS6m1Aj3izkOw87NHJgxznYA&indpubnum=3338919744720141&atk=1bb5148hd183a5g2","onmousedown":"indeed_clk(this,'444');","jobkey":"a7c896dcc671e229","sponsored":false,"expired":false,"indeedApply":true,"formattedLocationFull":"Chicago, IL","formattedRelativeTime":"9 hours ago","stations":""},{"jobtitle":"Principal Java Data Engineer","company":"Resource Technology Partners","city":"Waltham","state":"MA","country":"US","formattedLocation":"Waltham, MA","source":"ReSource Technology Partners","date":"Mon, 13 Mar 2017 05:34:16 GMT","snippet":"Strong <b>Java</b> and data skills are needed. My client has built a very complex, read time data intensive platform....","url":"http://www.indeed.com/viewjob?jk=0b7f0692d9ffcae9&qd=usoBPHMd3vYN69bRu-PQwcxBheEzuNOj46oJk2PU6yPPaaBuvSwk2ub69Dxr0mQTERp4f6wFZAqzeyPK_mKiS6m1Aj3izkOw87NHJgxznYA&indpubnum=3338919744720141&atk=1bb5148hd183a5g2","onmousedown":"indeed_clk(this,'444');","jobkey":"0b7f0692d9ffcae9","sponsored":false,"expired":false,"indeedApply":false,"formattedLocationFull":"Waltham, MA","formattedRelativeTime":"18 hours ago","stations":""},{"jobtitle":"Senior Oracle SOA Developer","company":"Sherwin-Williams","city":"Cleveland","state":"OH","country":"US","formattedLocation":"Cleveland, OH","source":"Sherwin-Williams","date":"Mon, 13 Mar 2017 21:42:51 GMT","snippet":"Building <b>Java</b> applications and system integrations; Integration with an Enterprise Service Bus; Summary of Duties:....","url":"http://www.indeed.com/viewjob?jk=93b6f5a8d1ff55b0&qd=usoBPHMd3vYN69bRu-PQwcxBheEzuNOj46oJk2PU6yPPaaBuvSwk2ub69Dxr0mQTERp4f6wFZAqzeyPK_mKiS6m1Aj3izkOw87NHJgxznYA&indpubnum=3338919744720141&atk=1bb5148hd183a5g2","onmousedown":"indeed_clk(this,'444');","jobkey":"93b6f5a8d1ff55b0","sponsored":false,"expired":false,"indeedApply":false,"formattedLocationFull":"Cleveland, OH","formattedRelativeTime":"2 hours ago","stations":""},{"jobtitle":"Windows System Administrator - 3 Month Contract","company":"Jobspring Partners","city":"Palo Alto","state":"CA","country":"US","formattedLocation":"Palo Alto, CA","source":"Jobspring Partners","date":"Mon, 13 Mar 2017 20:23:41 GMT","snippet":"Our client, a leading provider of IT professionals in the Bay Area located in Palo Alto is looking for a Windows Systems Administrator to add to their growing","url":"http://www.indeed.com/viewjob?jk=470a1f47655896c0&qd=usoBPHMd3vYN69bRu-PQwcxBheEzuNOj46oJk2PU6yPPaaBuvSwk2ub69Dxr0mQTERp4f6wFZAqzeyPK_mKiS6m1Aj3izkOw87NHJgxznYA&indpubnum=3338919744720141&atk=1bb5148hd183a5g2","onmousedown":"indeed_clk(this,'444');","jobkey":"470a1f47655896c0","sponsored":false,"expired":false,"indeedApply":true,"formattedLocationFull":"Palo Alto, CA","formattedRelativeTime":"3 hours ago","stations":""},{"jobtitle":"Data Scientist","company":"Thomson Reuters","city":"McLean","state":"VA","country":"US","formattedLocation":"McLean, VA","source":"Thomson Reuters","date":"Sun, 12 Mar 2017 10:20:08 GMT","snippet":"Job Description Description Thomson Reuters Special Services, LLC delivers a comprehensive suite of solutions designed to help customers achieve mission","url":"http://www.indeed.com/viewjob?jk=9078443dd47d0360&qd=usoBPHMd3vYN69bRu-PQwcxBheEzuNOj46oJk2PU6yPPaaBuvSwk2ub69Dxr0mQTERp4f6wFZAqzeyPK_mKiS6m1Aj3izkOw87NHJgxznYA&indpubnum=3338919744720141&atk=1bb5148hd183a5g2","onmousedown":"indeed_clk(this,'444');","jobkey":"9078443dd47d0360","sponsored":false,"expired":false,"indeedApply":false,"formattedLocationFull":"McLean, VA 22108","formattedRelativeTime":"1 day ago","stations":""},{"jobtitle":"Software Tester","company":"ENSCO, Inc.","city":"Melbourne","state":"FL","country":"US","formattedLocation":"Melbourne, FL","source":"ENSCO, Inc.","date":"Mon, 13 Mar 2017 21:44:13 GMT","snippet":"<b>Java</b>, Web Applications. Is seeking a Software Tester to perform formal software testing activities for complex software applications....","url":"http://www.indeed.com/viewjob?jk=ecd7866644a61bd1&qd=usoBPHMd3vYN69bRu-PQwcxBheEzuNOj46oJk2PU6yPPaaBuvSwk2ub69Dxr0mQTERp4f6wFZAqzeyPK_mKiS6m1Aj3izkOw87NHJgxznYA&indpubnum=3338919744720141&atk=1bb5148hd183a5g2","onmousedown":"indeed_clk(this,'444');","jobkey":"ecd7866644a61bd1","sponsored":false,"expired":false,"indeedApply":false,"formattedLocationFull":"Melbourne, FL 32940","formattedRelativeTime":"2 hours ago","stations":""},{"jobtitle":"Sr Android Engineer (4784)","company":"Evo Solutions","city":"Portland","state":"OR","country":"US","formattedLocation":"Portland, OR","source":"Evo Solutions","date":"Mon, 13 Mar 2017 22:16:19 GMT","snippet":"3 years as a senior or lead engineer, including technical mentoring of other team members Fluent in <b>Java</b> and related frameworks....","url":"http://www.indeed.com/viewjob?jk=28bd7639ced9e335&qd=usoBPHMd3vYN69bRu-PQwcxBheEzuNOj46oJk2PU6yPPaaBuvSwk2ub69Dxr0mQTERp4f6wFZAqzeyPK_mKiS6m1Aj3izkOw87NHJgxznYA&indpubnum=3338919744720141&atk=1bb5148hd183a5g2","onmousedown":"indeed_clk(this,'444');","jobkey":"28bd7639ced9e335","sponsored":false,"expired":false,"indeedApply":false,"formattedLocationFull":"Portland, OR 97225","formattedRelativeTime":"1 hour ago","stations":""},{"jobtitle":"Principal Software Engineering Manager","company":"Microsoft","city":"Redmond","state":"WA","country":"US","formattedLocation":"Redmond, WA","source":"Microsoft","date":"Sun, 12 Mar 2017 08:04:53 GMT","snippet":"Familiarity working with Open Source technologies (Linux, <b>Java</b>, GIT..). We are looking for an experienced engineering manager to lead the HDInsight Cluster...","url":"http://www.indeed.com/viewjob?jk=76d47ee5952ce80d&qd=usoBPHMd3vYN69bRu-PQwcxBheEzuNOj46oJk2PU6yPPaaBuvSwk2ub69Dxr0mQTERp4f6wFZAqzeyPK_mKiS6m1Aj3izkOw87NHJgxznYA&indpubnum=3338919744720141&atk=1bb5148hd183a5g2","onmousedown":"indeed_clk(this,'444');","jobkey":"76d47ee5952ce80d","sponsored":false,"expired":false,"indeedApply":false,"formattedLocationFull":"Redmond, WA 98052","formattedRelativeTime":"1 day ago","stations":""},{"jobtitle":"Pega Developer","company":"ennVee TechnoGroup Inc.","city":"Chicago","state":"IL","country":"US","formattedLocation":"Chicago, IL","source":"Indeed","date":"Mon, 13 Mar 2017 18:28:35 GMT","snippet":"5+ years of Experience in programming languages specifically using either .NET or <b>Java</b> and relational database technologies like SQL Server or Oracle....","url":"http://www.indeed.com/viewjob?jk=18293467bef3412a&qd=usoBPHMd3vYN69bRu-PQwcxBheEzuNOj46oJk2PU6yPPaaBuvSwk2ub69Dxr0mQTERp4f6wFZAqzeyPK_mKiS6m1Aj3izkOw87NHJgxznYA&indpubnum=3338919744720141&atk=1bb5148hd183a5g2","onmousedown":"indeed_clk(this,'444');","jobkey":"18293467bef3412a","sponsored":false,"expired":false,"indeedApply":true,"formattedLocationFull":"Chicago, IL","formattedRelativeTime":"5 hours ago","stations":""},{"jobtitle":"Database Developer","company":"TekPartners, A P2P Staffing Company","city":"Orlando","state":"FL","country":"US","formattedLocation":"Orlando, FL","source":"TekPartners","date":"Mon, 13 Mar 2017 23:25:58 GMT","snippet":"We are a premier provider of highly qualified IT talent, Workforce Solutions and Business Intelligence Solutions to many enterprise organizations across the...","url":"http://www.indeed.com/viewjob?jk=df20c53729a9d1a6&qd=usoBPHMd3vYN69bRu-PQwcxBheEzuNOj46oJk2PU6yPPaaBuvSwk2ub69Dxr0mQTERp4f6wFZAqzeyPK_mKiS6m1Aj3izkOw87NHJgxznYA&indpubnum=3338919744720141&atk=1bb5148hd183a5g2","onmousedown":"indeed_clk(this,'444');","jobkey":"df20c53729a9d1a6","sponsored":false,"expired":false,"indeedApply":false,"formattedLocationFull":"Orlando, FL","formattedRelativeTime":"21 minutes ago","stations":""},{"jobtitle":"Need Senior Software Engineer @ Reston, VA","company":"Quantuminfotech","city":"Reston","state":"VA","country":"US","formattedLocation":"Reston, VA","source":"Indeed","date":"Mon, 13 Mar 2017 17:39:28 GMT","snippet":"Advanced knowledge of <b>JAVA</b>, web application development and design patterns. I am *Ranga*....","url":"http://www.indeed.com/viewjob?jk=d4601741a6492afd&qd=usoBPHMd3vYN69bRu-PQwcxBheEzuNOj46oJk2PU6yPPaaBuvSwk2ub69Dxr0mQTERp4f6wFZAqzeyPK_mKiS6m1Aj3izkOw87NHJgxznYA&indpubnum=3338919744720141&atk=1bb5148hd183a5g2","onmousedown":"indeed_clk(this,'444');","jobkey":"d4601741a6492afd","sponsored":false,"expired":false,"indeedApply":true,"formattedLocationFull":"Reston, VA","formattedRelativeTime":"6 hours ago","stations":""},{"jobtitle":"HP PPM Developer","company":"ConsultUSA","city":"Jersey City","state":"NJ","country":"US","formattedLocation":"Jersey City, NJ","source":"ConsultUSA","date":"Mon, 13 Mar 2017 23:13:07 GMT","snippet":"Our Client is seeking a HP PPM Developer in the Jersey City, PA area. The successful candidate will be responsible for the design, development, coding, testing","url":"http://www.indeed.com/viewjob?jk=5b47512fcabe72ed&qd=usoBPHMd3vYN69bRu-PQwcxBheEzuNOj46oJk2PU6yPPaaBuvSwk2ub69Dxr0mQTERp4f6wFZAqzeyPK_mKiS6m1Aj3izkOw87NHJgxznYA&indpubnum=3338919744720141&atk=1bb5148hd183a5g2","onmousedown":"indeed_clk(this,'444');","jobkey":"5b47512fcabe72ed","sponsored":false,"expired":false,"indeedApply":false,"formattedLocationFull":"Jersey City, NJ","formattedRelativeTime":"34 minutes ago","stations":""},{"jobtitle":"APPLICATION DOMAIN ARCHITECT - GUIDEWIRE - 17201669","company":"CTG","city":"Madison","state":"WI","country":"US","formattedLocation":"Madison, WI","source":"CTG","date":"Mon, 13 Mar 2017 21:49:20 GMT","snippet":"Strong Solution Architect/Guidewire <b>Java</b>. Of 5 yrs in distributed, web-based Enterprise <b>Java</b> architecture including at....","url":"http://www.indeed.com/viewjob?jk=841d2a6fd34c3fc8&qd=usoBPHMd3vYN69bRu-PQwcxBheEzuNOj46oJk2PU6yPPaaBuvSwk2ub69Dxr0mQTERp4f6wFZAqzeyPK_mKiS6m1Aj3izkOw87NHJgxznYA&indpubnum=3338919744720141&atk=1bb5148hd183a5g2","onmousedown":"indeed_clk(this,'444');","jobkey":"841d2a6fd34c3fc8","sponsored":false,"expired":false,"indeedApply":false,"formattedLocationFull":"Madison, WI","formattedRelativeTime":"1 hour ago","stations":""},{"jobtitle":"DevOps Engineer","company":"Bartech Group","city":"Temple Terrace","state":"FL","country":"US","formattedLocation":"Temple Terrace, FL","source":"Bartech Group","date":"Mon, 13 Mar 2017 23:27:43 GMT","snippet":"DEVOPS, <b>JAVA</b>, SECURITY GOVERNANCE. Knowledge of micro-service development using <b>Java</b>, Golang and Node.js....","url":"http://www.indeed.com/viewjob?jk=5ab1ca30a1bd2cad&qd=usoBPHMd3vYN69bRu-PQwcxBheEzuNOj46oJk2PU6yPPaaBuvSwk2ub69Dxr0mQTERp4f6wFZAqzeyPK_mKiS6m1Aj3izkOw87NHJgxznYA&indpubnum=3338919744720141&atk=1bb5148hd183a5g2","onmousedown":"indeed_clk(this,'444');","jobkey":"5ab1ca30a1bd2cad","sponsored":false,"expired":false,"indeedApply":false,"formattedLocationFull":"Temple Terrace, FL","formattedRelativeTime":"20 minutes ago","stations":""},{"jobtitle":"Data Scientist (Java or Python)","company":"Workbridge Associates","city":"San Francisco","state":"CA","country":"US","formattedLocation":"San Francisco, CA","source":"Workbridge Associates","date":"Mon, 13 Mar 2017 20:23:47 GMT","snippet":"Coding expertise in <b>Java</b>, Python or Scala. A leading San Francisco consumer is looking to bring on a Data Scientist to their Human Computation team....","url":"http://www.indeed.com/viewjob?jk=0fc904c47528073e&qd=usoBPHMd3vYN69bRu-PQwcxBheEzuNOj46oJk2PU6yPPaaBuvSwk2ub69Dxr0mQTERp4f6wFZAqzeyPK_mKiS6m1Aj3izkOw87NHJgxznYA&indpubnum=3338919744720141&atk=1bb5148hd183a5g2","onmousedown":"indeed_clk(this,'444');","jobkey":"0fc904c47528073e","sponsored":false,"expired":false,"indeedApply":true,"formattedLocationFull":"San Francisco, CA 94105","formattedRelativeTime":"3 hours ago","stations":""},{"jobtitle":"Software Engineer - Storage Management C++","company":"Teradata","city":"San Diego","state":"CA","country":"US","formattedLocation":"San Diego, CA","source":"Teradata","date":"Mon, 13 Mar 2017 18:47:47 GMT","snippet":"In addition, knowledge of computer networks and storage arrays, Linux operating systems, scripting (Python and bash), C, C++, and <b>Java</b> is a plus....","url":"http://www.indeed.com/viewjob?jk=72e893c3fcedc9d3&qd=usoBPHMd3vYN69bRu-PQwcxBheEzuNOj46oJk2PU6yPPaaBuvSwk2ub69Dxr0mQTERp4f6wFZAqzeyPK_mKiS6m1Aj3izkOw87NHJgxznYA&indpubnum=3338919744720141&atk=1bb5148hd183a5g2","onmousedown":"indeed_clk(this,'444');","jobkey":"72e893c3fcedc9d3","sponsored":false,"expired":false,"indeedApply":false,"formattedLocationFull":"San Diego, CA","formattedRelativeTime":"5 hours ago","stations":""},{"jobtitle":"Build and Release / DevOps Engineer (W2 Only)","company":"TEKSystems","city":"East Hanover","state":"NJ","country":"US","formattedLocation":"East Hanover, NJ","source":"TEKSystems","date":"Mon, 13 Mar 2017 17:04:30 GMT","snippet":"Strong <b>Java</b>, Linux, Mac, scripting, networking, and database skills. Strong Knowledge of deploying enterprise applications on-premises and in the cloud....","url":"http://www.indeed.com/viewjob?jk=ed464cc807676db0&qd=usoBPHMd3vYN69bRu-PQwcxBheEzuNOj46oJk2PU6yPPaaBuvSwk2ub69Dxr0mQTERp4f6wFZAqzeyPK_mKiS6m1Aj3izkOw87NHJgxznYA&indpubnum=3338919744720141&atk=1bb5148hd183a5g2","onmousedown":"indeed_clk(this,'444');","jobkey":"ed464cc807676db0","sponsored":false,"expired":false,"indeedApply":false,"formattedLocationFull":"East Hanover, NJ","formattedRelativeTime":"6 hours ago","stations":""}]}