{"version":2,"query":"java","location":"","paginationPayload":"","dupefilter":true,"highlight":true,"totalResults":1192,"start":726,"end":750,"pageNumber":29,"results":[{"jobtitle":"Technology Analyst","company":"Arc Aspicio","city":"Washington","state":"DC","country":"US","formattedLocation":"Washington, DC","source":"Arc Aspicio","date":"Mon, 13 Mar 2017 20:34:41 GMT","snippet":"Strong technical ability, with interest in learning xlm, <b>java</b>, and other leading technologies. Arc Aspicio is a strategy, management, and technology consulting...","url":"http://www.indeed.com/viewjob?jk=cbfdf92ae76e99af&qd=usoBPHMd3vYN69bRu-PQwcxBheEzuNOj46oJk2PU6yPPaaBuvSwk2ub69Dxr0mQTERp4f6wFZAqzeyPK_mKiS6m1Aj3izkOw87NHJgxznYA&indpubnum=3338919744720141&atk=1bb5148ig1a2v48u","onmousedown":"indeed_clk(this,'477');","jobkey":"cbfdf92ae76e99af","sponsored":false,"expired":false,"indeedApply":false,"formattedLocationFull":"Washington, DC","formattedRelativeTime":"3 hours ago","stations":""},{"jobtitle":"Manager, Systems Architect","company":"ROWAN COMPANIES","city":"Houston","state":"TX","country":"US","formattedLocation":"Houston, TX","source":"ROWAN COMPANIES","date":"Mon, 13 Mar 2017 03:18:25 GMT","snippet":"Proficient with MS SQL, .NET, <b>Java</b>, SharePoint and Power BI integration. The Manager, Systems Architect is responsible for system architecture, development,...","url":"http://www.indeed.com/viewjob?jk=3de799f847b1ffc6&qd=usoBPHMd3vYN69bRu-PQwcxBheEzuNOj46oJk2PU6yPPaaBuvSwk2ub69Dxr0mQTERp4f6wFZAqzeyPK_mKiS6m1Aj3izkOw87NHJgxznYA&indpubnum=3338919744720141&atk=1bb5148ig1a2v48u","onmousedown":"indeed_clk(this,'477');","jobkey":"3de799f847b1ffc6","sponsored":false,"expired":false,"indeedApply":false,"formattedLocationFull":"Houston, TX 77060","formattedRelativeTime":"20 hours ago","stations":""},{"jobtitle":"Principal Applications Engineer","company":"IDeaS","city":"Bloomington","state":"MN","country":"US","formattedLocation":"Bloomington, MN","source":"IDeas","date":"Sun, 12 Mar 2017 07:31:01 GMT","snippet":"Software development skills with languages and tools such as <b>Java</b>, groovy, grails, SAS, C/C++, svn, git, ant, maven, gradle, JMS, LDAP, SSO, Jenkins, junit, TDD...","url":"http://www.indeed.com/viewjob?jk=a4915292578a2370&qd=usoBPHMd3vYN69bRu-PQwcxBheEzuNOj46oJk2PU6yPPaaBuvSwk2ub69Dxr0mQTERp4f6wFZAqzeyPK_mKiS6m1Aj3izkOw87NHJgxznYA&indpubnum=3338919744720141&atk=1bb5148ig1a2v48u","onmousedown":"indeed_clk(this,'477');","jobkey":"a4915292578a2370","sponsored":false,"expired":false,"indeedApply":false,"formattedLocationFull":"Bloomington, MN","formattedRelativeTime":"1 day ago","stations":""},{"jobtitle":"Data Science Intern (Cleveland, OH)","company":"Dealer Tire","city":"Cleveland","state":"OH","country":"US","formattedLocation":"Cleveland, OH","source":"Dealer Tire","date":"Mon, 13 Mar 2017 14:37:15 GMT","snippet":"Experience using SQL, R, Python, <b>Java</b>, VB, D3 or similar languages. Dealer Tire is an international tire, maintenance, and light-repair product distributor that...","url":"http://www.indeed.com/viewjob?jk=f234d89fe4bdc8a5&qd=usoBPHMd3vYN69bRu-PQwcxBheEzuNOj46oJk2PU6yPPaaBuvSwk2ub69Dxr0mQTERp4f6wFZAqzeyPK_mKiS6m1Aj3izkOw87NHJgxznYA&indpubnum=3338919744720141&atk=1bb5148ig1a2v48u","onmousedown":"indeed_clk(this,'477');","jobkey":"f234d89fe4bdc8a5","sponsored":false,"expired":false,"indeedApply":false,"formattedLocationFull":"Cleveland, OH 44114","formattedRelativeTime":"9 hours ago","stations":""},{"jobtitle":"Technical Specialist Software Engineer","company":"Chicago Mercantile Exchange Inc.","city":"Chicago","state":"IL","country":"US","formattedLocation":"Chicago, IL","source":"CME Group","date":"Mon, 13 Mar 2017 18:35:24 GMT","snippet":"Extensive experience with <b>Java</b> and Linux is required. The Technical Specialist Software Engineering independently engineers secure, scalable and reliable...","url":"http://www.indeed.com/viewjob?jk=e8a0949f130d6dfe&qd=usoBPHMd3vYN69bRu-PQwcxBheEzuNOj46oJk2PU6yPPaaBuvSwk2ub69Dxr0mQTERp4f6wFZAqzeyPK_mKiS6m1Aj3izkOw87NHJgxznYA&indpubnum=3338919744720141&atk=1bb5148ig1a2v48u","onmousedown":"indeed_clk(this,'477');","jobkey":"e8a0949f130d6dfe","sponsored":false,"expired":false,"indeedApply":false,"formattedLocationFull":"Chicago, IL","formattedRelativeTime":"5 hours ago","stations":""},{"jobtitle":"Full Stack Developer - Theme Park - Multiple Positions","company":"TEKSystems","city":"Orlando","state":"FL","country":"US","formattedLocation":"Orlando, FL","source":"TEKSystems","date":"Mon, 13 Mar 2017 17:03:42 GMT","snippet":"Ideal candidates will have experience with any of the following technologies - Javascript, <b>Java</b>, Angular, NodeJS, PHP....","url":"http://www.indeed.com/viewjob?jk=83fb0f93d279b5db&qd=usoBPHMd3vYN69bRu-PQwcxBheEzuNOj46oJk2PU6yPPaaBuvSwk2ub69Dxr0mQTERp4f6wFZAqzeyPK_mKiS6m1Aj3izkOw87NHJgxznYA&indpubnum=3338919744720141&atk=1bb5148ig1a2v48u","onmousedown":"indeed_clk(this,'477');","jobkey":"83fb0f93d279b5db","sponsored":false,"expired":false,"indeedApply":false,"formattedLocationFull":"Orlando, FL","formattedRelativeTime":"6 hours ago","stations":""},{"jobtitle":"Senior QA Automation Framework Engineer","company":"Boston Technology Corporation","city":"Boston","state":"MA","country":"US","formattedLocation":"Boston, MA","source":"Indeed","date":"Mon, 13 Mar 2017 20:46:47 GMT","snippet":"<b>Java</b> or Python or Groovy:. Development languages like Python, Ruby, Groovy, <b>Java</b>, JavaScript, Jquery. Senior Automation Engineer/Principal automation engineer*....","url":"http://www.indeed.com/viewjob?jk=c65489624c2b26e9&qd=usoBPHMd3vYN69bRu-PQwcxBheEzuNOj46oJk2PU6yPPaaBuvSwk2ub69Dxr0mQTERp4f6wFZAqzeyPK_mKiS6m1Aj3izkOw87NHJgxznYA&indpubnum=3338919744720141&atk=1bb5148ig1a2v48u","onmousedown":"indeed_clk(this,'477');","jobkey":"c65489624c2b26e9","sponsored":false,"expired":false,"indeedApply":true,"formattedLocationFull":"Boston, MA","formattedRelativeTime":"3 hours ago","stations":""},{"jobtitle":"QA with Python Scripting","company":"IT America","city":"Sunnyvale","state":"CA","country":"US","formattedLocation":"Sunnyvale, CA","source":"Indeed","date":"Mon, 13 Mar 2017 20:35:09 GMT","snippet":"Languages - C, C++, <b>Java</b>, C#, SQL, PL/SQL, Python, <b>Java</b> Script. We are urgently looking for a strong QA resource with extensive Python scripting experience with...","url":"http://www.indeed.com/viewjob?jk=f0022198c053f3bb&qd=usoBPHMd3vYN69bRu-PQwcxBheEzuNOj46oJk2PU6yPPaaBuvSwk2ub69Dxr0mQTERp4f6wFZAqzeyPK_mKiS6m1Aj3izkOw87NHJgxznYA&indpubnum=3338919744720141&atk=1bb5148ig1a2v48u","onmousedown":"indeed_clk(this,'477');","jobkey":"f0022198c053f3bb","sponsored":false,"expired":false,"indeedApply":true,"formattedLocationFull":"Sunnyvale, CA","formattedRelativeTime":"3 hours ago","stations":""},{"jobtitle":"Plaza Java Attendant","company":"Intercontinental | Greenwood Hospitality Group","city":"Saint Paul","state":"MN","country":"US","formattedLocation":"Saint Paul, MN","source":"Intercontinental","date":"Mon, 13 Mar 2017 21:56:33 GMT","snippet":"Plaza <b>Java</b> Attendant is responsible for greeting and serving guests beverages and/or food. Incumbent is also responsible for an efficient operation of the...","url":"http://www.indeed.com/viewjob?jk=0cbedba90592e641&qd=usoBPHMd3vYN69bRu-PQwcxBheEzuNOj46oJk2PU6yPPaaBuvSwk2ub69Dxr0mQTERp4f6wFZAqzeyPK_mKiS6m1Aj3izkOw87NHJgxznYA&indpubnum=3338919744720141&atk=1bb5148ig1a2v48u","onmousedown":"indeed_clk(this,'477');","jobkey":"0cbedba90592e641","sponsored":false,"expired":false,"indeedApply":false,"formattedLocationFull":"Saint Paul, MN 55101","formattedRelativeTime":"1 hour ago","stations":""},{"jobtitle":"Sr. Java Engineer (Full Stack)","company":"Serverlogic","city":"Portland","state":"OR","country":"US","formattedLocation":"Portland, OR","source":"ServerLogic","date":"Mon, 13 Mar 2017 08:21:13 GMT","snippet":"Experience preferred in <b>Java</b> and JavaScript. Looking for strong <b>Java</b> Engineer with REST APIs, 80% backend 20% front end, any exp with React will be a HUGE plus...","url":"http://www.indeed.com/viewjob?jk=79aff8fc5894efe9&qd=usoBPHMd3vYN69bRu-PQwcxBheEzuNOj46oJk2PU6yPPaaBuvSwk2ub69Dxr0mQTERp4f6wFZAqzeyPK_mKiS6m1Aj3izkOw87NHJgxznYA&indpubnum=3338919744720141&atk=1bb5148ig1a2v48u","onmousedown":"indeed_clk(this,'477');","jobkey":"79aff8fc5894efe9","sponsored":false,"expired":false,"indeedApply":true,"formattedLocationFull":"Portland, OR 97209","formattedRelativeTime":"15 hours ago","stations":""},{"jobtitle":"QA Analyst 2-ProdDev","company":"Oracle","city":"Redwood Shores","state":"CA","country":"US","formattedLocation":"Redwood Shores, CA","source":"Oracle","date":"Sun, 12 Mar 2017 16:24:18 GMT","snippet":"Proficient in Core <b>JAVA</b> programming &amp; Automation framework is must. Design continuing maintenance of product quality....","url":"http://www.indeed.com/viewjob?jk=e4c99a652b2ccf3a&qd=usoBPHMd3vYN69bRu-PQwcxBheEzuNOj46oJk2PU6yPPaaBuvSwk2ub69Dxr0mQTERp4f6wFZAqzeyPK_mKiS6m1Aj3izkOw87NHJgxznYA&indpubnum=3338919744720141&atk=1bb5148ig1a2v48u","onmousedown":"indeed_clk(this,'477');","jobkey":"e4c99a652b2ccf3a","sponsored":false,"expired":false,"indeedApply":false,"formattedLocationFull":"Redwood Shores, CA","formattedRelativeTime":"1 day ago","stations":""},{"jobtitle":"Java Engineer","company":"ConsultUSA","city":"Pittsburgh","state":"PA","country":"US","formattedLocation":"Pittsburgh, PA","source":"ConsultUSA","date":"Mon, 13 Mar 2017 23:13:41 GMT","snippet":"Strong <b>Java</b>, Database, and Design skills. Our Client is seeking a <b>Java</b> Engineer in the Pittsburgh, PA area....","url":"http://www.indeed.com/viewjob?jk=3616fbc55601ce12&qd=usoBPHMd3vYN69bRu-PQwcxBheEzuNOj46oJk2PU6yPPaaBuvSwk2ub69Dxr0mQTERp4f6wFZAqzeyPK_mKiS6m1Aj3izkOw87NHJgxznYA&indpubnum=3338919744720141&atk=1bb5148ig1a2v48u","onmousedown":"indeed_clk(this,'477');","jobkey":"3616fbc55601ce12","sponsored":false,"expired":false,"indeedApply":false,"formattedLocationFull":"Pittsburgh, PA 15238","formattedRelativeTime":"34 minutes ago","stations":""},{"jobtitle":"AD Scrum Master, Associate","company":"JPMorgan Chase - Asset Management","city":"Jersey City","state":"NJ","country":"US","formattedLocation":"Jersey City, NJ","source":"JPMorgan Chase - Asset Management","date":"Mon, 13 Mar 2017 22:16:41 GMT","snippet":"SQL, UNIX, Citrix, <b>Java</b>, Websphere, Perl (expertise or good knowledge). About JPMorgan Chase....","url":"http://www.indeed.com/viewjob?jk=d672bb09396442b4&qd=usoBPHMd3vYN69bRu-PQwcxBheEzuNOj46oJk2PU6yPPaaBuvSwk2ub69Dxr0mQTERp4f6wFZAqzeyPK_mKiS6m1Aj3izkOw87NHJgxznYA&indpubnum=3338919744720141&atk=1bb5148ig1a2v48u","onmousedown":"indeed_clk(this,'477');","jobkey":"d672bb09396442b4","sponsored":false,"expired":false,"indeedApply":false,"formattedLocationFull":"Jersey City, NJ","formattedRelativeTime":"1 hour ago","stations":""},{"jobtitle":"Java Manager","company":"The STEM Consultants","city":"Fremont","state":"MI","country":"US","formattedLocation":"Fremont, MI","source":"The STEM Consultants","date":"Mon, 13 Mar 2017 10:58:37 GMT","snippet":"<b>Java</b> Manager will manage multiple LARGE complex projects in assigned department. In order to be successful in this role, this professional MUST have technical...","url":"http://www.indeed.com/viewjob?jk=04d95c47a96cbec6&qd=usoBPHMd3vYN69bRu-PQwcxBheEzuNOj46oJk2PU6yPPaaBuvSwk2ub69Dxr0mQTERp4f6wFZAqzeyPK_mKiS6m1Aj3izkOw87NHJgxznYA&indpubnum=3338919744720141&atk=1bb5148ig1a2v48u","onmousedown":"indeed_clk(this,'477');","jobkey":"04d95c47a96cbec6","sponsored":false,"expired":false,"indeedApply":false,"formattedLocationFull":"Fremont, MI","formattedRelativeTime":"12 hours ago","stations":""},{"jobtitle":"Data Engineer","company":"Quora","city":"Mountain View","state":"CA","country":"US","formattedLocation":"Mountain View, CA","source":"Quora","date":"Mon, 13 Mar 2017 08:46:19 GMT","snippet":"2+ years of engineering experience developing in Python and/or <b>Java</b>. Quora is a data-driven company with a wide range of rich data....","url":"http://www.indeed.com/viewjob?jk=5e72b52ed646988f&qd=usoBPHMd3vYN69bRu-PQwcxBheEzuNOj46oJk2PU6yPPaaBuvSwk2ub69Dxr0mQTERp4f6wFZAqzeyPK_mKiS6m1Aj3izkOw87NHJgxznYA&indpubnum=3338919744720141&atk=1bb5148ig1a2v48u","onmousedown":"indeed_clk(this,'477');","jobkey":"5e72b52ed646988f","sponsored":false,"expired":false,"indeedApply":false,"formattedLocationFull":"Mountain View, CA","formattedRelativeTime":"15 hours ago","stations":""},{"jobtitle":"Salesforce Project Manager","company":"Sunnova Energy Corporation","city":"Houston","state":"TX","country":"US","formattedLocation":"Houston, TX","source":"Sunnova Energy Corporation","date":"Sun, 12 Mar 2017 11:10:03 GMT","snippet":"2+ years of object-oriented programming experience using <b>Java</b> and/or C#. The primary role of the Salesforce Project Manager is to provide tactical management,...","url":"http://www.indeed.com/viewjob?jk=e4b7029d9a8308bd&qd=usoBPHMd3vYN69bRu-PQwcxBheEzuNOj46oJk2PU6yPPaaBuvSwk2ub69Dxr0mQTERp4f6wFZAqzeyPK_mKiS6m1Aj3izkOw87NHJgxznYA&indpubnum=3338919744720141&atk=1bb5148ig1a2v48u","onmousedown":"indeed_clk(this,'477');","jobkey":"e4b7029d9a8308bd","sponsored":false,"expired":false,"indeedApply":false,"formattedLocationFull":"Houston, TX 77046","formattedRelativeTime":"1 day ago","stations":""},{"jobtitle":"Machine Learning Data Scientist","company":"Hoodline","city":"San Francisco","state":"CA","country":"US","formattedLocation":"San Francisco, CA","source":"Hoodline","date":"Mon, 13 Mar 2017 08:11:54 GMT","snippet":"Strong software engineering skills and substantial expertise in Python, R, C/C++ or <b>Java</b>. Use your Machine Learning skills to help people understand what’s...","url":"http://www.indeed.com/viewjob?jk=0dc8fe99524d9a0b&qd=usoBPHMd3vYN69bRu-PQwcxBheEzuNOj46oJk2PU6yPPaaBuvSwk2ub69Dxr0mQTERp4f6wFZAqzeyPK_mKiS6m1Aj3izkOw87NHJgxznYA&indpubnum=3338919744720141&atk=1bb5148ig1a2v48u","onmousedown":"indeed_clk(this,'477');","jobkey":"0dc8fe99524d9a0b","sponsored":false,"expired":false,"indeedApply":true,"formattedLocationFull":"San Francisco, CA","formattedRelativeTime":"15 hours ago","stations":""},{"jobtitle":"Senior Software Engineer","company":"Talkdesk","city":"San Francisco","state":"CA","country":"US","formattedLocation":"San Francisco, CA","source":"Talkdesk","date":"Mon, 13 Mar 2017 16:31:31 GMT","snippet":"Experience in other languages (Scala, Erlang, <b>Java</b>, Python, etc.). Collaborate with experienced software engineers in the design, development and maintenance...","url":"http://www.indeed.com/viewjob?jk=28cbc50286e8aff5&qd=usoBPHMd3vYN69bRu-PQwcxBheEzuNOj46oJk2PU6yPPaaBuvSwk2ub69Dxr0mQTERp4f6wFZAqzeyPK_mKiS6m1Aj3izkOw87NHJgxznYA&indpubnum=3338919744720141&atk=1bb5148ig1a2v48u","onmousedown":"indeed_clk(this,'477');","jobkey":"28cbc50286e8aff5","sponsored":false,"expired":false,"indeedApply":false,"formattedLocationFull":"San Francisco, CA","formattedRelativeTime":"7 hours ago","stations":""},{"jobtitle":"Web Developer","company":"Cynergies Consulting","city":"Tallmadge","state":"OH","country":"US","formattedLocation":"Tallmadge, OH","source":"Cynergies Consulting","date":"Mon, 13 Mar 2017 05:55:10 GMT","snippet":"<b>Java</b> Script, ODBC, ADO.Net, SQL, HTML, Cascading Style Sheets ( CSS), XML, and current internet browsers such as Internet Explorer and FireFox Experience....","url":"http://www.indeed.com/viewjob?jk=6fe430f12200bafb&qd=usoBPHMd3vYN69bRu-PQwcxBheEzuNOj46oJk2PU6yPPaaBuvSwk2ub69Dxr0mQTERp4f6wFZAqzeyPK_mKiS6m1Aj3izkOw87NHJgxznYA&indpubnum=3338919744720141&atk=1bb5148ig1a2v48u","onmousedown":"indeed_clk(this,'477');","jobkey":"6fe430f12200bafb","sponsored":false,"expired":false,"indeedApply":false,"formattedLocationFull":"Tallmadge, OH","formattedRelativeTime":"17 hours ago","stations":""},{"jobtitle":"Data Scientist - REMOTE","company":"PTP","city":"Gold River","state":"CA","country":"US","formattedLocation":"Gold River, CA","source":"PTP","date":"Sun, 12 Mar 2017 08:12:32 GMT","snippet":"Strong programming skills in C/C++ or <b>Java</b>. We are a growing company with a solid customer base, excellent compensation and benefits, and a collaborative yet...","url":"http://www.indeed.com/viewjob?jk=5a09d750f99bd6dd&qd=usoBPHMd3vYN69bRu-PQwcxBheEzuNOj46oJk2PU6yPPaaBuvSwk2ub69Dxr0mQTERp4f6wFZAqzeyPK_mKiS6m1Aj3izkOw87NHJgxznYA&indpubnum=3338919744720141&atk=1bb5148ig1a2v48u","onmousedown":"indeed_clk(this,'477');","jobkey":"5a09d750f99bd6dd","sponsored":false,"expired":false,"indeedApply":true,"formattedLocationFull":"Gold River, CA","formattedRelativeTime":"1 day ago","stations":""},{"jobtitle":"Data Engineer","company":"Globant","city":"Glendale","state":"CA","country":"US","formattedLocation":"Glendale, CA","source":"Globant","date":"Sun, 12 Mar 2017 08:13:00 GMT","snippet":"As a Data Analytics Engineer, you will be working with the latest Data Analytics, <b>Java</b>, Spark. Our passion for technology reverberates in every area of our...","url":"http://www.indeed.com/viewjob?jk=7aa6601994eb012d&qd=usoBPHMd3vYN69bRu-PQwcxBheEzuNOj46oJk2PU6yPPaaBuvSwk2ub69Dxr0mQTERp4f6wFZAqzeyPK_mKiS6m1Aj3izkOw87NHJgxznYA&indpubnum=3338919744720141&atk=1bb5148ig1a2v48u","onmousedown":"indeed_clk(this,'477');","jobkey":"7aa6601994eb012d","sponsored":false,"expired":false,"indeedApply":true,"formattedLocationFull":"Glendale, CA","formattedRelativeTime":"1 day ago","stations":""},{"jobtitle":"Mobile App Developer","company":"IMD Logic, LLC","city":"Washington","state":"DC","country":"US","formattedLocation":"Washington, DC","source":"Indeed","date":"Mon, 13 Mar 2017 19:34:17 GMT","snippet":"Candidate must be experienced with writing and consuming REST Web Services using <b>Java</b> or .NET Framework. _Mobile Application Developer_....","url":"http://www.indeed.com/viewjob?jk=87c96cb33fddd32f&qd=usoBPHMd3vYN69bRu-PQwcxBheEzuNOj46oJk2PU6yPPaaBuvSwk2ub69Dxr0mQTERp4f6wFZAqzeyPK_mKiS6m1Aj3izkOw87NHJgxznYA&indpubnum=3338919744720141&atk=1bb5148ig1a2v48u","onmousedown":"indeed_clk(this,'477');","jobkey":"87c96cb33fddd32f","sponsored":false,"expired":false,"indeedApply":true,"formattedLocationFull":"Washington, DC","formattedRelativeTime":"4 hours ago","stations":""},{"jobtitle":"Mobile Developer - iOS","company":"Brightwing","city":"Auburn Hills","state":"MI","country":"US","formattedLocation":"Auburn Hills, MI","source":"Indeed","date":"Mon, 13 Mar 2017 18:29:00 GMT","snippet":"Experience in Python, <b>Java</b> or others a huge plus. The Senior Mobile Engineer will be the development lead with responsibility to deliver working software at the...","url":"http://www.indeed.com/viewjob?jk=4af6dbc141ba9fd6&qd=usoBPHMd3vYN69bRu-PQwcxBheEzuNOj46oJk2PU6yPPaaBuvSwk2ub69Dxr0mQTERp4f6wFZAqzeyPK_mKiS6m1Aj3izkOw87NHJgxznYA&indpubnum=3338919744720141&atk=1bb5148ig1a2v48u","onmousedown":"indeed_clk(this,'477');","jobkey":"4af6dbc141ba9fd6","sponsored":false,"expired":false,"indeedApply":true,"formattedLocationFull":"Auburn Hills, MI 48326","formattedRelativeTime":"5 hours ago","stations":""},{"jobtitle":"AS/400 Developer with Mobile Experience","company":"Talentry, LLC","city":"Huntington Beach","state":"CA","country":"US","formattedLocation":"Huntington Beach, CA","source":"Indeed","date":"Mon, 13 Mar 2017 16:50:49 GMT","snippet":"IBM Power Systems, IBM i Development (RPGLE, <b>Java</b>). Build something great with us....","url":"http://www.indeed.com/viewjob?jk=8682655d99bfd0e5&qd=usoBPHMd3vYN69bRu-PQwcxBheEzuNOj46oJk2PU6yPPaaBuvSwk2ub69Dxr0mQTERp4f6wFZAqzeyPK_mKiS6m1Aj3izkOw87NHJgxznYA&indpubnum=3338919744720141&atk=1bb5148ig1a2v48u","onmousedown":"indeed_clk(this,'477');","jobkey":"8682655d99bfd0e5","sponsored":false,"expired":false,"indeedApply":true,"formattedLocationFull":"Huntington Beach, CA","formattedRelativeTime":"6 hours ago","stations":""},{"jobtitle":"Mobile App/Web Developer","company":"Perma-Bound Books","city":"Jacksonville","state":"IL","country":"US","formattedLocation":"Jacksonville, IL","source":"Indeed","date":"Mon, 13 Mar 2017 16:22:14 GMT","snippet":"Strengths with REST and JSON, third party libraries and APIs, and familiarity with other languages e.g. <b>Java</b> are important. Strong coding ability:....","url":"http://www.indeed.com/viewjob?jk=9d56ec98ac58cfa1&qd=usoBPHMd3vYN69bRu-PQwcxBheEzuNOj46oJk2PU6yPPaaBuvSwk2ub69Dxr0mQTERp4f6wFZAqzeyPK_mKiS6m1Aj3izkOw87NHJgxznYA&indpubnum=3338919744720141&atk=1bb5148ig1a2v48u","onmousedown":"indeed_clk(this,'477');","jobkey":"9d56ec98ac58cfa1","sponsored":false,"expired":false,"indeedApply":true,"formattedLocationFull":"Jacksonville, IL","formattedRelativeTime":"7 hours ago","stations":""}]}